HIP,Vmag,RAdeg,DEdeg,pmRA,pmDE,Plx,BTmag,VTmag
3093,5.88,9.84206107,21.2513739,-461.07,-370.88,90.03,,
97819,6.5,298.16297117,-54.97645289,6.3,3.72,11.83,6.576,6.452
90969,6.31,278.34616671,-38.7200027,10.02,-12.51,6.67,6.24,6.271
14315,6.05,46.15854814,1.8636056,26.17,-0.68,9.65,7.387,6.161
14135,2.54,45.56991279,4.08992539,-11.81,-78.76,14.82,4.688,2.736
14143,5.62,45.59378383,4.35287042,16.7,5.64,7.32,5.488,5.597
14915,5.55,48.10987466,6.66088598,-8.09,-1.26,4.18,6.861,5.682
13756,6.15,44.26901296,4.50097062,20.77,24.44,5.86,8.292,6.378
12862,6.04,41.3369401,4.71173043,69.35,-41.63,19.5,6.41,6.075
14104,6.24,45.46782491,5.3361036,43.23,19.71,6.62,7.59,6.368
13679,5.97,44.05720205,8.38177807,69.83,-88.32,22.46,6.535,6.021
13954,4.71,44.92873469,8.90740111,9.22,-14.92,7.69,4.569,4.69
15900,3.61,51.20349011,9.02906504,-74.25,-80.31,15.42,4.743,3.711
16511,5.76,53.14970799,9.37355768,32.55,-49.15,9.18,5.67,5.743
16083,3.73,51.79217049,9.7327724,53.61,-38.12,14.68,3.645,3.72
14607,6.28,47.16163978,8.4708913,-3.4,73.32,6.97,7.629,6.393
14764,5.97,47.6615639,11.87269252,30.74,-26.98,6.24,5.89,5.959
16322,5.14,52.60198294,11.33648129,-11.71,-16.08,7.82,5.089,5.122
16095,6.29,51.82779564,12.73530724,11.44,-7.54,9.58,6.255,6.286
15850,6.03,51.04214254,12.62964221,25.97,-21.32,7.06,7.586,6.18
12093,4.87,38.9687042,5.59330163,-28.89,-22.76,8.77,5.982,4.971
12447,6.26,40.06526184,6.11195277,51.42,-3.79,25.24,6.73,6.302
12114,5.79,39.01596864,6.88336423,1806.27,1442.5,138.72,,
12022,6.17,38.76724805,7.47129568,-9.73,-124.49,8.51,7.523,6.288
12272,6.4,39.50292393,7.6953766,87.68,-41.53,12.11,6.909,6.432
12148,5.81,39.14626535,7.73007761,-56.19,-21.21,11.18,7.134,5.928
12828,4.27,41.23488901,10.11421979,285.17,-30.4,38.71,4.641,4.306
11484,4.3,37.03965786,8.4600887,41.72,-14.46,18.53,4.232,4.273
11603,6.09,37.39732674,9.56562436,-2.17,2.01,11.4,7.433,6.208
11427,6.45,36.84818295,10.19881767,-294.97,-202.12,27.5,6.978,6.506
11249,5.48,36.20435282,10.61059804,19.63,-13.6,5.41,5.343,5.462
12647,6.32,40.62062504,10.74178145,-24.27,-23.37,7.66,6.378,6.321
12832,5.17,41.23961417,12.44596709,124.1,-84.8,26.15,5.461,5.215
12153,5.64,39.1572862,12.44784628,279.53,-85.4,28.4,6.248,5.705
14036,5.93,45.18372171,10.87047197,81.25,-34.38,7.39,8.052,6.133
14821,6.11,47.84136712,13.04780325,-15.66,17.08,9.47,7.45,6.226
14439,5.64,46.59869819,13.18740263,-3.31,-62.68,10.21,7.043,5.763
12803,5.78,41.13737997,15.31189952,4.29,-15.63,6.76,5.744,5.773
13327,5.52,42.87319979,15.08212726,31.26,-23.29,6.8,5.389,5.504
14318,6.37,46.16938282,15.85624608,-11.92,-91.94,5.17,,7.184
13448,6.3,43.29856682,16.48361261,64.47,-62.97,9.27,6.835,6.349
13702,5.58,44.10825985,18.02365076,281.23,-218.84,28.24,6.123,5.635
13654,5.76,43.9520949,18.33167607,-8.08,-14.91,8.08,7.411,5.932
17771,5.08,57.06771677,11.14336637,28.25,-29.82,5.77,4.923,5.06
18033,6.3,57.81607255,13.0461317,20.62,-22.18,7.36,6.213,6.286
16369,4.14,52.71819576,12.93668186,18.94,-1.55,9.05,5.565,4.253
16924,6.4,54.44924357,15.43062339,22.43,-29.51,13.52,6.628,6.427
18170,5.97,58.29149356,17.32715595,143.97,-29.93,24.14,6.37,6.002
17058,6.18,54.8571986,16.53676604,40.42,-33.28,8.09,7.418,6.284
19261,6.02,61.92460942,15.16284328,127.06,-22.75,21.27,6.447,6.009
19641,6.09,63.13051946,17.27750726,49.14,-19.59,11.42,7.468,6.205
18717,6.31,60.15369368,17.29673453,2.57,-30.81,3.53,6.379,6.317
19284,5.89,61.99754752,17.33992101,7.66,-10.06,9.46,7.854,6.062
20255,6.11,65.10431578,18.74272543,119.59,-48.17,21.12,6.555,6.142
20614,5.97,66.23774871,19.0420923,110.73,-32.5,20.4,6.428,6.014
20889,3.53,67.15388879,19.18052092,107.23,-36.77,21.04,4.834,3.647
19388,5.51,62.29125233,19.60929366,107.44,-31.64,11.21,6.902,5.625
20417,5.91,65.59471274,20.82141842,-1.99,-1.04,1.86,7.869,6.073
19990,4.93,64.31535896,20.57874033,-40.88,-61.45,34.87,5.245,4.951
20171,5.5,64.85866225,21.14241058,29.49,-42.73,12.2,5.402,5.483
20087,5.64,64.59642362,21.57937928,96.42,-33.92,18.25,5.98,5.669
20186,5.34,64.90286245,21.77359174,29.77,-41.39,10.32,5.211,5.334
18735,5.89,60.20285787,18.19406866,129.49,-28.27,21.99,6.26,5.906
19672,6.14,63.21353012,22.41348359,-3.69,-10.57,3.16,6.348,6.169
19076,5.9,61.33395641,22.00922152,172.61,-130.08,59.79,6.683,5.963
19038,4.36,61.17357446,22.0820679,91.73,-58.52,18.04,5.728,4.467
16641,6.14,53.53466813,17.83358303,95.5,-310.56,23.57,7.287,6.256
17408,6.13,55.9464229,19.66516969,115.75,-56.56,9.39,7.417,6.247
17309,5.68,55.57893663,19.70028593,5.82,-13.24,7.97,5.659,5.679
14514,6.13,46.85702924,17.87997236,-23.54,9.3,4.32,5.968,6.111
14586,6.24,47.08785703,18.79508747,37.88,-14.33,5.72,8.328,6.433
14838,4.35,47.90695691,19.72669777,154.61,-8.39,19.44,5.665,4.459
15110,4.87,48.72547816,21.04462873,-29.83,-77.15,9.59,4.872,4.879
14649,6.41,47.33375029,20.76115147,51.46,-11.77,6.44,8.02,6.547
15870,6.07,51.10881233,20.80351283,2.55,-9.84,10.76,6.034,6.067
15737,5.1,50.68863399,20.7421051,-49.22,-14.88,10.23,6.692,5.221
15627,5.27,50.30671225,21.14714057,21.68,-22.41,7.06,5.206,5.293
16181,6.03,52.11069649,22.80427706,0.02,-111.4,14.44,7.266,6.142
17453,6.09,56.11744538,20.9287701,26.61,-13.8,13.39,6.116,6.085
17921,6.05,57.47940839,22.24426286,23.88,-45.9,10.14,6.053,6.069
17026,6.5,54.75026216,20.91584806,-4.67,-34.27,6.6,6.69,6.511
17776,5.44,57.08668426,23.42136355,19.14,-46.8,9.64,5.36,5.434
17608,4.14,56.58150135,23.94846207,21.17,-42.67,9.08,4.099,4.159
17499,3.72,56.21884811,24.1134484,21.55,-44.92,8.8,3.586,3.695
17573,3.87,56.45663804,24.36785796,21.09,-45.03,9.06,3.795,3.865
17489,5.45,56.20084227,24.28957712,20.73,-44.0,9.75,5.394,5.444
17531,4.3,56.30200876,24.46737879,19.35,-41.63,8.75,4.173,4.281
18471,5.62,59.21680322,22.47825021,69.43,-114.82,22.31,6.022,5.658
18485,6.05,59.26584139,23.17559132,8.95,-16.98,6.14,6.076,6.053
19009,5.46,61.09030699,24.1060264,-0.31,-13.82,3.42,6.517,5.599
18508,6.19,59.35993764,24.46195525,-5.99,-7.33,3.04,7.964,6.337
17900,6.17,57.43133245,23.71196331,16.5,-44.53,8.58,6.111,6.167
17832,6.47,57.23712973,23.85727243,46.92,-56.45,13.44,6.919,6.521
17847,3.62,57.29054669,24.05352412,17.77,-44.7,8.57,3.528,3.614
17851,5.05,57.29668368,24.13682565,18.71,-46.74,8.42,4.944,5.039
17702,2.85,56.87110065,24.10524193,19.35,-43.11,8.87,2.787,2.866
17588,6.43,56.51203181,24.5280059,19.83,-44.38,9.21,6.415,6.431
17579,5.76,56.47693278,24.55462128,19.44,-45.36,8.43,5.718,5.757
17759,6.44,57.02732709,24.98848495,-27.81,-28.15,4.42,8.699,6.67
17954,5.24,57.57881165,25.57964862,36.37,-117.95,16.96,5.506,5.259
18201,6.35,58.39360035,25.68296603,21.06,-34.22,6.82,6.481,6.359
16664,5.95,53.61093,24.46447543,2.7,-33.96,6.28,6.129,5.998
17181,6.11,55.19293082,25.32952639,9.58,-13.95,6.24,6.222,6.122
15861,5.5,51.07693671,24.72418789,15.72,-51.42,14.18,7.08,5.634
17527,5.66,56.29052841,24.83937337,19.03,-46.64,8.87,5.567,5.644
11843,6.0,38.22562452,15.03446457,-15.48,36.89,34.84,6.675,6.057
9533,5.97,30.6461577,13.47672808,-0.08,-4.99,3.86,8.046,6.18
10328,5.72,33.26352181,15.27991044,99.23,-20.94,6.03,7.784,5.896
10050,6.4,32.34594705,17.22464882,136.08,-186.23,25.47,6.928,6.462
12784,6.4,41.07954256,17.76401488,36.53,-35.79,7.89,7.869,6.521
11698,6.21,37.72657571,17.70405706,33.01,-82.75,10.4,7.378,6.332
13165,5.26,42.32315708,17.46434448,3.65,-14.61,5.41,5.137,5.214
13108,5.83,42.13359632,18.28387012,42.54,-32.75,6.5,7.41,5.969
12640,5.74,40.59134429,20.0115769,27.49,-46.08,9.64,5.715,5.736
11678,6.14,37.65986622,19.85538831,81.0,-36.06,14.44,6.438,6.168
10732,5.58,34.53144339,19.90116135,-16.07,0.9,8.42,5.587,5.576
12332,5.45,39.70416245,21.96144509,-7.08,-15.12,9.41,5.653,5.47
9110,5.09,29.33763922,17.8175894,34.28,-23.71,4.95,6.263,5.204
8387,5.86,27.0454279,16.95563093,55.87,-32.97,11.37,5.806,5.85
9627,6.24,30.92755689,18.25328848,-8.65,-20.79,2.43,8.095,6.386
10155,5.68,32.6564251,19.50040351,88.73,-27.1,4.9,7.831,5.895
8832,3.88,28.38235506,19.29409264,79.43,-99.1,15.96,4.608,4.632
9307,5.89,29.89831329,21.05860461,140.8,-14.35,8.17,7.218,6.002
8159,6.27,26.23271918,20.08340568,-45.05,-105.39,30.71,7.145,6.362
7359,5.9,23.704364,18.46067238,30.1,-65.92,5.46,7.888,6.08
7981,5.24,25.62479083,20.27015091,-302.12,-677.4,133.91,,
8903,2.64,28.65978771,20.80829949,96.32,-108.8,54.74,2.861,2.681
8544,5.83,27.53575113,22.2753566,-14.32,-7.55,5.68,6.743,5.925
8993,5.76,28.96263355,23.57734317,12.06,-8.88,6.25,7.287,5.885
10306,5.23,33.19993262,21.21098318,162.52,4.07,33.19,5.749,5.278
9836,5.03,31.64130188,22.64840404,20.62,-35.84,17.4,5.193,5.043
10795,6.45,34.74149127,23.16783614,-17.7,-8.59,9.51,6.869,6.484
11578,6.2,37.3067809,23.46907769,85.41,-21.06,12.33,6.393,6.204
12189,6.48,39.25181558,24.64725663,137.08,-14.18,24.92,6.967,6.524
11670,5.88,37.63464227,25.23521368,61.69,-72.93,19.59,6.373,5.937
11415,6.14,36.78023268,27.01257767,-28.45,-75.2,7.03,8.058,6.28
9884,2.01,31.79285757,23.46277743,190.73,-145.77,49.48,3.524,2.152
10296,5.96,33.1563008,24.16779356,41.64,-6.28,5.77,7.753,6.128
9153,4.79,29.48239763,23.5960961,-91.51,-14.45,24.49,5.124,4.805
9859,6.01,31.70509566,25.70458883,18.57,-14.54,2.81,5.975,6.013
9621,5.64,30.91359346,25.93544879,125.66,9.27,18.9,6.29,5.743
10535,5.57,33.92847664,25.0432553,-88.69,-87.16,20.77,6.183,5.634
10540,5.79,33.94139916,25.78309877,176.41,-66.38,24.93,6.316,5.84
10203,6.01,32.8002511,25.93695537,-8.85,-6.95,4.07,7.792,6.163
10053,4.98,32.35535861,25.93997268,77.5,-33.1,10.19,5.392,5.017
10793,5.29,34.73745342,28.64267411,6.72,-0.04,9.31,5.327,5.297
10446,6.35,33.65781644,28.69142584,159.02,-99.15,16.82,7.569,6.459
13834,5.8,44.52114653,20.66881016,234.79,-31.64,31.41,6.297,5.843
13914,4.63,44.80305773,21.34044477,-13.04,-6.55,11.15,4.988,4.922
14376,5.45,46.36119708,25.25519906,3.99,-10.1,8.11,5.418,5.455
14748,6.02,47.61268192,26.89607076,2.76,66.86,8.03,7.678,6.173
12744,6.35,40.96353093,25.63833202,-5.2,4.38,9.27,6.49,6.404
13121,5.89,42.19112221,25.18807322,54.17,-3.92,7.08,5.85,5.889
14109,5.91,45.47562665,26.46234187,-13.85,4.93,15.24,6.1,5.934
13209,3.61,42.49578911,27.26079044,65.47,-116.59,20.45,3.489,3.596
14232,6.38,45.8754713,28.26995604,66.87,-20.64,20.01,6.724,6.405
15557,6.14,50.10652697,25.66296628,11.35,-93.32,11.29,7.749,6.275
15514,5.91,49.9825537,27.07130717,-24.74,-71.1,15.88,6.991,6.015
14893,5.78,48.05932746,27.25701296,11.77,-18.34,8.78,5.653,5.762
15696,5.55,50.54954371,27.60757659,4.42,-9.88,3.35,6.969,5.668
16042,6.47,51.64733938,28.71534096,41.35,-104.29,19.91,7.594,6.584
15549,4.47,50.08485949,29.04849835,-8.21,-16.42,5.09,6.529,4.642
14719,6.42,47.5367829,27.81988947,17.62,-50.91,5.42,6.439,6.418
14677,5.74,47.40303182,29.07711221,22.14,-13.22,2.89,5.879,5.76
15154,5.61,48.83519839,30.55667481,-16.56,6.01,7.52,5.619,5.607
15323,6.4,49.41715145,31.12718548,-103.09,-56.65,36.86,7.081,6.465
16168,5.72,52.08616659,33.80769703,28.13,-57.43,9.51,5.776,5.723
15241,5.98,49.14663457,32.18421948,-4.1,-83.07,5.92,7.235,6.106
15191,6.3,48.94645147,32.85666604,-8.95,19.02,16.13,6.725,6.35
15876,5.78,51.12366306,33.53601771,31.87,-22.99,6.19,5.752,5.754
15416,4.85,49.68259978,34.2226737,1.29,-8.68,2.21,6.752,4.996
12489,5.3,40.17097186,27.06100903,64.49,-27.29,13.97,5.396,5.306
12719,4.65,40.86296031,27.70717078,3.51,-9.97,8.82,4.485,4.627
13061,4.52,41.97683942,29.24742385,148.42,-125.76,18.06,5.955,4.642
11486,5.29,37.04162643,29.66953828,-14.81,-85.5,21.01,5.653,5.326
11548,5.89,37.20224439,29.93158402,-65.37,72.52,32.48,6.614,5.968
11432,5.55,36.86578353,31.80134872,-23.81,-28.18,11.39,6.994,5.682
12160,6.07,39.1793771,31.60766603,-25.35,0.47,7.21,7.415,6.183
12200,6.23,39.27713577,32.89101724,82.8,30.7,18.11,6.824,6.282
12086,5.38,38.94498948,34.68768289,19.55,-51.2,-0.6,7.515,5.576
13775,5.1,44.32200201,31.93429432,3.02,-31.13,8.43,5.082,5.095
13905,4.94,44.7654574,35.18311415,-46.49,5.81,9.31,6.539,5.081
15204,6.25,49.00763108,34.68860876,41.49,-39.41,14.96,6.574,6.27
13328,4.56,42.87846216,35.05989415,9.29,-63.02,7.97,6.605,4.73
12990,6.28,41.76501143,35.55481358,-39.11,-54.84,21.24,6.704,6.331
12982,6.27,41.74284779,35.98353306,53.1,-4.07,7.93,7.463,6.371
13257,6.44,42.64707607,36.94864201,-8.37,-129.1,16.46,7.175,6.515
13176,6.45,42.36219739,37.32641914,-20.31,-3.21,8.6,6.961,6.494
13997,6.11,45.04950134,38.13180775,18.15,-27.76,2.93,6.044,6.113
14354,3.32,46.29373754,38.84053298,128.69,-106.61,10.03,5.382,3.583
13490,5.34,43.42740906,38.33767914,47.62,-78.48,13.87,5.829,5.396
13832,6.06,44.50971566,38.61496884,-5.01,-17.76,2.8,7.888,6.203
13254,4.22,42.64547584,38.31890838,195.68,-108.92,25.54,4.648,4.262
13879,4.68,44.69021034,39.66282739,25.88,-40.67,10.02,4.774,4.692
13949,5.89,44.91611677,41.03305347,14.69,-46.4,4.18,7.781,6.052
20493,6.0,65.8848204,20.98212975,15.93,-35.07,6.77,6.024,5.998
20842,5.72,67.00300662,21.62000558,98.82,-40.59,20.85,6.054,5.739
20641,5.27,66.35393596,22.2001124,112.45,-47.06,22.65,5.571,5.299
20635,4.21,66.34207825,22.29398098,105.49,-44.14,21.27,4.394,4.225
20711,4.28,66.57664484,22.81369394,108.66,-45.83,21.07,4.616,4.32
20789,5.53,66.82269876,22.99636881,-0.35,-13.25,7.86,5.395,5.505
21881,4.27,70.56126452,22.95697545,-2.84,-20.33,8.14,4.121,4.252
21459,6.01,69.12111497,23.34098574,109.97,-53.86,22.6,6.473,6.065
21961,6.18,70.80728108,24.08896447,15.62,-18.3,20.03,6.809,6.211
22128,6.34,71.42692303,23.62803649,9.41,-16.78,4.63,6.401,6.343
21689,6.21,69.84640616,25.2183027,16.82,-11.73,8.97,6.419,6.227
20533,6.34,65.99899568,24.30102325,4.54,-12.94,4.49,6.539,6.35
20430,5.38,65.6455435,25.62935771,20.37,-17.88,12.19,5.339,5.373
20250,4.97,65.08847817,27.35094069,-29.04,-76.97,9.53,6.437,5.079
22697,5.97,73.19619789,27.89757233,44.73,-35.83,9.27,6.413,6.008
24193,6.42,77.9096236,29.90363622,7.69,-23.09,2.85,8.704,6.634
23583,6.14,76.06065446,30.49461984,12.06,-13.19,5.61,7.692,6.296
21819,5.73,70.33223225,28.61506693,37.35,-30.04,9.74,5.747,5.728
21323,5.88,68.65830037,28.96120368,-0.64,-21.87,7.0,5.815,5.873
22393,5.57,72.30347923,31.43762493,16.81,-102.84,13.9,7.031,5.697
23015,2.69,74.24840098,33.16613537,3.63,-18.54,6.37,4.683,2.857
22407,5.84,72.32941395,32.58826794,25.8,-31.74,9.71,6.149,5.861
22003,6.49,70.95113685,32.86556708,-45.7,-44.52,13.89,6.843,6.533
19513,5.39,62.70783742,26.48103948,-30.81,-36.1,16.72,5.804,5.432
19171,5.18,61.6516583,27.60002519,22.13,-50.18,6.6,5.016,5.158
19205,5.21,61.75215574,29.00128762,-94.03,4.9,36.26,5.621,5.253
20231,6.16,65.04145111,31.9532067,-1.12,-13.23,3.98,8.41,6.383
18094,6.22,58.01855904,31.16866588,-12.36,-36.3,7.93,6.468,6.243
18246,2.84,58.53299363,31.88365776,4.41,-9.15,3.32,2.989,2.892
19525,5.75,62.74592506,33.5868138,-1.52,-8.91,5.95,7.587,5.897
20904,6.38,67.21656906,30.36154112,23.05,-20.33,18.42,7.013,6.429
20704,5.29,66.52607257,31.43920664,76.7,-121.54,13.42,6.539,5.392
21038,6.18,67.66000962,32.45781487,7.97,-19.24,10.63,6.137,6.168
20591,5.77,66.15593384,33.95988843,54.69,-83.07,24.0,6.235,5.785
20579,5.73,66.12141978,34.1308408,20.5,-34.17,5.34,5.653,5.716
21847,5.97,70.45865407,38.28042013,241.54,-97.88,32.03,6.681,6.034
20252,4.93,65.10273351,34.56674228,-24.95,-7.0,14.42,6.133,5.032
19810,6.31,63.71697289,37.54268034,-8.9,-4.28,7.78,7.527,6.415
21144,6.35,67.98726375,36.74285269,4.23,-67.69,8.47,7.725,6.466
21108,6.25,67.85040925,40.01021496,0.83,-9.09,1.91,6.247,6.238
24504,5.01,78.85171534,32.6875699,-27.05,12.47,12.14,5.261,5.028
24727,4.54,79.54395049,33.37200411,29.86,-160.98,13.92,6.188,4.687
24799,5.38,79.7500805,33.74846576,13.62,-29.63,7.28,5.157,5.351
24879,5.05,80.00383769,33.95806265,0.02,-3.68,1.06,5.376,5.074
24740,6.15,79.57870341,33.76741903,15.09,-29.06,8.2,6.087,6.138
24832,6.49,79.8488498,33.98543113,26.56,-4.32,13.85,6.789,6.517
24575,5.99,79.0756354,34.31221188,-4.05,43.22,2.24,6.232,6.017
25475,6.18,81.71364799,33.26228774,9.85,-12.08,9.48,7.657,6.297
25580,6.41,82.00384487,33.76421211,20.14,-209.31,29.54,6.995,6.466
25541,5.08,81.91203061,34.47598643,-1.44,-38.81,8.14,6.929,5.225
25471,5.92,81.70334709,34.39182774,-0.22,-7.33,2.53,6.092,5.94
25476,6.17,81.72636668,35.4573016,-14.54,-11.99,5.06,8.053,6.315
26071,6.27,83.4092718,34.72560421,-14.6,-14.11,7.99,6.472,6.295
25301,6.49,81.18667054,36.19996736,-0.22,-8.97,2.18,8.647,6.663
25292,5.02,81.16309201,37.38537514,-0.27,-12.13,6.35,6.895,5.163
23724,6.49,76.50387497,35.9364198,-17.02,-13.03,12.14,6.719,6.519
22955,6.1,74.08369522,36.1685465,0.12,-3.86,0.28,6.503,6.131
24332,6.48,78.32313264,37.33763726,-144.76,-135.1,38.5,7.122,6.542
24072,6.02,77.57835458,37.3018512,2.62,1.05,1.59,6.881,6.497
24340,4.82,78.35721486,38.48467394,-18.66,-72.41,20.08,5.073,4.851
24813,4.69,79.78365993,40.10066732,519.39,-664.79,79.08,5.453,4.757
24771,6.22,79.66801388,40.46515715,3.48,-13.65,4.82,8.012,6.354
25810,6.38,82.6877782,39.82600304,23.37,-35.63,7.08,7.625,6.478
26363,6.08,84.21841371,40.18238543,-4.33,-4.18,1.28,7.354,6.195
27483,4.51,87.29358126,39.18113322,-28.42,-25.55,15.34,5.728,4.621
26592,6.44,84.7863353,41.358853,-30.68,-119.51,13.05,7.718,6.552
27319,6.3,86.81116596,42.52695878,6.93,-86.59,4.53,8.071,6.454
25816,5.99,82.70270666,41.462078,2.01,-34.37,8.45,7.427,6.11
25143,5.54,80.70968545,41.02925326,-12.49,2.94,10.87,5.698,5.558
24902,5.46,80.0611822,41.08633916,-18.1,-52.22,10.66,5.615,5.48
25048,5.22,80.45168832,41.80466344,13.42,-37.38,5.08,5.037,5.187
28360,1.9,89.88237261,44.94743492,-56.41,-0.88,39.72,1.989,1.904
28404,4.3,89.98375587,45.93675346,-2.42,-7.32,3.88,6.487,4.525
22678,4.79,73.15833005,36.70319636,-25.97,-3.89,5.81,6.613,4.938
22453,4.89,72.47777728,37.48818131,-38.4,38.48,6.18,6.781,5.041
23179,4.93,74.81406425,37.8904824,46.26,-97.81,20.5,4.983,4.936
23261,5.95,75.07644704,39.39470389,-10.93,-1.21,18.86,6.49,6.024
23268,6.46,75.09672824,39.6546596,0.77,-2.73,2.62,8.667,6.642
23453,3.69,75.61950025,41.07588953,8.88,-21.43,4.14,5.254,3.892
23511,6.11,75.82765661,41.44165308,-1.11,-2.86,1.6,6.334,6.137
23767,3.18,76.62862102,41.23464074,30.6,-68.41,14.87,2.971,3.143
23799,6.2,76.70649417,43.17470862,-3.97,-1.64,3.79,6.742,6.259
22034,6.09,71.05421366,40.78651068,11.13,-23.13,6.02,6.137,6.099
22220,5.99,71.68529906,40.31268034,8.99,-37.1,7.36,7.194,6.096
21476,4.25,69.17264013,41.26485467,-5.42,-19.19,5.08,5.762,4.378
21928,5.3,70.72624534,43.36526451,34.7,-52.07,12.02,5.335,5.304
22699,5.68,73.19902284,42.58662591,-11.07,0.11,6.31,5.824,5.705
22842,6.06,73.71343607,44.0609985,21.34,-56.4,9.59,6.018,6.056
23416,3.03,75.49222507,43.82331397,0.18,-2.31,1.6,3.665,3.091
24738,5.55,79.56534453,42.79218517,18.11,-30.5,4.7,7.566,5.811
24881,6.49,80.00965884,44.4254299,0.19,-19.25,3.44,8.221,6.633
26315,6.1,84.06644622,47.71533787,14.38,-19.63,9.79,6.447,6.138
28343,5.9,89.84076564,49.9245461,-4.57,-2.54,2.9,7.457,6.044
24608,0.08,79.17206517,45.99902927,75.52,-427.13,77.29,,
24109,5.67,77.6786286,46.96243511,57.35,-150.22,21.64,6.191,5.725
27196,5.46,86.47520331,49.82628283,-11.18,-11.31,6.76,5.515,5.465
27625,6.29,87.73423322,51.51469887,165.61,-47.53,11.62,7.635,6.411
27293,6.47,86.75023153,51.52096739,-14.08,-39.77,6.78,7.595,6.563
28358,3.72,89.88145972,54.28498197,86.31,-134.05,23.22,5.026,3.842
17448,3.84,56.07969347,32.28827325,8.11,-10.32,2.21,3.875,3.857
17732,6.26,56.95431974,32.19549815,-23.69,-34.29,17.92,6.816,6.312
17886,5.14,57.3862602,33.09138142,-18.15,0.3,10.96,5.213,5.15
17313,4.97,55.59434812,33.96503899,4.39,-5.21,3.53,4.914,4.97
18081,5.78,57.97381828,34.3591292,4.28,-4.22,3.15,5.737,5.78
18434,5.49,59.11953366,35.0809084,2.56,-3.96,3.36,5.415,5.483
18614,3.98,59.74124892,35.79102701,1.92,2.3,1.84,4.016,4.04
18769,6.39,60.31181383,36.98948395,-6.13,-2.72,8.74,6.393,6.4
16518,5.91,53.16675711,35.46172039,-6.72,3.66,1.99,5.792,5.89
17460,5.6,56.13082016,36.46020384,48.24,-41.44,9.83,5.692,5.61
17203,5.55,55.28267183,37.58026421,22.86,-27.3,4.04,5.461,5.534
17558,6.45,56.40463454,38.6762189,-30.02,17.9,7.09,7.994,6.579
19302,6.07,62.06442382,37.72797171,-100.33,-197.03,22.66,7.277,6.177
19335,5.52,62.15206221,38.04022796,163.93,-203.52,46.87,6.149,5.579
19746,6.47,63.49887528,37.96713609,-49.28,4.58,8.28,7.789,6.587
18565,6.32,59.62139176,38.84034955,40.99,-39.3,7.83,7.711,6.442
19811,4.67,63.72212566,40.48372394,9.72,-21.58,5.2,5.921,4.793
20241,5.95,65.06007219,41.80815345,16.12,-34.45,9.42,7.175,6.059
20498,6.25,65.89916321,42.42799219,21.03,-34.14,5.9,6.24,6.227
20063,6.22,64.53371946,42.14124624,23.04,-35.77,8.39,6.122,6.192
18532,2.9,59.46342138,40.01027315,12.61,-24.06,6.06,2.685,2.883
15334,5.97,49.4405722,39.28341373,22.23,-16.69,5.37,6.033,5.978
16591,5.79,53.39592658,39.89959026,17.06,-45.98,18.29,5.963,5.81
16425,6.5,52.87615022,40.76003616,25.2,-41.93,7.48,6.779,6.524
16938,6.41,54.50069342,42.58290278,19.1,-24.59,3.93,6.323,6.398
14817,4.61,47.82250605,39.61157075,-26.21,4.78,10.69,6.053,4.733
15282,6.44,49.2976927,40.48305429,13.9,-31.11,4.63,6.37,6.393
15118,6.07,48.73560789,42.50361942,52.72,7.23,14.49,7.474,6.19
14365,6.06,46.33762269,40.58219109,-25.04,-4.29,7.99,7.341,6.168
14576,2.09,47.04220716,40.9556512,2.39,-1.44,35.14,2.1,2.105
14887,6.15,48.0397629,42.37594744,16.44,-17.23,4.96,6.019,6.134
15648,4.96,50.36086309,43.32965174,-60.43,-0.38,21.0,5.037,4.954
16516,6.42,53.1624038,44.85577508,1.12,-6.38,2.09,6.406,6.419
16499,5.3,53.10960058,46.05704336,-52.77,-74.74,27.46,5.777,5.349
15338,5.49,49.44721595,44.02508193,26.61,-23.72,5.06,5.402,5.472
15209,6.15,49.01846748,45.34621535,31.94,-33.74,3.55,8.314,6.353
16252,6.21,52.35943439,46.93793775,22.36,-28.61,5.66,6.345,6.237
17529,3.77,56.29851422,42.57854437,-14.59,1.75,5.86,4.292,3.823
17846,5.95,57.283845,43.96302293,-7.03,29.53,14.43,6.276,5.983
17932,5.65,57.5185476,44.96792105,-37.8,-26.82,9.41,6.618,5.746
17584,5.66,56.49685459,45.68194432,17.51,-18.44,3.14,5.551,5.645
17475,6.1,56.17046065,46.09987096,-1.55,-23.73,5.69,6.438,6.132
19343,3.96,62.16530527,47.71259359,20.19,-33.26,5.89,3.957,3.999
19812,4.12,63.72440722,48.40937312,5.04,-17.35,4.51,5.334,4.253
18396,5.39,58.99232459,47.87147012,17.57,-20.62,3.86,5.286,5.371
19167,4.25,61.64606374,50.35135022,-13.03,-36.37,9.41,4.273,4.276
17358,3.01,55.7311754,47.7876533,23.83,-41.93,6.18,2.877,2.997
17437,6.06,56.02678089,48.52368506,0.02,-12.02,3.94,8.104,6.237
16470,5.47,53.03575392,48.02353391,22.84,-23.78,5.57,5.337,5.453
16826,4.32,54.12233383,48.19270068,21.41,-27.58,4.66,4.239,4.304
16335,4.36,52.64367585,47.99517199,1.56,18.13,9.23,6.153,4.503
16340,5.82,52.65388405,48.10365477,21.23,-24.0,3.75,5.765,5.813
16424,6.29,52.87230329,49.2097738,-14.85,-1.32,6.97,6.368,6.294
16447,6.41,52.95433039,49.40109538,-1.68,-0.98,1.52,6.497,6.421
18212,5.76,58.41112532,48.65056848,37.72,-30.08,7.58,7.087,5.87
18453,5.28,59.15181574,50.69569169,94.13,-127.9,24.51,5.779,5.328
17772,6.18,57.07533696,50.73677203,-7.58,-1.99,5.49,6.227,6.196
21242,6.09,68.35374601,43.06388024,5.65,5.34,15.48,6.557,6.128
22545,5.64,72.7890157,48.74075831,-43.0,-30.3,10.16,6.93,5.748
20354,4.8,65.38811942,46.4989629,21.41,-34.97,7.03,4.754,4.809
21823,5.66,70.35037233,48.30098864,44.67,-44.2,10.48,5.649,5.648
21972,5.86,70.83999357,49.97382624,-5.18,-15.33,5.09,5.871,5.862
22936,5.75,74.02948687,52.86971717,-2.59,18.06,6.82,5.867,5.762
23216,6.09,74.9430887,53.15547819,-13.21,-11.22,4.25,8.012,6.258
22720,6.4,73.29081329,52.84118516,-14.03,-12.4,6.23,6.484,6.404
23040,4.43,74.32175175,53.75208289,-24.17,7.53,8.68,4.442,4.451
26779,6.21,85.33472092,53.48233045,2.7,-523.61,81.69,7.274,6.297
28390,6.14,89.9497885,54.54711179,-1.24,-42.07,9.57,7.697,6.265
28385,6.42,89.94095455,55.32107237,-2.78,-88.4,9.54,6.795,6.442
26344,5.74,84.14677009,54.42868426,-7.14,-10.59,4.37,7.898,5.926
27949,4.96,88.71160776,55.7069049,-3.65,17.2,13.54,5.034,4.973
23783,4.98,76.66940952,51.59814314,-29.31,-173.95,38.14,5.365,5.012
24451,6.16,78.68447254,53.21394817,-1.91,0.31,1.9,6.257,6.164
26942,6.05,85.75690634,56.58145257,16.09,28.7,16.26,7.273,6.152
27249,5.93,86.62653944,56.11571824,20.18,-58.91,16.89,6.122,5.947
25973,6.44,83.14033281,57.22161686,112.04,-224.63,22.79,7.159,6.52
27731,6.14,88.07189908,58.96413909,-1.53,-20.97,5.98,6.09,6.133
27971,5.2,88.74093802,59.88841219,2.0,-18.5,8.05,5.219,5.199
20070,4.6,64.56073112,50.29563944,46.59,-56.43,10.25,4.667,4.604
20156,5.46,64.80492598,50.04883763,62.89,-58.65,12.59,5.743,5.492
20234,5.55,65.0479676,50.92095135,0.57,-7.56,2.74,5.503,5.542
21727,5.07,69.97786313,53.07957406,-7.38,-15.95,6.58,6.471,5.199
21730,5.36,69.99180673,53.47323647,35.88,-88.79,11.76,5.774,5.409
22854,5.52,73.7630908,55.25912955,-16.14,-8.6,4.93,5.541,5.525
21148,5.78,68.00767912,53.91084467,-3.19,-5.99,-1.53,5.906,5.783
22300,6.32,72.02893035,55.60284572,79.29,-96.37,19.6,6.695,6.358
19949,5.2,64.17960437,53.61180318,-16.99,-1.68,9.24,5.263,5.205
19172,6.31,61.6524278,54.00888446,55.34,-90.98,10.21,7.566,6.423
19400,6.25,62.34233945,54.82908817,71.89,-93.2,21.09,6.766,6.305
20380,5.91,65.46592207,56.50630039,-14.56,7.06,10.53,6.054,5.924
22287,5.29,72.00090298,56.75753919,53.02,-146.4,20.12,5.574,5.302
20772,6.28,66.75360139,57.58533041,7.47,-16.75,4.32,6.343,6.28
25197,5.24,80.86594376,57.54453138,14.94,-55.97,9.59,5.225,5.239
24836,6.13,79.86604282,58.11740918,6.26,-18.3,3.71,6.079,6.116
24479,6.15,78.79741331,59.40571797,20.13,-12.8,10.61,7.68,6.274
27046,6.17,86.03525136,61.47653312,-11.08,1.07,10.26,7.298,6.261
23734,5.22,76.53524887,58.97239085,-6.16,-7.67,4.86,5.086,5.212
23743,6.08,76.55058067,59.02140336,-1.83,-26.15,5.22,7.516,6.207
23522,4.03,75.854572,60.44228144,-6.11,-14.78,3.27,5.153,4.125
23380,6.03,75.40009862,61.07843227,16.4,-179.31,27.1,6.545,6.084
23766,6.0,76.62356728,61.1699407,41.94,-75.92,5.79,7.814,6.164
24313,6.17,78.26179051,61.85003527,-12.19,1.82,6.83,6.202,6.172
24914,5.64,80.0942273,62.65371666,-3.0,-2.34,1.65,7.922,5.833
24348,6.49,78.38038055,62.69112962,-37.36,0.83,12.16,6.731,6.511
27472,6.18,87.26948786,62.80819575,-18.84,-2.37,7.91,6.341,6.213
27346,6.49,86.88439682,63.59880015,-11.23,19.7,6.77,7.787,6.609
25769,5.43,82.54254026,63.06723206,-5.92,-4.77,3.5,7.644,5.632
26408,6.15,84.31278375,64.15485121,1.06,-66.45,8.77,6.162,6.165
28205,6.24,89.39562095,66.09612887,49.05,-12.13,7.64,8.033,6.397
98401,6.2,299.90289138,76.48153707,-26.86,-59.51,6.21,,
6669,6.18,21.39856813,23.51157323,34.07,-22.18,13.01,6.71,6.235
7874,6.2,25.32624343,25.74581125,118.38,-40.63,17.86,6.743,6.255
5742,4.67,18.43723014,24.58376482,18.58,-21.26,8.64,6.012,4.786
6193,4.74,19.86657455,27.26408682,26.21,-11.62,10.49,4.813,4.757
9132,5.84,29.43223051,27.8045238,13.4,-58.83,6.85,7.899,6.042
8796,3.42,28.27041595,29.57939727,12.02,-233.69,50.87,4.002,3.476
10280,4.94,33.09301632,30.30321507,-64.59,-61.07,10.68,5.866,4.985
7906,5.97,25.413509,30.04713542,-8.1,-6.5,6.23,7.277,6.077
8433,5.78,27.17366149,32.68948705,-166.73,297.35,36.65,6.466,5.848
8086,6.32,25.95895146,32.19201138,-6.01,1.38,7.08,7.417,6.41
5494,5.81,17.58103932,25.45803989,2.92,-113.75,9.06,7.735,5.975
6315,5.23,20.28064145,28.73838983,28.53,-75.19,9.49,7.064,5.387
5772,6.33,18.52027175,28.52970567,63.06,-53.79,3.21,8.558,6.555
5586,4.51,17.91494471,30.08972962,74.29,-37.61,20.11,5.928,4.639
5679,6.24,18.24774657,30.06430791,21.88,-32.33,9.58,7.486,6.337
6025,6.36,19.35059759,31.74460911,-44.7,3.32,11.78,7.825,6.49
4510,5.44,14.4589515,28.9922356,5.28,-7.77,4.63,6.818,5.553
5034,6.2,16.11487415,29.65909865,85.1,-120.26,23.82,6.723,6.253
5544,5.15,17.7782219,31.42476555,-8.7,-12.02,5.82,5.462,5.185
5319,6.23,17.00501793,32.01219214,203.71,-25.62,23.87,6.698,6.274
5175,6.28,16.54664936,32.18154253,7.38,-23.53,5.6,7.98,6.421
5936,6.04,19.07875996,33.11480731,27.97,-35.89,10.36,7.548,6.174
4889,5.5,15.70452742,31.80433674,15.53,-30.38,7.87,5.442,5.491
6776,6.27,21.7758949,34.37757818,160.89,-10.75,23.45,6.814,6.306
6702,6.34,21.53590855,34.57990693,235.58,-84.99,26.14,6.917,6.394
7147,6.39,23.0315984,34.79997529,-9.66,-5.32,3.48,6.245,6.364
7943,5.63,25.51439571,35.24576705,49.41,-24.67,12.61,5.554,5.624
6512,6.28,20.90546597,34.24560145,231.92,117.55,16.98,7.338,6.376
5447,2.07,17.43248991,35.62083048,175.59,-112.23,16.36,4.167,2.264
6140,6.44,19.69589864,37.38630238,-8.67,-11.34,7.15,6.714,6.443
7321,5.9,23.56915511,37.23719753,12.62,-21.0,8.32,5.807,5.885
6514,5.6,20.91898254,37.71499034,81.77,-19.64,15.43,5.934,5.624
10220,6.24,32.85416096,31.52642246,35.4,-10.16,6.76,6.392,6.245
10559,5.25,33.98456296,33.35897589,-14.86,-33.25,11.13,5.244,5.249
10670,4.03,34.32848216,33.84732099,44.91,-52.42,27.73,4.04,4.009
10644,4.84,34.26007346,34.22482985,1151.61,-246.32,92.2,5.606,4.938
11651,6.26,37.56899446,33.83384234,69.98,-55.58,8.79,7.643,6.376
11840,5.84,38.21940851,34.54245642,-54.69,-19.22,12.54,7.232,5.96
11784,5.15,38.02556633,36.14723132,47.82,16.43,8.33,7.087,5.321
9570,5.5,30.7415286,33.28415151,-15.99,-6.75,8.81,5.566,5.52
10064,3.0,32.38550383,34.98739204,148.78,-39.13,26.24,3.212,3.039
9977,4.78,32.12144102,37.85918337,154.22,-43.64,16.48,4.944,4.804
10176,6.09,32.72014334,39.03957814,-7.99,-21.52,12.41,5.997,6.067
12072,5.72,38.91142631,37.3122905,-0.91,-11.38,4.82,7.538,5.876
12287,6.19,39.57440986,37.7268226,-38.47,-44.24,12.08,6.75,6.236
12305,6.29,39.61643512,38.08916502,11.92,-9.72,4.44,6.256,6.284
12181,5.91,39.23782977,38.73398283,145.04,-165.36,18.42,6.493,5.967
12057,6.36,38.86619953,39.66446182,16.3,-33.44,5.62,6.242,6.336
12623,4.91,40.5622035,40.19438688,-16.84,-182.29,40.52,5.603,4.962
13036,6.45,41.87980947,44.27221537,-0.18,-6.95,1.73,7.235,6.547
11090,5.81,35.70984185,41.39653472,-74.2,-97.68,21.16,6.136,5.832
12768,5.43,41.02149224,44.2970548,2.0,-6.08,4.71,6.552,5.537
9021,5.69,29.03845779,37.251804,182.88,10.54,10.18,7.057,5.81
9001,5.89,28.97697359,37.27780093,9.42,-6.27,3.29,8.01,6.084
8930,6.28,28.74013935,37.12833508,37.21,-18.49,6.21,7.786,6.405
8423,5.94,27.16184118,37.95293583,111.84,-27.04,10.57,7.179,6.049
8922,6.25,28.72395703,40.70220085,44.19,-68.47,9.45,7.902,6.398
8814,5.42,28.32229965,40.72979974,-9.6,-4.17,6.04,7.108,5.546
9640,2.1,30.97466283,42.32984832,43.08,-50.85,9.19,4.006,2.33
7818,4.96,25.14501739,40.57710624,16.67,-23.5,4.79,4.844,4.95
7444,6.39,23.9685993,41.07641867,144.44,0.69,8.41,7.834,6.513
7513,4.1,24.19990413,41.40638491,-172.57,-381.01,74.25,4.748,4.159
7918,4.96,25.44381547,42.61380692,791.35,-180.16,79.09,5.717,5.031
7825,5.63,25.16483499,43.29776385,111.06,-31.65,12.15,5.9,5.664
8044,6.33,25.81828533,45.32263641,139.04,5.06,18.04,7.645,6.437
7719,5.01,24.83757938,44.38612827,-20.49,14.95,13.46,6.117,5.108
7651,6.38,24.63265671,45.39970504,-16.21,0.59,7.17,6.336,6.384
8370,6.33,26.95001171,46.2298846,12.84,-55.52,17.15,6.848,6.372
8127,6.32,26.11055417,46.13976854,-7.11,-31.62,6.04,8.174,6.475
10340,4.84,33.30558667,44.23168903,-20.58,-15.25,5.86,6.791,5.005
9983,6.38,32.13978347,44.45954374,14.13,-47.38,7.58,7.608,6.488
10814,6.21,34.79518193,46.47228976,-23.76,-11.99,7.22,6.406,6.227
10924,6.17,35.17292662,47.31082911,13.0,-10.37,3.9,6.043,6.153
10819,5.31,34.82019851,47.37998782,-60.05,-6.06,12.77,5.319,5.314
10403,6.05,33.51053606,47.48438729,-82.13,-60.1,24.07,6.557,6.115
10562,6.37,33.99039099,47.81205813,45.16,-49.62,7.05,7.692,6.489
10830,6.44,34.84485604,48.95528736,-98.58,72.43,15.5,6.917,6.466
11220,5.19,36.10372497,50.00663318,24.54,-35.79,8.69,6.434,5.295
10944,5.57,35.24238707,50.15154156,38.84,-31.23,9.15,5.466,5.552
9163,6.48,29.4967917,47.09553693,7.27,-6.75,2.86,8.025,6.6
8475,6.01,27.31483954,47.89695175,-20.22,-11.46,9.84,6.154,5.969
9222,5.7,29.63958177,49.204252,6.26,41.23,13.25,6.989,5.817
8714,5.7,28.03897527,50.79286359,18.39,-28.68,6.63,5.609,5.688
10366,5.31,33.40008213,51.06623342,347.43,-170.79,16.39,,
8771,6.28,28.21140471,51.47485303,-13.61,-6.84,6.59,6.338,6.283
4552,5.99,14.55914315,33.95105921,35.25,-71.86,17.19,7.27,6.104
4185,6.07,13.36756319,37.41831737,11.25,-44.41,8.72,7.535,6.183
4436,3.86,14.18790699,38.49925513,152.78,36.82,23.93,4.038,3.881
2475,5.88,7.85668759,33.58168169,49.61,-16.26,6.98,7.336,6.0
2912,4.34,9.22016239,33.71935227,15.23,-3.56,4.97,4.191,4.323
2942,5.45,9.33844167,35.39951013,-9.21,-3.57,3.19,6.552,5.531
2270,6.28,7.2361047,36.89970105,-4.42,-2.76,7.03,7.442,6.386
3231,5.3,10.27998074,39.45867141,-14.37,-3.02,9.47,6.43,5.408
5550,5.8,17.79287081,37.72413814,-15.54,-6.96,3.56,5.664,5.774
6794,6.42,21.86110539,41.10109784,9.84,24.67,17.91,6.782,6.454
5493,5.67,17.57852966,42.08157668,-135.76,-41.87,18.98,6.399,5.738
4903,5.95,15.72614941,41.34519861,-16.96,-16.95,9.49,6.155,5.96
3881,4.53,12.45345723,41.07895474,22.68,-18.05,4.8,4.352,4.51
4675,5.69,15.01477994,44.71330426,14.72,-25.24,7.76,5.639,5.649
5317,5.04,17.00299391,43.94224107,160.96,-61.32,16.61,5.189,5.055
3919,6.13,12.57589036,45.00224079,60.72,6.93,11.01,6.176,6.129
4501,6.1,14.41514948,45.83939494,11.25,-6.63,7.42,7.406,6.205
1473,4.51,4.58210555,36.7853273,-66.51,-42.48,23.11,4.605,4.52
1686,5.16,5.28010785,37.96869954,58.32,-39.65,20.42,5.676,5.207
1366,4.61,4.27306518,38.68167915,-50.01,-17.9,12.88,4.696,4.625
1575,6.35,4.92324681,40.72950687,-25.3,-19.0,6.03,7.871,6.484
1086,5.71,3.37889713,41.03572671,-122.76,-146.91,28.57,6.101,5.752
365,6.11,1.15248379,42.09256148,-11.94,-12.73,1.94,6.272,6.106
137,6.25,0.43268925,42.36714821,5.11,-1.77,2.45,6.187,6.238
1501,6.1,4.67562512,43.79114781,23.31,-2.72,4.71,6.003,6.09
1302,6.12,4.08958566,43.59510616,35.61,-23.43,10.75,6.192,6.113
1009,6.5,3.14201623,44.70724772,98.84,-21.64,6.3,7.939,6.63
63,6.36,0.1817495,45.25333305,17.38,0.22,4.81,6.291,6.348
841,5.01,2.58017518,46.07227117,4.51,0.21,3.24,5.507,5.074
2900,5.14,9.1936292,44.48850971,-36.7,31.77,4.97,7.248,5.336
3604,6.03,11.54499561,44.8615082,17.64,-4.56,7.21,5.946,6.02
2225,5.18,7.05660466,44.39448925,84.1,-15.33,12.32,5.228,5.187
3414,4.95,10.8670447,47.02463657,-24.52,-37.16,18.71,5.169,4.976
3478,5.66,11.10927611,47.863963,-39.77,8.54,4.29,5.502,5.634
3504,4.48,11.18125882,48.28438262,17.79,-7.62,3.6,4.419,4.472
3083,5.45,9.79119583,49.35459528,7.93,-2.74,2.45,7.614,5.629
1372,5.86,4.28766746,47.94741495,4.05,-3.97,3.42,5.751,5.843
967,6.18,2.99596734,48.15237121,60.54,10.39,5.93,8.1,6.34
106,6.22,0.33016464,49.98158501,13.29,-11.19,4.5,7.453,6.326
1639,6.46,5.12884068,48.96864118,8.08,-3.43,3.43,7.126,6.529
1415,6.11,4.42944015,51.43309422,-4.19,-1.62,0.57,5.913,6.086
6711,5.98,21.57749566,43.45788606,108.31,-60.45,24.21,6.582,6.034
6813,4.83,21.9128547,45.40695287,356.99,-109.32,35.33,5.342,4.879
5993,6.11,19.27105871,44.90209025,11.75,-40.32,5.53,8.219,6.312
5650,6.13,18.14192241,45.33747997,24.03,20.95,4.67,8.269,6.32
6411,4.87,20.58497087,45.5287566,32.21,8.73,16.68,6.258,4.989
6087,6.29,19.54225774,47.41971636,7.75,-4.24,2.13,8.023,6.416
6999,5.27,22.52542506,47.00737711,0.64,-42.53,11.26,6.543,5.374
7607,3.59,24.49792651,48.62848641,60.9,-112.42,18.76,5.257,3.732
7493,6.2,24.11339268,48.72282149,-16.36,-18.69,7.77,7.818,6.35
5434,4.26,17.37550908,47.2418241,3.81,-13.02,4.43,4.181,4.246
4911,6.46,15.75613404,47.37619549,86.92,-15.47,9.68,6.814,6.534
4298,6.28,13.77176755,48.67854824,-23.51,-11.56,4.06,8.471,6.487
4786,6.48,15.36266775,49.54422654,4.33,-2.68,3.54,7.897,6.605
4844,6.48,15.57695351,51.03497045,-4.18,-13.36,5.16,6.631,6.492
4998,5.99,16.00995036,52.50230919,1.44,-61.03,3.29,7.893,6.158
8068,4.01,25.9150637,50.6887655,24.08,-13.59,4.55,3.906,4.02
8598,5.96,27.73786884,51.93369809,41.16,-115.5,22.42,6.474,6.005
8704,5.53,27.99711412,55.14740479,12.53,-8.25,3.17,5.291,5.493
7786,6.35,25.05465447,53.86828894,-16.19,-4.63,5.29,8.472,6.547
5251,6.31,16.78933996,53.49819318,16.82,-3.32,2.4,8.271,6.47
5336,5.17,17.05383776,54.92422766,3421.44,-1599.27,132.4,,
5542,4.34,17.77471116,55.14994765,226.62,-19.34,23.73,4.552,4.355
5240,6.41,16.75030618,56.93523628,93.95,-108.56,10.26,7.955,6.542
6093,6.39,19.55788373,57.80316871,-7.68,-1.21,3.73,8.538,6.665
5361,5.77,17.13936547,58.26347937,17.15,-12.39,5.75,5.748,5.771
6486,6.36,20.83863463,58.14321418,132.26,-90.68,17.34,6.878,6.406
6242,4.95,20.02049027,58.2316161,-1.31,-2.19,1.4,5.765,5.072
3300,4.8,10.51618425,50.51254151,12.32,-6.48,2.94,4.648,4.785
3801,4.9,12.20830552,50.96819154,30.28,-9.82,8.37,4.787,4.892
3965,6.38,12.73860936,51.50803371,137.97,-0.49,15.0,6.728,6.405
4023,6.22,12.89079551,51.57145327,-3.2,-10.96,2.84,6.258,6.223
2497,5.59,7.92171234,52.83955844,-55.33,-13.14,8.29,7.104,5.73
4212,6.27,13.4480292,52.68934453,75.18,-21.03,11.72,6.515,6.275
2920,3.69,9.24277921,53.89693161,17.77,-9.15,5.46,3.431,3.647
2854,5.08,9.0345314,54.16845384,22.98,-1.52,6.45,4.952,5.065
2505,4.74,7.94299136,54.52232473,40.78,-14.81,9.2,4.621,4.723
2611,5.93,8.29301467,54.89508062,70.08,-39.36,8.68,7.252,6.039
3544,5.41,11.32168124,55.2214087,-28.35,-5.34,9.28,5.44,5.416
3179,2.24,10.12661349,56.53740928,50.36,-32.17,14.27,3.768,2.377
1921,5.58,6.06518443,52.01992467,13.7,-4.4,2.38,5.437,5.564
1982,5.72,6.276607,53.04678501,25.8,0.3,6.17,5.646,5.712
746,2.28,2.29204036,59.15021814,523.39,-180.42,59.89,2.72,2.318
518,5.98,1.56474395,58.43668966,247.36,17.77,49.3,7.002,6.266
43,6.18,0.129089,59.55973786,-80.6,-24.07,7.63,7.497,6.29
4383,6.2,14.05386154,57.99659583,41.83,-15.91,6.56,7.997,6.352
3821,3.46,12.27125262,57.8165477,1087.11,-559.65,167.99,4.158,3.52
3334,6.18,10.62920567,58.75343124,29.43,-8.47,3.21,6.168,6.178
2876,5.78,9.11392475,60.32621728,3.05,-1.1,0.97,6.12,5.828
4422,4.62,14.16671042,59.18116582,-92.56,-45.33,15.84,5.843,4.732
4292,4.83,13.75080422,58.97279657,-32.24,-40.69,8.02,6.408,4.959
4440,5.56,14.19558745,60.36284769,27.37,-4.77,5.31,5.486,5.55
4427,2.15,14.17708808,60.71674966,25.65,-3.82,5.32,2.112,2.168
4962,5.92,15.9041982,61.07482982,-1.54,-2.96,2.16,6.55,6.012
4475,6.44,14.33138601,61.42193312,60.0,-15.52,5.67,7.633,6.545
3649,6.41,11.6769419,59.57454122,-5.89,-0.88,-0.17,7.755,6.528
4151,4.8,13.26783051,61.12355735,-68.45,169.72,53.85,5.466,4.856
3988,6.04,12.81827283,61.80549823,-2.03,-1.87,1.31,8.49,6.282
2377,5.94,7.58297373,59.977564,16.26,-3.94,4.54,5.934,5.942
418,5.8,1.27555231,61.31396468,14.29,2.24,4.5,5.704,5.783
124,5.58,0.40424537,61.22280406,-2.8,-1.34,0.86,6.049,5.618
1269,6.43,3.97863172,61.00019736,-20.94,-10.28,5.76,7.481,6.529
1354,5.74,4.23771177,61.53319397,-6.0,-3.46,5.08,6.87,5.838
330,5.9,1.05693212,62.2876646,-0.99,-0.37,0.89,6.215,5.927
531,5.57,1.61052855,64.19616859,9.7,0.01,3.32,5.534,5.564
1960,5.38,6.19786908,61.83106347,13.67,-2.45,4.27,5.387,5.383
2599,4.17,8.24994391,62.93178781,3.99,-2.1,0.79,4.301,4.198
695,6.41,2.13694986,63.20404897,-9.43,-3.52,2.17,7.698,6.535
274,6.24,0.85715406,63.64052431,-3.27,-1.83,0.93,6.598,6.296
207,5.87,0.65034249,66.09896341,3.32,1.14,1.57,7.222,5.963
14668,3.79,47.37345463,44.85788896,173.01,-142.05,29.05,5.05,3.901
13713,6.05,44.13876856,47.16400397,-2.78,1.05,1.67,7.738,6.183
13965,5.47,44.95742747,47.22063875,11.87,22.35,5.85,6.579,5.586
15004,5.93,48.34940955,48.17699884,16.89,-18.75,10.47,7.186,6.025
14914,6.32,48.10981974,47.72608113,73.3,-84.85,6.5,8.202,6.489
15669,5.94,50.46821583,49.07105892,180.91,-63.45,21.86,6.475,5.991
14544,6.38,46.94725062,47.30870585,3.96,1.53,13.26,6.541,6.392
14264,6.48,45.98645966,47.84849463,-8.76,-6.13,8.97,6.81,6.501
14632,4.05,47.26201363,49.61350009,1262.29,-91.53,94.93,4.785,4.117
13339,5.86,42.92396836,46.84200204,-26.24,-25.75,8.21,7.003,5.964
13462,6.23,43.3377866,48.56998491,3.57,-12.31,0.63,7.761,6.365
12690,6.3,40.75771535,48.26525502,5.97,-4.01,2.35,7.771,6.432
12777,4.1,41.04869991,49.22866639,334.03,-89.96,89.03,4.702,4.161
14566,6.33,47.01596021,52.21356389,23.53,-21.57,4.7,6.303,6.326
13732,6.22,44.21108016,51.26135139,0.71,-27.7,4.83,8.257,6.392
14043,5.24,45.21743352,52.35179769,31.2,-21.99,4.1,5.18,5.247
13531,3.93,43.564427,52.76248991,-1.99,-4.53,13.15,4.864,4.02
16147,4.99,52.01270885,49.06293148,21.94,-26.83,5.72,4.858,4.971
15988,6.09,51.48900306,49.1208226,22.75,-27.12,5.41,5.972,6.063
16244,4.67,52.34179296,49.50901919,22.16,-29.18,5.84,4.55,4.667
16210,5.58,52.21794573,49.84844583,22.51,-25.55,5.89,5.508,5.572
15770,5.32,50.80490169,49.2133301,20.7,-24.96,5.22,5.22,5.309
15863,1.79,51.08061889,49.86124281,24.11,-26.01,5.51,2.418,1.866
15444,5.05,49.78174379,50.09502752,22.38,-25.26,6.78,4.95,5.029
15404,5.16,49.65717026,50.22223526,22.45,-25.1,6.18,5.065,5.15
15219,5.04,49.05085271,50.93771066,-1.31,-19.23,3.91,6.475,5.173
15193,6.46,48.95270394,50.95597551,30.43,-35.3,7.9,6.713,6.608
17707,6.09,56.88383173,55.92204893,27.11,-36.61,7.56,6.068,6.092
17858,6.46,57.33218998,57.11832721,28.3,-24.42,6.14,6.534,6.466
14328,2.91,46.19912598,53.50645031,0.5,-4.19,12.72,3.807,3.018
15192,5.79,48.94988581,57.14062522,-1.95,-2.0,2.02,6.588,5.889
16599,5.98,53.41292455,54.97486087,-41.31,-1.63,14.71,6.118,5.992
16292,5.09,52.50095974,55.45183695,-45.38,-11.77,17.07,5.152,5.103
16974,6.29,54.58210319,56.93279793,26.9,-34.89,5.85,6.157,6.271
16602,6.37,53.42180546,57.8686358,7.0,36.75,13.91,6.99,6.438
16587,6.45,53.38412463,58.7653511,13.07,-45.58,4.27,6.614,6.439
16281,4.55,52.47810837,58.87875244,-1.94,-1.14,1.32,5.168,4.647
16303,6.14,52.54554846,59.36606884,14.07,-50.27,9.67,6.33,6.237
16712,6.43,53.75431434,60.04137677,-22.58,21.52,17.86,7.047,6.633
11313,4.73,36.40583743,50.27866588,23.79,-14.35,9.46,6.75,4.9
11465,6.16,36.96562114,50.57019433,31.53,-90.46,18.84,6.66,6.213
12686,5.85,40.74778071,53.5261822,57.18,-31.68,7.9,7.31,5.964
13424,6.35,43.21677622,52.99738986,0.22,-15.25,3.23,6.181,6.146
12692,5.76,40.76167775,55.10607111,34.78,-21.32,7.76,5.61,5.737
13268,3.77,42.67413655,55.89552955,16.64,-13.76,2.45,5.932,3.952
10361,6.5,33.38962584,53.05859199,1.19,-1.35,0.39,8.679,6.674
11174,6.29,35.96561124,55.36486781,-2.13,-2.75,1.62,7.339,6.386
10115,6.31,32.53218824,53.84320117,26.33,-45.12,5.53,7.521,6.407
9505,4.99,30.57530917,54.48754946,33.79,-3.4,4.41,4.903,4.986
11060,5.16,35.58930899,55.84565637,0.36,-1.19,1.59,5.58,5.236
11279,6.25,36.31678817,56.60982421,-0.39,-0.65,0.92,6.555,6.293
11020,6.4,35.48098509,57.2429201,-1.2,-1.83,1.11,,
10633,6.48,34.21548842,57.05524766,-0.9,-0.77,1.37,6.75,6.52
10729,5.99,34.51916463,57.51632574,-13.48,-1.81,4.59,7.324,6.109
10718,5.75,34.49925395,57.89980835,60.79,5.04,8.61,7.3,5.884
14392,6.1,46.41728851,56.06902466,17.36,-24.31,13.24,7.452,6.224
14382,4.77,46.38510717,56.7055481,-13.49,70.34,15.95,6.083,4.882
13178,6.25,42.37807146,57.08432152,-0.78,-1.53,-0.5,7.241,6.36
13347,6.46,42.9413174,58.31429743,-32.07,-2.39,11.44,6.594,6.461
16228,4.21,52.26722684,59.94033461,-0.82,-1.85,0.76,4.693,4.295
16177,6.49,52.0981839,60.2557263,23.1,-22.31,3.8,6.508,6.493
13665,5.59,43.98642959,61.52106281,145.07,30.84,37.78,6.088,5.639
14626,6.47,47.22576189,62.38459628,-1.98,-0.22,1.62,6.772,6.525
14502,5.89,46.8292369,64.05760178,-13.65,-3.18,5.85,5.859,5.883
13700,6.17,44.1027313,64.33244427,-3.83,-1.01,2.55,8.855,6.434
19823,6.06,63.75749346,57.46036262,-3.09,-0.49,2.49,6.787,6.14
19983,5.72,64.28363443,57.86047655,24.16,-50.06,12.38,7.148,5.844
18217,5.8,58.42996876,57.97536931,85.08,-93.81,19.14,6.022,5.806
19018,5.0,61.11318196,59.15550819,-1.79,-0.38,1.88,5.621,5.092
19412,6.29,62.3649005,59.9080759,-4.17,-2.05,3.04,7.726,6.417
20456,6.18,65.74128194,59.61628914,35.93,-44.13,8.62,6.31,6.191
20376,5.4,65.44826292,60.73590167,56.7,-113.66,7.64,7.378,5.58
17342,5.74,55.6780592,59.96938466,0.56,2.75,1.48,7.981,5.941
18488,4.99,59.28455287,61.10891703,-3.4,-14.06,1.76,6.937,5.203
18505,4.95,59.3559814,63.07224944,7.58,6.01,9.65,4.878,4.94
19968,5.69,64.22311681,61.85004125,6.07,-21.36,7.97,5.529,5.664
21452,5.91,69.10096877,64.26162001,-26.03,-7.37,7.36,5.895,5.907
20266,5.26,65.16818726,65.14045287,-28.52,-4.7,9.8,6.281,5.349
22626,5.47,73.02153945,63.50564999,38.15,-94.28,6.53,7.448,5.65
24017,6.37,77.43554096,64.91993345,-16.75,-182.2,25.27,6.869,6.408
26882,5.62,85.61020131,65.6977014,-0.27,-21.48,11.7,7.241,5.757
24955,6.39,80.16954675,66.74681944,-7.59,24.29,8.5,7.543,6.48
26410,6.26,84.31687949,66.69671501,-19.69,-9.45,12.6,6.518,6.273
27795,6.22,88.23119883,68.47165107,3.36,-45.1,7.86,7.424,6.317
22783,4.26,73.51254425,66.34266029,0.49,7.31,0.47,4.286,4.3
23484,6.2,75.70974597,66.82378884,67.57,-335.17,35.78,6.787,6.253
17891,5.82,57.40258833,63.29710438,-17.8,-56.65,14.11,6.055,5.85
17587,4.78,56.50971937,63.34506772,-0.94,-8.41,4.08,5.745,4.894
17296,5.06,55.53894572,63.21675891,-16.97,19.34,6.27,7.261,5.292
17884,4.39,57.38035594,65.52600645,-2.5,-13.98,3.38,6.863,4.64
19177,6.14,61.66171942,65.52085977,20.25,-25.47,7.13,6.341,6.155
19673,6.33,63.21614655,68.50113286,-33.32,8.91,8.43,7.843,6.461
15890,5.13,51.16900549,64.58599618,-3.24,0.13,2.61,7.806,5.4
14791,6.5,47.75335146,64.89630197,-48.97,-14.77,12.75,6.693,6.515
15520,4.74,49.99690314,65.65232717,11.27,-14.32,4.07,4.591,4.717
15309,6.41,49.38141844,65.65835007,-10.33,6.88,5.47,6.548,6.476
17585,5.79,56.50339866,67.20188088,82.08,-113.37,18.06,6.194,5.828
18067,6.31,57.92395956,68.50753643,15.92,-20.89,3.97,6.229,6.297
19129,5.88,61.51320978,68.67996526,7.29,3.0,5.23,7.913,6.057
17854,5.4,57.30708659,70.87120237,20.91,-62.7,10.02,5.53,5.411
17959,4.59,57.58948256,71.33236777,18.27,-42.0,9.73,4.692,4.628
18438,6.31,59.12639054,71.82163081,-52.27,-10.0,16.64,6.689,6.345
22508,6.36,72.6516071,70.94157737,1.71,-20.2,5.04,6.257,6.338
24003,6.43,77.40257498,69.63955569,60.42,-63.55,8.52,7.848,6.553
24732,5.81,79.55521962,73.26813649,-7.94,-26.82,9.09,5.779,5.807
25322,6.48,81.24763705,73.7072001,-8.16,-1.0,2.6,8.735,6.681
21247,5.94,68.37758981,72.52882555,29.36,-90.83,8.74,6.287,5.968
19730,6.05,63.43669669,72.1262304,8.51,-34.13,8.92,7.345,6.155
23582,6.21,76.05319837,73.76393288,14.17,-18.8,2.45,8.349,6.41
23617,6.1,76.16522092,74.0669938,7.03,-15.94,6.07,6.117,6.098
23442,6.05,75.5824504,74.26926858,11.83,40.76,5.19,8.084,6.23
24254,5.44,78.0935395,73.94674435,4.31,-28.83,8.71,5.292,5.416
26638,6.19,84.93217244,75.04380982,-7.31,25.39,5.63,8.263,6.37
24440,6.36,78.64809587,76.47276909,-8.58,-3.27,7.75,6.36,6.381
8847,6.44,28.45193321,55.59767097,47.46,-12.98,13.61,6.672,6.463
8148,6.25,26.19229561,57.08922153,18.08,1.84,5.82,6.32,6.246
8115,6.18,26.07464115,57.53666151,46.7,-18.39,12.63,6.371,6.227
7963,6.35,25.57369215,58.6277587,15.39,-8.22,2.24,6.315,6.35
10227,6.38,32.87164306,57.64554793,-0.72,-1.79,1.28,6.717,6.437
9990,5.66,32.16908619,58.42360489,-0.82,-1.63,1.79,6.388,5.78
10379,6.43,33.42338097,58.56058745,-0.08,-0.54,1.13,7.111,6.517
9220,6.02,29.63840779,61.69781632,12.93,-11.41,4.52,5.959,6.01
7617,5.55,24.53151544,57.97764488,2.98,-5.54,2.86,7.352,5.7
7251,5.69,23.35711597,58.32734523,3.78,-4.66,1.67,7.607,5.888
7294,4.68,23.48302496,59.23209665,-43.06,-23.18,15.96,5.957,4.796
8046,5.78,25.83223958,60.55137091,13.57,-15.78,3.57,5.76,5.776
6686,2.66,21.45251267,60.23540347,297.24,-49.49,32.81,2.869,2.694
8020,6.33,25.74298829,61.42109575,2.42,-9.32,3.19,6.336,6.327
8886,3.35,28.59868107,63.67014686,31.98,-18.66,7.38,3.183,3.329
8362,5.63,26.9336011,63.85310111,582.05,-246.83,100.24,6.623,5.708
7593,6.49,24.44666689,64.73935565,-1.36,0.59,1.1,7.481,6.613
7050,6.15,22.7167174,66.09811465,74.83,-11.18,11.54,6.234,6.156
12239,5.8,39.40002834,65.74535775,42.97,-8.85,4.0,7.83,5.972
12821,5.95,41.20695883,67.82470926,17.48,-32.55,8.02,6.104,5.963
11569,4.46,37.26661741,67.40238385,-27.92,37.06,23.04,4.664,4.496
9573,5.59,30.75078582,64.39002289,-0.98,-1.95,0.94,5.997,5.654
9564,6.0,30.71872421,64.90149425,-12.57,-11.69,11.49,6.034,6.002
9312,5.29,29.90828959,64.62163894,35.76,-15.22,12.69,5.284,5.283
7965,5.57,25.5851851,68.04304624,53.08,-10.34,7.34,5.496,5.555
10438,6.05,33.62126544,66.52444205,-6.91,-5.56,4.42,6.843,6.132
9009,4.97,29.00001575,68.68526545,13.82,-9.73,4.65,4.863,4.961
9480,4.49,30.48979079,70.90704605,-54.46,-10.69,27.91,4.711,4.533
5688,6.4,18.29090532,61.70620371,29.16,-6.35,5.0,6.424,6.444
5021,5.83,16.08145357,61.58024409,-79.86,-24.77,12.47,6.515,5.902
5566,5.56,17.85631897,64.20272388,40.94,-19.3,7.96,5.484,5.545
3951,5.35,12.68155194,64.24758084,29.39,-12.85,4.01,5.982,5.423
6312,6.33,20.27160602,64.65818814,59.68,-23.53,13.67,6.465,6.34
5589,5.57,17.92237013,65.01888517,23.85,-12.92,8.99,5.472,5.556
4572,5.97,14.62916229,66.35182541,43.44,-13.19,8.67,5.953,5.967
4446,6.39,14.22912074,68.77574214,97.59,-35.05,16.73,6.812,6.428
3299,5.83,10.5143156,66.14761311,-9.79,-8.55,6.48,7.158,5.939
2707,6.47,8.60369264,66.75035211,23.84,-0.28,5.77,6.404,6.463
2474,6.18,7.85500767,66.51962673,19.38,-3.87,4.55,6.044,6.161
302,6.31,0.96511407,66.71220273,7.86,-8.15,3.31,8.443,6.522
379,5.68,1.17432297,67.16638761,95.58,23.8,10.3,7.033,5.802
3641,6.39,11.65929285,69.32537127,166.87,15.31,24.65,6.88,6.445
6692,4.72,21.48293404,68.12994739,75.07,26.82,16.89,6.079,4.842
7078,5.82,22.80632718,70.2647886,137.53,-76.0,34.19,6.388,5.878
5518,5.32,17.66360631,68.77868759,35.26,-27.48,10.26,5.299,5.316
4709,6.4,15.12861453,70.98300424,76.68,-6.5,9.18,6.557,6.417
8016,5.18,25.73220374,70.62255881,76.62,-13.62,11.62,5.149,5.175
6685,6.34,21.44292737,70.97992123,9.33,-13.89,6.34,6.323,6.342
7650,5.28,24.62892127,73.04007203,-11.81,-13.23,7.3,6.515,5.385
5926,5.87,19.04959061,71.74384538,-1.59,-1.18,0.22,8.424,6.133
2628,6.41,8.33001511,70.98184763,35.38,-1.81,6.18,6.399,6.408
3750,5.86,12.03698124,72.67445774,133.71,9.87,14.65,7.148,5.97
128,6.5,0.41376473,73.61187664,75.54,-12.36,15.2,6.74,6.521
3721,5.42,11.94174879,74.84758739,15.03,-5.94,4.06,5.333,5.41
3572,5.64,11.4129637,74.9881262,-14.93,-21.86,11.24,5.739,5.66
2422,6.18,7.72581643,77.01948785,340.4,-34.36,25.37,7.303,6.291
1296,6.35,4.05785281,76.95076267,19.77,-3.13,5.28,6.304,6.382
13367,5.94,42.99478506,68.88851683,2.0,-8.17,2.31,6.782,6.014
13133,6.26,42.23127335,69.63419857,2.89,37.47,15.99,6.448,6.282
16319,6.37,52.58078888,71.86389717,3.85,0.1,3.81,8.69,6.595
12273,5.17,39.50870051,72.81821481,-28.9,15.16,12.73,6.303,5.274
9598,3.95,30.85912643,72.42123962,-44.0,22.51,20.12,3.977,3.95
10350,6.25,33.33768876,74.0278103,47.07,-36.83,7.44,7.418,6.363
14862,4.85,47.98432711,74.39386878,14.46,-86.21,20.15,4.902,4.845
19222,6.49,61.7946778,74.00051743,26.52,-65.22,7.97,7.739,6.603
22361,5.96,72.20942983,75.94154357,37.56,-133.28,21.92,6.295,5.997
22152,6.46,71.50160938,76.61137327,74.96,-136.15,31.03,7.043,6.518
25110,5.08,80.64073869,79.23075701,-78.6,161.13,47.66,5.674,5.143
17056,6.25,54.85456402,75.73960152,-5.71,8.65,7.6,7.496,6.354
15547,5.44,50.08158506,77.73490142,64.9,-66.2,12.36,5.703,5.476
23265,5.09,75.08632052,81.19402107,0.99,27.47,9.46,6.795,5.242
20039,6.39,64.46602609,80.53576106,-11.62,9.28,3.45,7.586,6.49
20776,5.42,66.76206107,80.82421018,12.94,-20.9,3.48,6.928,5.534
19461,5.1,62.51160698,80.69867409,-11.57,3.0,9.44,5.827,5.193
9586,6.12,30.79378002,73.85056527,-27.15,1.91,8.98,6.291,6.122
9763,5.22,31.38157411,76.11511028,-12.19,-20.49,7.65,6.429,5.324
6378,6.37,20.49558059,76.23888764,67.85,-34.31,13.04,6.709,6.398
9727,5.27,31.27938922,77.28145654,138.9,-47.56,29.8,5.665,5.31
9568,6.04,30.73767498,77.91627546,-5.33,-5.03,3.03,7.475,6.172
10309,6.46,33.20825793,79.69148012,-22.24,24.5,7.95,6.73,6.478
6261,6.31,20.08104611,77.57046497,-18.46,89.47,8.6,7.467,6.416
760,6.01,2.33262025,79.71464113,106.17,-39.37,8.56,6.294,6.067
6522,6.07,20.94506566,78.72604828,-4.29,3.24,0.1,6.487,6.117
5626,5.6,18.06878934,79.67397492,95.83,-4.91,11.98,5.635,5.594
5412,6.24,17.3012206,80.01167654,-30.97,-39.96,6.97,7.406,6.342
5947,6.27,19.12932621,79.90986944,-48.26,59.0,13.84,6.764,6.312
3132,6.38,9.94897859,82.4935747,-113.67,77.23,30.95,7.046,6.457
14417,5.49,46.53313395,79.41851027,-34.64,10.28,4.69,7.491,5.66
14844,5.92,47.92855231,81.47071191,-45.62,-0.93,16.13,6.122,5.931
13055,5.8,41.94847766,81.44866603,18.78,-78.4,6.54,7.498,5.931
10054,6.05,32.35601743,81.29592818,-34.14,7.13,14.61,6.192,6.062
20982,5.47,67.50249474,83.34013144,-46.72,101.95,10.74,6.539,5.565
20860,5.51,67.05539751,83.80776284,-4.23,11.25,4.76,5.365,5.489
16489,5.62,53.08214603,84.91136314,62.36,-133.04,9.18,6.738,5.711
25911,6.5,82.94999407,85.93871532,17.27,-76.9,10.05,6.901,6.532
10623,6.45,34.18862841,83.56151865,58.29,-42.97,7.62,7.659,6.556
4283,5.59,13.71984836,83.70746159,62.0,-10.71,13.3,5.717,5.601
5372,4.24,17.18399735,86.25711803,80.34,-11.36,10.43,5.838,4.376
19454,5.84,62.5009327,86.62635165,142.7,-87.62,24.44,6.294,5.878
5928,6.2,19.05251889,87.14554531,49.99,-20.22,10.01,7.622,6.311
7283,6.46,23.45214999,89.01571833,64.92,-32.43,10.15,6.581,6.479
11767,1.97,37.94614689,89.26413805,44.22,-11.74,7.56,2.756,2.067
45167,6.14,138.05379452,3.86698952,-50.77,-4.7,8.68,6.135,6.137
44659,4.99,136.49324097,5.09234249,-18.97,-11.01,2.69,6.583,5.127
45150,6.34,137.98204681,5.46865324,-96.41,-10.12,19.65,6.727,6.381
43902,6.13,134.15432348,4.2365855,1.05,-1.81,3.21,7.402,6.234
43570,6.34,133.10076514,5.34032996,-1.92,-7.87,5.96,6.489,6.346
42854,6.37,130.99911135,4.33457298,-15.01,-6.3,4.42,6.303,6.352
42981,6.45,131.39516396,4.66456464,43.63,-77.43,7.87,8.029,6.572
43234,4.35,132.10825351,5.83788486,-17.51,-29.79,9.67,4.323,4.341
42931,6.13,131.25532956,5.68059675,2.52,-3.76,15.78,6.377,6.155
43109,3.38,131.6943593,6.41890691,-231.04,-40.17,24.13,4.248,3.474
44315,6.08,135.38084948,5.64099518,-29.3,-3.92,4.13,7.485,6.184
43813,3.11,133.84868687,5.9455277,-99.76,14.65,21.64,4.403,3.232
44406,5.85,135.68676211,7.29826333,-9.32,1.43,4.91,7.263,5.968
46457,5.72,142.12164079,8.18837326,-28.58,-30.79,6.29,7.05,5.829
47508,3.52,145.28799116,9.89239902,-143.67,-37.45,24.12,4.123,3.58
46454,5.4,142.1140705,9.05677114,40.4,2.71,29.05,6.144,5.48
46774,5.07,142.98992745,9.7157982,-8.89,-12.96,6.76,6.832,5.223
46771,4.99,142.98663458,11.3000307,-89.92,-84.0,13.67,6.321,5.084
44798,5.23,136.93676819,10.66821521,-20.36,-9.96,6.74,5.119,5.226
44984,6.48,137.44354427,11.56452847,-44.47,-62.25,26.54,6.883,6.519
45614,6.4,139.46401667,11.50115104,-14.94,-2.16,6.02,6.503,6.406
42313,4.14,129.41419739,5.70379868,-70.27,-6.99,18.21,4.163,4.139
42172,5.91,128.96272402,6.62053814,-134.77,-131.0,37.68,6.528,5.966
42462,6.46,129.85238915,8.01767028,-29.71,-28.74,5.92,7.856,6.57
42049,6.04,128.55561363,8.45237417,6.45,-14.42,17.22,6.418,6.075
44010,6.19,134.42512167,9.38777759,-9.16,-5.75,3.41,7.429,6.293
42917,5.63,131.18768592,10.08171256,-13.55,-17.39,8.0,5.537,5.618
41325,5.13,126.47828013,7.56452889,-33.74,-9.57,9.08,6.307,5.227
42265,5.92,129.27410956,9.65559645,-27.15,-6.77,7.07,6.031,5.933
41904,6.48,128.16611526,10.06602306,5.89,-6.22,6.03,6.469,6.478
41163,6.11,125.98003581,10.63211638,3.69,-22.13,2.93,8.108,6.307
43121,5.89,131.73357081,12.11007629,-65.2,-51.06,16.38,6.037,5.905
42795,5.62,130.8013968,12.6808708,-9.98,2.1,3.17,6.121,5.674
42010,6.26,128.43776897,13.25742717,-32.22,-47.59,10.67,7.803,6.384
43851,5.44,133.98148374,11.62605826,-13.33,-14.42,5.6,7.369,5.61
44066,4.26,134.62165408,11.85777198,41.45,-29.22,18.79,4.441,4.274
44148,6.49,134.8620529,13.07440776,-17.85,-7.02,2.52,8.405,6.651
45410,5.36,138.80781962,14.9415367,-39.61,-12.33,4.65,7.077,5.502
45170,6.49,138.07443958,14.99544127,-524.47,245.13,48.83,7.423,6.568
43454,6.36,132.75638589,15.35047458,-118.13,72.47,25.02,7.183,6.444
43970,5.22,134.31213728,15.32271727,61.23,18.46,20.39,5.425,5.243
44001,5.68,134.39651273,15.58123453,60.93,19.01,20.3,5.952,5.709
43957,6.17,134.2846028,17.14383105,-41.37,-32.95,8.5,7.462,6.271
43811,6.28,133.84534491,17.2312602,-3.18,6.44,0.9,10.367,6.552
44126,6.3,134.79483391,18.13503174,-49.82,-67.96,4.68,8.306,6.528
48029,6.44,146.85831194,11.56817726,-49.9,-4.83,11.14,6.753,6.47
47959,5.67,146.59723787,11.81000106,-15.45,17.28,4.65,7.612,5.834
48324,6.45,147.75821994,13.06625701,19.73,-7.42,1.76,8.539,6.624
47723,5.36,145.93292295,14.02170696,5.18,-6.13,4.57,7.453,5.555
47096,6.32,143.9704538,14.3795934,-41.21,-2.22,6.39,6.343,6.297
47189,5.73,144.2607944,16.43795912,-16.99,-3.01,3.42,7.318,5.868
47779,6.49,146.12501707,18.8636265,-0.18,-55.15,7.02,7.975,6.608
49445,6.36,151.42068743,15.75752363,-77.31,-7.2,8.77,6.804,6.408
49583,3.48,151.83313948,16.76266572,-1.94,-0.53,1.53,3.477,3.508
51161,6.15,156.75217477,19.36455135,-59.42,-5.57,9.92,7.618,6.264
50564,4.78,154.93462599,19.47143591,-229.99,-214.66,47.24,5.337,4.834
50583,2.01,154.99234054,19.84186032,310.77,-152.88,25.96,3.792,2.366
50174,6.02,153.62432406,21.1682327,-143.16,-72.05,19.27,6.706,6.087
49220,5.68,150.70399581,21.9492707,-13.75,-5.28,2.06,5.435,5.639
46232,6.31,141.38562969,16.58564659,-82.56,-24.28,11.99,7.566,6.402
45272,6.48,138.40529629,21.28323198,-15.48,-10.88,6.57,6.525,6.474
48218,6.1,147.45884141,21.17945754,-43.98,-14.42,6.34,6.389,6.104
48023,6.49,146.8425198,23.64769203,-16.06,-2.37,5.07,7.892,6.607
47908,2.97,146.4629267,23.77427792,-46.09,-9.57,13.01,3.984,3.058
48390,5.29,147.97093576,24.3957937,20.98,-174.56,24.9,5.579,5.32
48455,3.88,148.19149028,26.00708498,-216.29,-54.92,24.52,5.483,4.017
46750,4.32,142.93016816,22.96806545,-19.38,-39.04,9.69,6.332,4.483
46938,6.26,143.49653757,23.4541199,-43.63,-82.74,6.41,8.186,6.431
47550,6.26,145.41040299,25.9129554,-18.68,-32.63,6.03,7.849,6.389
40354,6.39,123.58752479,13.04834017,-18.85,-18.35,4.2,7.703,6.485
41400,5.56,126.68312445,12.65486252,-17.37,-103.01,3.1,7.6,5.759
41578,5.94,127.15561552,14.21085416,-13.81,-13.08,10.6,6.189,5.976
39567,5.14,121.2687908,13.11837053,-35.2,-63.86,15.49,5.167,5.148
39067,6.05,119.89611315,13.24220492,-20.6,-16.16,10.83,7.804,6.21
39874,6.25,122.17684992,13.64094892,2.56,-13.08,11.72,6.796,6.297
40058,6.22,122.74540846,14.62951511,-22.3,-16.78,5.61,6.228,6.218
39236,5.99,120.37619077,16.45532309,4.25,-5.94,6.91,5.97,5.982
40675,6.42,124.56013945,15.67793154,-18.83,-4.71,6.72,7.714,6.526
41319,6.11,126.45830668,17.0466377,-192.75,-152.48,22.24,6.616,6.155
40231,6.03,123.24890279,16.51434897,-10.85,-12.03,6.18,7.144,6.138
40342,6.47,123.54642043,17.67591954,0.89,14.75,9.91,6.847,6.505
40167,4.67,123.05295353,17.64813756,28.29,-150.94,39.11,,
42187,6.33,129.03212308,15.31368827,5.99,-23.23,12.23,6.729,6.357
41822,5.33,127.8990288,18.09455771,-60.05,-56.5,6.6,7.404,5.534
42911,3.94,131.17129209,18.15486399,-17.1,-228.46,23.97,5.334,4.053
43427,6.41,132.68804465,18.83223974,-11.83,-23.47,4.28,6.412,6.403
42556,6.29,130.11263537,19.54484056,-33.74,-13.57,5.95,6.492,6.309
42549,6.42,130.09212013,19.66997035,-35.22,-13.15,4.31,7.727,6.539
42516,6.39,130.02683455,20.00781645,-35.02,-11.77,5.55,7.628,6.481
41117,5.94,125.84113148,18.33228008,-53.59,-33.05,8.26,6.168,5.964
41833,6.5,127.92213478,18.98778412,-25.79,-21.5,3.18,8.449,6.652
41909,5.33,128.17718645,20.44127049,-44.65,-44.71,10.46,6.965,5.477
42806,4.66,130.82172127,21.46859609,-106.94,-39.25,20.58,4.696,4.67
38848,5.8,119.24778711,15.79038246,-28.28,-41.64,7.06,7.472,5.954
38975,6.05,119.63114807,16.51869028,-7.3,-4.35,2.33,7.984,6.194
39177,5.6,120.19714045,17.30870968,-10.34,-2.73,4.52,7.305,5.744
38394,6.03,117.98667865,19.32517752,-48.52,-38.2,7.85,7.467,6.17
39535,6.21,121.18882813,18.84206757,-25.73,-19.63,10.92,6.163,6.203
39180,6.3,120.20040476,19.81623542,8.78,-8.03,9.45,7.722,6.423
38722,5.38,118.91626746,19.88406657,-14.67,-39.79,9.61,5.333,5.374
37300,5.04,114.86912974,17.67451551,2.26,1.34,6.13,7.127,5.222
37908,4.89,116.53122379,18.51016877,-75.55,-51.53,9.55,6.773,5.04
37636,6.25,115.84247968,22.39943231,-22.55,16.32,10.63,7.415,6.341
38106,6.18,117.14019136,23.14098449,-10.88,-2.04,3.1,6.873,6.26
40866,5.8,125.0872189,20.74783186,64.81,-45.59,6.39,7.274,5.928
39780,5.3,121.9410051,21.58197937,23.08,-67.23,42.86,6.078,5.368
41940,6.35,128.25060265,24.08490572,-64.67,-47.47,7.75,7.652,6.449
41816,5.71,127.87738017,24.08121618,-82.12,-45.72,13.75,6.078,5.733
41574,6.05,127.15335153,24.14505062,-39.17,-47.96,12.01,6.34,6.075
40881,5.92,125.13395549,24.02235699,-20.67,-17.84,7.78,5.864,5.91
41404,6.3,126.69614859,26.9354857,-9.57,1.27,11.78,6.416,6.189
39659,5.96,121.57666469,22.63551163,-7.43,-9.03,5.21,8.112,6.166
39194,6.34,120.25330632,23.58316149,-19.63,-28.17,11.83,7.644,6.471
40023,5.73,122.61344988,25.50817993,-71.82,-348.06,23.82,6.745,5.815
39263,6.32,120.43238778,25.08943685,-23.32,11.69,5.45,6.345,6.32
39191,5.87,120.23275932,25.39282019,17.78,6.49,2.9,7.167,5.975
40007,6.44,122.55464962,25.84455571,-15.12,-30.84,3.16,8.257,6.586
40843,5.13,125.01613464,27.21862138,-18.38,-376.26,55.17,5.689,5.182
39607,6.21,121.40439059,27.52976278,5.34,-11.11,3.49,,
45033,6.04,137.58690182,21.99640459,3.5,4.44,7.76,7.147,6.122
44946,5.16,137.33972475,22.04544728,-0.48,-0.7,8.57,6.388,5.256
44768,6.39,136.86254944,22.98086458,-168.24,2.91,16.97,6.867,6.4
44405,5.45,135.68444595,24.45293256,-2.56,-7.13,7.14,5.402,5.445
44892,5.95,137.19758758,26.63001213,-139.12,-370.44,31.98,6.781,6.032
43834,5.23,133.91537004,27.92756265,-14.98,-33.37,5.68,6.49,5.342
44342,6.07,135.45367284,27.90278284,-64.19,-77.89,17.03,6.346,6.087
46058,6.41,140.88272405,25.1828384,-120.14,0.64,4.8,7.52,6.511
46146,4.47,141.16366395,26.18244091,-31.13,-48.06,15.28,6.069,4.605
46891,6.5,143.32632739,28.36801811,-42.12,-32.31,10.85,6.669,6.521
47701,5.64,145.88863057,29.97472479,-16.87,-103.45,20.48,5.776,5.651
47168,5.57,144.17854374,31.16184064,2.3,-43.74,6.87,7.635,5.756
44818,5.42,137.00029758,29.65422729,-31.08,3.39,12.56,6.558,5.52
45058,6.04,137.66168928,30.9632192,-9.41,-33.05,8.21,7.84,6.229
45896,6.16,140.36322747,32.9022065,11.21,-22.76,10.3,7.583,6.293
45860,3.14,140.26441169,34.39252592,-222.8,14.78,14.69,5.183,3.316
43575,6.25,133.11916908,28.25917608,-18.03,-7.03,3.68,8.299,6.471
43587,5.96,133.15055377,28.33138843,-485.48,-234.4,79.8,7.057,6.043
43103,4.03,131.67430955,28.76000509,-20.69,-43.95,10.94,5.286,4.132
44031,6.25,134.49430922,30.23375878,46.26,27.51,19.92,6.787,6.295
43721,5.4,133.56126962,30.57917723,38.97,-25.57,8.93,6.779,5.534
42954,6.12,131.33926878,30.69776209,-3.27,-4.26,6.84,7.292,6.219
41377,5.58,126.61553314,27.89386239,-34.48,-114.89,8.19,7.429,5.746
42538,6.21,130.07630863,31.94197425,-39.35,-31.3,9.31,6.686,6.254
42365,5.96,129.57915784,32.80202805,-24.29,-3.04,8.88,7.386,6.079
44307,5.89,135.35053849,32.25229474,0.3,0.72,6.4,5.956,5.858
44154,5.23,134.88618568,32.41864339,-44.33,-34.61,10.19,6.38,5.328
44574,6.46,136.22967098,32.37698738,-58.93,-63.6,12.6,6.751,6.491
44825,6.47,137.01754785,32.54045613,-80.18,-23.55,9.34,6.907,6.523
43932,5.44,134.23597642,32.91058931,-53.39,-65.58,16.73,5.649,5.46
43584,5.67,133.14426783,32.47412331,-3.78,13.88,16.01,5.936,5.691
45412,5.98,138.80982607,34.63339985,-157.52,47.81,7.17,7.031,6.078
44897,5.95,137.21335301,33.88249742,-191.06,-115.4,52.25,6.683,6.017
45661,5.94,139.60809965,35.36412574,-48.17,-18.99,6.46,6.464,6.269
43410,6.22,132.63444521,33.28525915,-62.22,-85.02,34.86,6.859,6.273
43685,6.14,133.48208292,35.53833749,-26.18,-17.88,3.43,6.21,6.151
44231,6.21,135.12837461,37.60435051,-13.19,0.99,3.87,8.291,6.399
44700,4.56,136.63245022,38.45225024,-28.37,-14.34,4.81,5.877,4.673
44331,6.39,135.41996619,39.71370429,-41.39,-76.52,15.24,6.755,6.428
43894,5.9,134.12740931,40.20156718,-81.85,-38.31,13.81,6.335,5.935
52457,5.08,160.85429114,23.18838442,-116.66,8.27,15.72,5.128,5.079
52422,5.51,160.75811147,26.32569732,-99.56,-49.34,22.0,5.728,5.534
50384,5.81,154.31166926,23.10645604,-413.29,-97.22,44.01,6.411,5.874
50335,3.43,154.17251805,23.4173284,19.84,-7.3,12.56,3.815,3.474
50319,5.95,154.13507067,23.50301282,-200.23,33.89,32.94,6.78,6.041
50516,6.42,154.75309046,24.71212042,-55.21,7.26,2.78,8.23,6.57
50336,5.84,154.1743314,25.37069774,-128.51,3.18,10.35,7.393,5.973
53355,6.19,163.67584742,25.49072336,-54.26,-0.42,8.04,6.547,6.228
52959,6.05,162.47388998,27.97387214,-10.54,31.22,12.81,6.502,6.094
52882,6.15,162.23867399,29.41614877,-80.2,-37.66,5.45,7.63,6.277
52638,5.36,161.46630065,30.68240198,-26.61,-36.43,8.64,5.289,5.344
52098,4.68,159.68005265,31.97622008,0.1,7.18,6.88,5.715,4.774
52366,6.02,160.54695661,31.69704343,-3.18,-18.84,4.39,8.072,6.232
53426,5.02,163.93526063,33.50699574,-111.67,-27.59,13.33,6.443,5.151
53377,5.73,163.74258356,34.03490757,-57.68,-45.2,10.69,7.05,5.843
53229,3.79,163.32766612,34.21556641,92.47,-286.06,33.4,5.145,3.91
50109,6.05,153.45718363,27.13582714,-28.99,-3.32,8.39,7.095,6.142
48895,6.48,149.60881468,27.75906843,-116.6,-28.35,14.98,6.884,6.513
50316,6.46,154.117184,28.68270332,-62.33,-92.18,31.25,7.236,6.533
50303,5.49,154.06033082,29.31055982,-71.25,-24.05,12.67,5.514,5.492
50904,6.36,155.92402043,29.61588746,-7.9,-13.12,8.71,7.763,6.492
50218,6.47,153.77651322,31.46807457,-36.47,-3.65,4.27,7.54,6.562
48982,5.75,149.9011569,29.64532453,-94.44,-37.84,10.05,7.099,5.864
49658,6.23,152.06642598,31.60427591,-79.91,-91.81,15.8,6.765,6.28
49081,5.37,150.25425132,31.9247146,-529.22,-428.93,67.14,6.216,5.458
49593,4.49,151.85718812,35.24469176,50.97,0.64,35.78,4.716,4.507
51556,5.9,157.96401631,32.3795376,17.1,6.89,13.33,6.041,5.923
51056,4.72,156.47861301,33.79626364,-75.28,-59.0,15.76,5.04,4.756
50935,5.52,156.03589322,33.71853542,-15.65,-1.93,7.97,7.05,5.647
52032,6.42,159.46782433,34.07861018,-18.93,5.2,2.75,8.194,6.564
51685,5.57,158.3788815,34.98870207,-28.7,-3.08,6.18,5.611,5.579
51914,6.29,159.08914483,36.32700891,36.92,-33.84,21.6,6.786,6.338
52139,5.84,159.78248119,37.9101113,-220.38,-45.73,20.44,6.557,5.907
50860,5.89,155.776407,33.90815509,-14.13,-4.29,14.18,6.071,5.91
51047,6.49,156.43749608,35.42557117,-107.01,-58.05,7.9,7.887,6.596
51233,4.2,156.97121865,36.70747818,-127.52,-109.62,22.34,5.361,4.31
51420,5.79,157.52691646,38.925143,-15.68,-4.62,4.29,5.897,5.802
51658,4.72,158.30832166,40.42554046,-142.04,8.0,29.13,4.981,4.749
55219,3.49,169.61981385,33.09423881,-26.61,27.51,7.74,5.34,3.656
55821,6.33,171.60659859,33.4505652,-35.83,17.47,17.36,6.865,6.383
54745,6.41,168.13553992,35.8144481,-248.55,-151.33,46.04,7.163,6.476
54522,5.71,167.32963314,36.30943441,-44.02,-22.81,8.61,7.582,5.939
53726,5.99,164.88641202,36.09322401,67.25,-51.05,3.67,8.057,6.186
54136,6.01,166.13033202,38.2413615,-72.1,1.36,12.41,6.215,6.043
55266,4.76,169.78309755,38.18572227,-57.15,-68.1,17.82,4.905,4.775
54842,6.33,168.41709505,41.08879703,-13.73,16.26,9.83,7.652,6.294
56410,6.38,173.48489895,36.81573666,-126.15,-50.37,7.68,7.73,6.497
56034,5.3,172.26734378,39.33694235,-53.83,13.22,15.59,5.379,5.356
56148,5.94,172.62987804,43.17304329,-49.2,81.81,17.82,6.553,6.0
56770,5.56,174.58619878,43.62551361,-146.17,-34.98,21.91,5.973,5.606
56809,6.29,174.68913216,45.10837959,-593.87,14.8,42.94,7.016,6.322
53838,5.06,165.21033423,39.21213189,-80.94,-16.34,8.09,5.359,5.093
53721,5.03,164.86756582,40.43012281,-315.92,55.15,71.04,5.791,5.102
53465,6.03,164.0604469,42.0083921,14.4,-97.54,10.46,7.488,6.157
53791,6.03,165.0865095,42.91202075,-107.87,-122.13,21.98,6.726,6.092
54537,5.89,167.41064299,43.20775162,-66.98,-6.43,5.76,7.953,6.094
54539,3.0,167.41608092,44.49855337,-62.35,-27.38,22.21,4.49,3.128
53295,4.66,163.49460834,43.19001538,44.78,-24.43,12.22,4.636,4.665
53781,5.47,165.06123415,45.52626916,9.66,3.03,3.7,7.383,5.624
55560,4.99,170.70672415,43.48273665,-36.87,-13.85,6.63,6.252,5.095
56135,6.3,172.60345695,46.65746586,-5.36,27.66,3.31,7.944,6.452
56789,6.09,174.63976309,46.83427569,-35.43,-27.36,9.29,6.55,6.125
57399,3.69,176.51305887,47.77933701,-138.38,28.37,16.64,5.247,3.834
56170,6.4,172.72142828,47.92910067,-222.13,-75.26,9.93,7.518,6.499
56731,6.14,174.47103325,50.61827506,-47.33,-26.48,7.07,7.49,6.237
58001,2.41,178.45725536,53.69473296,107.76,11.16,38.99,2.48,2.431
47544,5.9,145.39627242,31.27784047,15.54,-9.58,3.46,7.958,6.069
46652,5.87,142.68013936,33.65582773,-21.01,-48.17,6.33,7.185,5.978
46735,5.39,142.88520681,35.10350902,-55.17,-97.25,7.48,7.377,5.56
47631,6.12,145.67814044,35.09349974,-20.0,-53.0,18.76,6.552,6.157
47080,5.4,143.91678098,35.81076694,-730.05,-260.62,89.45,6.37,5.478
46952,4.54,143.5557374,36.39761338,6.82,-22.89,18.52,5.688,4.644
46904,6.19,143.37639032,36.48703015,40.32,-33.17,7.87,7.83,6.327
47570,5.61,145.50158521,39.75796859,-49.55,-48.31,9.59,6.821,5.719
49893,5.86,152.80330481,37.40197095,-20.32,-29.01,5.41,7.515,5.989
49870,6.34,152.74573467,40.66160239,-9.04,2.35,5.47,7.94,6.463
51200,6.0,156.86699226,41.60121201,-47.23,-72.72,15.09,6.191,6.029
50786,5.73,155.54439708,41.22986684,-120.17,-138.6,25.65,6.371,5.793
50801,3.06,155.58251355,41.4994335,-80.47,34.1,13.11,5.126,3.236
50485,6.48,154.63714463,43.04863393,-123.91,-77.74,28.08,7.654,6.586
50372,3.45,154.27469564,42.91446855,-170.11,-42.64,24.27,3.501,3.447
48833,5.11,149.42143543,41.05569741,-116.94,-26.26,34.61,5.663,5.163
50509,6.42,154.74487172,46.7608552,-49.37,-31.92,3.93,7.962,6.553
45688,3.82,139.71111394,36.80289763,-32.61,-123.78,26.75,3.987,3.929
45858,6.12,140.24751937,38.18831027,-43.49,-20.01,20.91,6.646,6.201
47029,4.81,143.76605199,39.62144313,-29.64,20.67,14.23,6.072,4.919
47300,5.28,144.59077851,40.23976693,-14.37,10.87,26.05,5.56,5.315
44248,3.96,135.16146765,41.78344401,-487.67,-219.29,60.86,4.494,4.015
45290,5.3,138.45095799,43.21791261,-28.41,-36.23,5.69,5.127,5.276
46879,6.49,143.29692419,45.51385304,-15.63,-39.14,5.58,7.944,6.598
46471,5.4,142.16664439,45.6017947,-6.4,-128.2,11.33,6.673,5.517
45888,6.4,140.34837898,45.37014999,-9.17,-20.19,4.57,8.102,6.547
48861,6.34,149.48683606,45.4143805,6.43,-34.11,7.8,7.739,6.451
48113,5.08,147.14660351,46.02123319,222.07,-92.62,54.26,5.847,5.155
47633,6.36,145.67966736,48.43105765,-30.54,-23.75,7.49,6.373,6.363
48682,5.27,148.92919035,49.81979501,-3.45,19.66,14.65,5.372,5.284
49408,6.31,151.29331383,52.37131399,-14.01,-4.92,9.88,6.468,6.328
52469,5.18,160.88798925,46.2040376,-268.17,-66.06,28.05,5.559,5.219
51290,6.37,157.15224061,45.21226261,-21.8,-21.03,4.27,8.094,6.508
51248,6.42,157.01587881,48.78704437,80.56,-881.76,42.45,7.172,6.504
50546,6.0,154.86200567,48.39703112,-105.97,-110.66,23.08,7.308,6.114
53798,6.41,165.10659506,51.50214021,-29.93,-15.96,5.74,7.683,6.516
53706,6.22,164.82454851,51.88236813,-18.02,-3.85,4.79,7.969,6.354
53157,6.44,163.13380917,52.50373112,-58.63,-51.87,10.35,7.87,6.563
55086,5.88,169.17469204,49.47627707,-85.18,-11.02,7.74,7.296,6.0
56510,5.63,173.77040437,54.78537508,10.66,18.02,7.94,6.954,5.748
57045,6.28,175.43132179,55.17199339,-19.67,7.28,3.24,8.236,6.446
57477,5.27,176.73170252,55.62826771,13.44,-31.92,15.8,6.918,5.397
58181,5.83,178.99336544,56.59856271,7.7,-1.22,10.34,7.25,5.955
55797,5.73,171.48826775,55.85034058,-71.92,48.81,9.38,6.995,5.844
56083,6.29,172.43191375,56.73765523,-89.53,-33.79,14.73,6.482,6.304
56944,6.35,175.11433318,57.9703736,-9.39,12.68,6.2,6.217,6.324
53261,5.12,163.39382839,54.58515228,-66.85,-9.83,4.82,6.865,5.27
52136,5.55,159.77393431,53.66849306,-90.15,-79.36,6.34,7.203,5.686
53043,5.66,162.79617975,56.58223677,-69.47,5.46,9.32,7.124,5.789
50606,6.45,155.06199812,53.77926966,-88.11,49.87,32.7,7.15,6.521
50635,6.01,155.12993389,54.21685357,-34.89,-6.03,7.13,7.472,6.143
49363,5.71,151.15143814,53.8917256,-22.58,-3.84,21.15,6.302,5.77
51459,4.82,157.65735143,55.98061759,-177.02,-33.45,77.82,5.457,4.883
52685,6.34,161.59390791,57.3660545,-53.18,-57.57,4.31,8.391,6.533
52478,5.79,160.93048735,57.19932851,17.38,-51.66,8.87,5.74,5.784
51814,5.16,158.79009325,57.08254651,65.65,37.11,37.8,5.563,5.194
53910,2.34,165.4599615,56.38234478,81.66,33.74,41.07,2.385,2.349
55485,6.43,170.45563074,57.07484314,-58.31,5.81,12.79,6.626,6.45
58259,6.22,179.22197144,61.5493189,-30.51,-43.4,5.33,7.432,6.326
56290,5.46,173.08648748,61.08275166,-14.21,-95.13,36.34,6.075,5.533
53064,5.57,162.84899001,59.32024369,-29.73,-51.2,12.39,7.057,5.687
54061,1.81,165.93265365,61.75111888,-136.46,-35.25,26.38,3.185,1.934
56035,5.83,172.26959813,61.77778557,-113.93,239.58,30.4,6.266,5.875
56816,6.49,174.70466971,64.34696298,12.47,1.05,5.09,6.597,6.437
36156,5.94,111.73470421,20.25758199,2.26,-10.36,8.04,6.319,5.972
36238,5.2,111.93497685,21.44554856,-49.56,-123.9,29.38,5.765,5.29
35550,3.5,110.0307889,21.98233941,-18.72,-7.76,55.45,3.946,3.579
35842,6.17,110.86730662,22.94543651,-25.93,-35.94,10.46,6.179,6.173
37428,5.93,115.24384521,23.01855829,-7.21,-13.04,2.14,7.955,6.099
37740,3.57,116.11195237,24.39812929,-22.45,-56.24,22.73,4.767,3.674
37269,6.18,114.80003143,24.22252771,-2.26,0.18,7.5,6.213,6.183
37165,6.37,114.55984487,24.36039278,10.84,19.9,21.27,6.769,6.414
37704,5.3,116.02884762,25.78421056,-13.4,-21.21,5.48,7.321,5.475
35846,5.04,110.8689755,25.05060041,-66.59,-28.44,21.17,6.175,5.129
34819,5.85,108.10994955,24.12870291,-15.74,-44.94,9.34,6.315,5.895
35025,5.84,108.67476926,24.88520186,54.8,-89.5,9.68,7.848,6.016
35253,6.38,109.26401639,26.68980471,57.22,-131.62,11.0,7.515,6.493
36962,4.06,113.98071783,26.89600343,-39.58,-108.08,13.57,6.087,4.246
36325,6.36,112.16621622,27.55287954,17.01,24.23,10.16,7.955,6.504
35941,5.77,111.13935024,27.63781901,14.32,15.45,15.57,6.203,5.814
36046,3.78,111.43198371,27.79828561,-121.28,-84.43,25.9,5.101,3.901
36429,5.01,112.4532548,27.91619925,-23.96,-21.67,8.51,6.451,5.136
36393,5.07,112.33526392,28.1184038,-33.3,-52.91,20.0,5.233,5.085
38538,4.97,118.37431874,26.76585858,-34.02,-31.17,12.82,5.105,4.988
37826,1.16,116.33068263,28.02631031,-625.69,-45.95,96.74,2.455,1.325
39424,4.94,120.87957982,27.79441794,-28.53,-35.25,12.66,6.41,5.065
39958,6.47,122.3966208,29.09309528,-10.58,-7.91,0.83,7.47,6.56
40240,5.62,123.28697716,29.6565862,-10.39,-20.48,3.74,5.536,5.607
37629,4.23,115.82785545,28.8840717,61.84,-231.26,26.68,5.691,4.374
36896,5.34,113.78673794,30.9609101,-25.16,5.83,10.78,6.637,5.454
37339,6.16,114.97540702,32.00982411,-15.06,-39.74,11.86,6.601,6.206
38016,5.14,116.8764029,33.41576665,-18.81,-28.63,5.8,7.253,5.324
38319,6.06,117.75987223,33.2336363,-17.78,7.02,15.69,6.264,6.071
34722,5.75,107.84616679,26.85666896,-20.57,-33.5,8.36,5.903,5.768
35152,5.75,108.98823076,27.89742666,-14.07,-3.24,3.02,7.83,5.938
34860,6.46,108.20449197,27.22506034,13.25,-97.78,22.65,7.127,6.59
34367,6.47,106.85367604,28.17669553,-7.19,-0.38,5.94,6.365,6.45
34693,4.41,107.78496505,30.24528065,-31.0,-48.4,10.81,6.049,4.534
35345,6.19,109.51705909,30.95592678,-4.9,-22.39,5.33,6.153,6.189
34017,5.93,105.87647681,29.33909345,155.73,-828.01,52.37,6.664,6.002
34428,6.31,107.05532498,33.83245659,-7.76,-28.16,3.88,8.074,6.455
34358,5.94,106.84338053,34.00936165,-18.27,-30.43,4.79,7.9,6.098
34267,5.55,106.54845981,34.47408682,-55.0,-49.06,10.68,6.695,5.651
36366,4.16,112.27754045,31.78407932,159.33,193.82,54.06,4.556,4.212
36850,1.58,113.65001898,31.88863645,-206.33,-148.18,63.27,,
37580,6.05,115.68169569,34.00022479,-83.5,-2.81,18.31,6.595,6.093
37265,4.89,114.79148501,34.58463287,-35.97,-118.03,20.62,5.392,4.939
37204,5.58,114.63681646,35.04848403,37.26,27.28,10.65,6.747,5.684
37369,5.77,115.06134304,38.34456671,-40.19,-11.53,4.0,7.904,5.952
35710,5.12,110.51120175,36.76063782,-98.6,-22.08,13.9,6.524,5.254
36740,6.4,113.35345342,37.18788282,-0.55,5.87,6.16,8.0,6.539
35725,6.4,110.5558717,38.99603466,0.92,-37.35,6.12,7.989,6.538
41262,6.08,126.27039729,35.01143577,-12.43,-11.14,4.57,7.709,6.21
41975,6.2,128.34098179,36.43642315,-145.01,2.6,26.8,6.649,6.238
41798,6.18,127.83323549,37.2650151,-14.56,-29.85,4.13,6.129,6.176
39279,6.34,120.47999582,35.41308517,-25.04,-6.78,4.96,8.408,6.526
39094,6.5,119.96413674,36.08209513,-26.72,-8.09,4.01,8.556,6.677
38723,6.23,118.9202868,35.41274781,-56.04,-26.18,16.55,6.551,6.259
42090,5.76,128.68293147,36.41971903,-26.73,-41.19,10.17,5.817,5.76
41935,5.88,128.22939892,38.01678677,-104.55,-172.32,15.53,7.318,6.007
43550,5.98,133.04187782,42.00288543,-32.72,-61.99,6.8,7.607,6.124
43531,5.15,132.98684264,43.72649196,-13.91,45.63,11.91,6.388,5.261
41224,6.02,126.1781942,42.00521805,9.02,9.84,3.12,8.116,6.202
41075,4.25,125.70887544,43.18837233,-25.62,-99.44,8.39,6.288,4.426
42604,5.35,130.25436677,45.83378521,27.19,92.49,18.11,6.619,5.475
41484,6.32,126.9033388,45.65384111,-18.98,-351.48,45.89,7.085,6.393
38349,6.49,117.81393599,37.08215389,-2.06,-28.19,8.29,8.493,6.678
37946,5.15,116.66358038,37.51736326,30.18,12.7,9.99,7.237,5.351
39938,6.26,122.34608921,42.43078783,-10.93,-73.67,5.32,7.908,6.406
39722,6.35,121.79147297,43.26044834,-12.56,-34.36,6.9,6.316,6.338
38959,6.36,119.56888565,43.97736214,38.82,4.94,6.3,7.696,6.475
37091,6.34,114.32418974,40.02550216,-15.06,-48.99,5.1,8.411,6.525
36965,6.37,113.98332747,43.03108733,-26.13,-52.69,8.29,6.904,6.538
38403,6.5,118.01622073,45.93309767,-32.72,-44.65,9.6,6.747,6.524
38623,6.25,118.62199178,47.38597337,-16.08,3.55,5.3,7.711,6.375
38639,5.47,118.6780776,47.56459225,-48.4,1.48,6.42,7.388,5.625
39847,4.78,122.11459795,51.50667575,-60.1,-2.15,14.96,4.842,4.805
32740,5.72,102.42224358,32.60687904,-39.68,-50.71,10.63,7.414,5.868
33421,5.91,104.25223594,33.68103629,-24.49,0.99,8.47,7.029,6.017
33018,3.6,103.1972503,33.96136985,-2.66,-47.67,16.59,3.753,3.62
33044,6.03,103.26475164,35.78800835,-1.62,-5.44,4.67,7.937,6.192
33453,6.48,104.3270914,37.39473253,0.94,-4.09,3.28,8.676,6.702
32040,6.48,100.40737405,35.93199076,-17.81,-25.9,12.71,7.081,6.538
32268,6.37,101.05216634,36.10925853,5.17,-0.09,3.59,6.456,6.384
32190,6.21,100.80718325,37.14743034,25.24,-22.54,6.82,7.523,6.324
32746,6.49,102.43457913,37.51273042,-22.86,7.3,4.33,8.533,6.665
33133,6.46,103.48780858,38.50508594,-0.45,-27.72,3.95,6.399,6.443
33064,6.32,103.30570458,38.43844844,42.31,-178.92,15.21,6.926,6.383
33041,6.1,103.25588612,38.86913968,-3.4,7.2,6.15,6.553,6.138
31579,5.4,99.13682373,38.4455521,-1.76,-21.41,1.8,9.302,5.764
31771,5.7,99.66480928,39.3911153,-22.05,-107.49,10.3,7.489,5.855
31789,5.34,99.70494411,39.90258791,-8.37,-11.99,4.3,5.243,5.331
34462,6.19,107.15103117,37.44513204,-6.29,-14.94,4.69,7.729,6.319
35317,6.48,109.42770486,38.876336,-4.58,-29.33,6.22,7.761,6.599
34752,4.91,107.91371845,39.32054373,44.17,2.09,7.02,6.821,5.065
33614,6.02,104.76199195,38.05261545,-42.86,-122.69,5.41,7.599,6.155
35341,5.87,109.50927066,40.88336298,-15.04,12.15,12.18,6.089,5.892
35907,5.23,111.03529509,40.67244066,-3.35,-21.11,4.48,6.814,5.329
35623,6.33,110.26297004,42.65599942,-17.59,-35.59,4.05,8.169,6.489
32844,4.99,102.69151315,41.78156548,-23.94,-138.02,8.95,6.619,5.123
32480,5.24,101.68474593,43.57702483,-0.28,165.49,60.56,5.93,5.308
33269,6.16,103.81106808,43.91004808,1.64,-6.97,3.75,6.536,6.192
33485,4.9,104.40468738,45.09410202,-21.67,-3.18,14.49,4.945,4.904
33056,6.24,103.2815609,44.84008268,5.44,-58.41,9.08,6.515,6.26
33271,6.31,103.81338898,45.82658764,-31.15,-73.84,8.52,7.495,6.422
33377,5.85,104.13358487,46.27398621,-3.59,4.98,3.95,5.741,5.833
33415,5.88,104.23387146,46.70553754,-92.66,-76.25,9.76,7.284,6.0
31832,4.8,99.83261264,42.48901214,-0.97,-55.65,7.54,6.396,4.931
29114,6.34,92.09639645,41.05584589,0.89,-49.27,8.5,7.675,6.458
29025,6.15,91.86149787,41.85432982,-2.31,-19.79,3.91,7.711,6.287
28677,6.08,90.82447173,42.91188721,104.99,-132.78,12.47,7.351,6.196
28823,5.9,91.26425064,42.9819855,-44.61,-144.2,19.38,6.3,5.933
28642,6.38,90.72287474,43.37840424,8.65,-28.91,7.95,7.928,6.5
28438,6.21,90.07885266,44.5921069,-31.17,-38.71,8.94,7.714,6.355
28499,5.71,90.24399472,47.90197432,3.02,-21.03,3.19,5.696,5.709
31889,6.35,99.99111506,44.01410409,22.35,4.09,4.92,7.936,6.487
32173,5.04,100.77086794,44.52452351,-45.05,-30.28,10.66,6.983,5.208
30972,5.88,97.51241701,46.68553561,-6.64,7.5,6.15,7.774,6.038
29949,6.33,94.57022944,46.36076039,12.56,-130.38,9.43,7.797,6.455
28634,6.49,90.68796982,47.80930399,32.23,92.58,35.21,7.167,6.559
28562,5.98,90.42938625,48.95946915,7.1,-9.89,4.75,7.859,6.137
29388,5.78,92.90241065,48.71112468,14.3,-55.85,10.49,6.252,6.172
28637,6.04,90.7024562,49.90578464,14.37,-43.75,7.95,5.995,6.036
30520,4.92,96.22459158,49.28789903,0.82,-2.48,0.85,7.484,5.174
29569,6.07,93.43893097,51.17262369,-2.07,-63.63,8.08,7.42,6.189
28765,6.39,91.12127446,51.5734987,2.3,-42.82,8.28,6.621,6.416
29404,6.28,92.94129224,52.64736426,4.06,-73.13,9.97,6.464,6.292
35643,5.74,110.32308085,45.22817039,-49.53,12.12,28.99,6.143,5.782
35136,5.54,108.95880519,47.24041621,29.44,-186.12,59.31,6.251,5.612
37023,5.66,114.13190951,46.18036783,-28.39,-32.92,6.29,7.698,5.831
36351,6.42,112.2194221,46.31477733,-41.6,-65.7,9.67,7.975,6.551
37441,5.58,115.30185616,48.13185153,-52.69,-130.99,10.01,6.86,5.7
37140,5.93,114.47449454,48.7739115,-32.62,-28.48,12.44,6.196,5.935
36348,5.7,112.21452104,48.18403758,-3.18,-44.36,7.95,5.585,5.693
36145,4.61,111.67858726,49.21164489,-10.79,-48.57,13.11,4.611,4.614
36439,5.35,112.48273588,49.67266207,110.4,-82.01,50.25,5.896,5.409
34168,6.37,106.28745032,47.77504347,0.28,0.09,2.36,6.305,6.363
35384,5.0,109.63324602,49.46474619,-1.36,3.91,10.97,5.133,5.028
34912,5.46,108.34747243,51.42871249,8.19,13.44,4.22,7.611,5.677
34217,6.17,106.41594546,52.75868505,-34.28,-52.38,9.4,6.248,6.133
37701,5.31,116.01744892,50.43386115,-9.29,-27.78,4.73,5.314,5.32
36779,6.44,113.46469859,51.31420147,-11.48,-22.56,3.73,8.2,6.59
35984,5.8,111.23782838,51.88734396,9.46,-35.14,2.84,7.919,5.986
38325,6.03,117.77396083,54.12911093,-40.3,53.28,33.32,6.6,6.082
38449,6.36,118.15188452,55.20954589,-21.76,-42.2,7.41,6.35,6.356
37046,5.93,114.1960282,55.75515475,-10.87,-39.0,11.63,7.383,6.06
35304,5.93,109.39050118,52.13111463,-0.63,-17.8,5.35,7.574,6.078
35785,5.8,110.71692703,55.28146955,-11.23,-32.04,6.96,5.671,5.762
35146,5.2,108.97924939,59.63809569,-101.07,-258.69,16.88,6.608,5.323
32562,5.22,101.91491974,48.78946087,-5.25,6.4,7.69,6.668,5.341
32261,6.28,101.04781966,53.29642733,34.68,-200.98,13.27,7.686,6.406
32609,5.54,102.05096806,55.70444959,57.71,-104.75,21.26,6.832,6.324
31359,6.45,98.63665152,55.35302921,2.69,5.21,2.1,8.5,6.63
31665,5.87,99.40999549,56.85750718,-9.26,9.79,10.12,5.879,5.873
30247,5.34,95.44211705,53.45239515,22.24,-88.91,17.54,5.866,5.39
28656,6.5,90.76794164,57.01842488,9.31,-45.55,5.77,7.704,6.599
30651,5.53,96.60776525,56.2850437,-25.21,21.57,12.01,5.817,5.563
30357,6.47,95.77654113,56.97652534,-0.62,-72.68,7.12,7.856,6.594
29246,5.35,92.49581101,58.93564864,17.61,18.77,9.34,6.768,5.475
28829,6.32,91.28427311,59.39333079,2.69,-49.56,6.92,7.756,6.442
33444,6.03,104.30468454,57.563249,13.15,15.61,4.87,7.998,6.197
32489,5.34,101.70622699,57.1692705,13.9,-38.79,15.69,6.569,5.45
32438,4.86,101.55896951,59.44169108,-18.11,-8.67,14.26,7.494,7.178
33449,4.35,104.31916052,58.42305973,6.58,-123.53,19.14,5.418,4.449
33048,5.34,103.27109036,59.44865494,-10.84,-45.93,7.4,6.172,5.435
34250,6.4,106.50504379,59.80185721,22.0,-2.88,9.33,7.941,6.533
31676,5.94,99.42350092,61.48190031,-208.21,-274.56,18.82,7.07,6.037
31039,5.86,97.69642228,58.16345682,-30.02,-338.85,17.56,7.039,5.96
30679,5.21,96.70366348,58.41741346,-5.52,-1.77,4.78,7.224,5.373
30060,4.44,94.90579498,59.01090518,-3.51,24.43,21.88,4.484,4.449
30272,6.05,95.51482583,59.37209783,-5.55,0.6,7.73,6.249,6.105
29730,5.37,93.91878235,59.99903422,28.54,-24.14,6.54,7.105,5.507
29348,6.48,92.80680923,60.45352679,-21.68,-16.27,2.57,8.704,6.699
29919,5.01,94.47846658,61.51529221,-9.61,-2.37,5.53,7.41,5.244
28951,6.42,91.66333712,63.45381713,-35.53,8.74,7.87,7.716,6.536
43923,5.72,134.20857178,45.63175477,-125.02,-44.75,14.21,7.178,5.852
43553,5.96,133.04907327,45.3129001,-11.02,-33.32,6.06,7.566,6.103
44471,3.57,135.90649494,47.15665934,-37.37,-55.39,7.71,3.579,3.572
45590,5.96,139.37985665,46.81719916,14.11,11.91,8.89,6.029,5.959
44613,5.48,136.35044363,48.53035841,-12.03,-18.22,9.37,6.034,5.529
42777,6.21,130.75080939,46.90099532,-47.9,-61.63,7.92,7.465,6.324
44127,3.12,134.80349479,48.04234956,-441.12,-215.21,68.32,3.393,3.159
44901,4.46,137.21827365,51.60472728,-137.81,-32.48,34.12,4.819,4.49
46853,3.17,143.21802191,51.67860208,-947.06,-535.6,74.15,3.748,3.232
47006,4.47,143.70622878,52.05156754,-65.07,-37.3,12.21,4.537,4.484
46168,6.3,141.23183965,51.5739152,42.41,-7.86,7.55,7.361,6.45
45836,6.14,140.1824762,51.26571262,-34.76,145.35,34.48,6.649,6.193
48402,4.55,148.02650069,54.06428574,-4.21,19.18,7.47,4.62,4.565
47664,6.5,145.7791561,54.36378463,-31.87,-33.61,10.9,6.634,6.499
47521,6.5,145.31984556,55.8665752,-30.5,-34.63,7.91,7.978,6.62
45493,4.8,139.04699516,54.02171207,49.14,59.79,27.55,5.061,4.838
44504,5.74,136.00167862,54.28387681,-1.38,4.12,9.69,5.779,5.742
45455,5.28,138.95753521,56.74147744,-24.81,-29.15,4.79,7.35,5.463
46566,6.5,142.449454,55.74533554,-132.2,-42.17,22.55,6.948,6.545
47965,5.09,146.63193397,57.12798971,0.12,33.12,5.86,7.192,5.313
45915,5.79,140.43041783,56.6992485,-10.55,-11.91,6.84,7.817,6.039
41894,6.23,128.13932858,53.11502806,9.87,-74.13,16.65,7.549,6.353
42452,5.91,129.82354649,52.71169928,-29.26,-31.38,8.21,7.427,6.041
42415,6.34,129.74965355,52.92514812,-28.67,-28.44,5.61,8.056,6.484
42372,5.66,129.59274761,53.4015752,-76.32,-14.66,13.55,6.886,5.766
41152,5.52,125.95220483,53.21995142,-27.58,-98.39,19.46,5.668,5.53
40878,6.5,125.12149726,53.57435244,-64.92,-107.12,15.94,6.85,6.535
40677,6.26,124.56587279,54.14376822,-21.3,-29.62,3.06,8.3,6.439
40086,6.48,122.82513547,54.5404658,47.34,-93.7,5.87,7.688,6.6
40305,5.88,123.45916037,56.45231827,-21.44,-29.59,6.59,7.152,5.963
40875,5.89,125.10832165,57.74324466,57.08,13.92,31.57,6.36,5.929
43624,6.35,133.27470567,59.05614282,15.5,-1.18,16.19,6.823,6.384
44717,6.44,136.67982863,59.34455497,-15.25,-14.32,2.88,6.485,6.444
45333,5.18,138.58562984,61.42339501,-8.67,-31.84,51.12,5.919,5.255
42434,6.47,129.79210153,59.93924272,-27.41,-48.11,9.05,6.513,6.475
41704,3.35,127.56679232,60.7184311,-134.31,-107.73,17.76,4.426,3.45
43644,5.72,133.34404121,61.96221364,-9.98,22.3,11.45,6.07,5.749
45075,4.67,137.72887992,63.51378087,99.16,-60.96,26.79,5.087,4.684
43903,5.57,134.15619484,64.60403054,-32.93,-81.88,10.59,6.678,5.662
49005,5.5,149.9654996,56.81187557,-31.49,-28.04,6.39,7.447,5.662
48802,5.97,149.30654965,57.4183508,35.74,-63.78,6.99,7.078,6.063
50222,6.18,153.78187716,59.98552691,14.22,5.14,1.87,8.286,6.374
48319,3.78,147.74871542,59.03910437,-294.45,-151.75,28.35,4.147,3.815
47231,6.41,144.40634808,60.21376054,-11.78,-32.35,10.17,7.57,6.508
48638,6.29,148.76395029,61.11613097,7.79,-3.24,8.39,7.624,6.412
51448,6.07,157.61105667,64.25781273,-50.85,-50.74,11.27,6.29,6.104
50448,5.74,154.50896089,65.10837358,-89.48,-9.28,13.07,5.934,5.764
51401,6.32,157.47678657,65.62630441,5.21,-29.16,10.41,7.787,6.441
50933,4.94,156.03274518,65.56647366,-8.93,-20.83,10.84,4.894,4.932
53860,6.38,165.27385829,63.42123499,-51.01,-51.42,11.47,6.588,6.387
52929,6.42,162.37007598,63.81000057,-14.4,11.58,3.78,8.111,6.579
55564,6.02,170.71354405,64.33042692,-4.48,35.35,11.58,6.133,6.039
57111,5.32,175.61844968,66.7448085,-44.98,40.17,5.07,6.961,5.456
52877,6.4,162.20776058,65.13247352,5.09,7.39,7.76,6.367,6.395
54540,6.07,167.41632443,67.21027498,-87.45,-27.39,9.18,6.333,6.097
52353,5.12,160.48659345,65.71646212,-162.71,-75.04,14.58,6.68,5.243
52577,5.95,161.26676102,67.41138225,4.38,0.74,2.88,9.227,6.224
55412,6.2,170.22378608,67.10085581,43.78,-50.16,7.42,7.504,6.316
56583,5.19,174.01089937,69.32325973,109.23,-126.4,13.49,6.435,5.305
54721,6.4,168.04539839,68.27185385,27.7,6.57,10.87,6.563,6.419
56211,3.82,172.85120199,69.33112161,-41.14,-18.79,9.76,5.934,4.002
46733,3.65,142.88154025,63.06179545,107.55,26.86,43.2,4.059,3.689
46247,6.24,141.43411369,63.94102589,-12.55,-35.58,4.03,8.185,6.404
47791,6.18,146.15260374,64.98406585,-54.96,19.22,9.29,6.656,6.227
48266,6.27,147.5986115,65.59329556,-58.5,-28.38,10.65,6.61,6.306
47401,5.96,144.86631917,67.27232436,-27.75,-38.67,6.0,7.972,6.135
44857,5.15,137.09805477,66.87333335,-23.01,-40.54,6.54,7.139,5.32
45038,4.8,137.59802574,67.13423886,12.88,-90.85,48.87,5.4,4.87
47594,5.72,145.56222108,69.23770604,-66.55,-69.4,6.81,7.18,5.847
46977,4.54,143.62069943,69.83015419,-63.9,77.59,30.89,5.53,4.645
52338,5.74,160.45127204,68.44355985,-29.43,-24.78,5.56,7.455,5.887
52425,5.01,160.76683096,69.07624525,0.28,-12.86,7.65,6.836,5.157
53257,5.91,163.38074963,69.85404505,-397.51,-67.48,23.02,7.212,6.034
54038,6.44,165.86402783,70.03082091,10.72,-33.19,4.44,8.104,6.581
50685,5.88,155.26428436,68.74773415,-54.63,-34.17,7.95,6.169,5.912
39348,6.48,120.64926248,57.27377091,-38.28,-59.08,9.84,7.249,6.558
37406,6.09,115.20649105,57.08287527,-24.11,-4.35,4.67,7.97,6.244
37609,4.93,115.751907,58.71048707,-36.99,-52.11,13.75,5.063,4.967
39995,5.91,122.51583214,58.2484227,-19.45,-74.21,5.82,7.693,6.062
39221,5.78,120.33644785,59.04731836,25.3,32.64,22.94,6.254,5.823
40646,5.63,124.46008016,59.57112846,-4.22,1.85,10.73,5.846,5.656
40474,6.43,123.96049771,60.3805832,-16.12,7.62,6.53,6.712,6.492
39261,6.02,120.42705665,60.32440752,-33.56,-22.24,10.16,6.22,6.037
39340,6.09,120.62842941,63.09034005,-12.01,-13.79,6.24,6.913,6.154
35735,6.36,110.57161024,59.90195861,-1.72,15.4,14.23,6.709,6.398
37934,6.5,116.61442348,62.83067078,-36.98,-61.01,12.32,6.832,6.504
41060,6.42,125.68357766,60.63124111,9.13,-2.12,7.34,7.648,6.523
40772,5.73,124.82159867,62.50713912,-20.48,8.41,6.93,6.858,5.827
42527,4.59,130.05374429,64.32787175,-59.42,26.44,12.92,6.122,4.725
42080,5.47,128.6507805,65.14527349,-47.06,-42.5,20.63,5.716,5.479
42438,5.63,129.79892615,65.02069298,-27.73,87.9,70.07,6.389,5.706
43266,6.2,132.2053327,66.70816839,-19.93,-35.26,6.34,6.058,6.181
41676,5.89,127.44289151,67.29741477,-65.13,10.67,10.12,7.121,5.991
37949,5.93,116.66682971,65.45563092,28.15,18.39,9.82,7.469,6.07
40215,5.34,123.20328577,68.47405416,-1.05,7.32,3.07,6.631,5.439
41927,6.31,128.22196648,69.31996254,22.92,-25.21,5.27,8.085,6.46
36211,6.47,111.85767998,66.33164165,-3.27,-28.93,3.65,6.382,6.457
32864,5.14,102.7378672,67.57192306,0.93,4.58,3.76,4.935,5.109
33104,5.11,103.42600463,68.88829173,4.53,7.3,3.26,4.954,5.085
29490,5.36,93.21271986,65.71849922,7.23,-31.75,5.08,7.114,5.504
30794,6.03,97.0603577,70.53529114,-0.76,11.81,5.89,6.167,6.047
29997,4.76,94.71158258,69.3200343,-1.64,-101.65,18.55,4.789,4.764
36528,5.63,112.71958057,68.465727,-2.22,-43.68,7.2,7.067,5.774
34238,6.49,106.46506343,70.73194016,31.28,-6.71,3.85,8.562,6.674
33827,5.69,105.33914914,70.80833421,12.75,-15.8,7.14,7.429,5.834
34956,6.36,108.4916328,71.81653915,23.39,18.54,8.24,7.803,6.485
31946,5.88,100.13434964,71.74875988,4.23,10.7,4.92,7.451,6.0
31703,6.26,99.48017707,73.69562922,-169.55,2.65,28.12,6.711,6.292
28831,6.28,91.28883455,75.58594336,10.97,-9.99,4.53,8.268,6.451
44390,4.74,135.63635792,67.62957486,-22.08,18.15,11.35,6.768,4.948
47654,5.15,145.73849356,72.25268512,-26.71,-27.49,7.38,6.46,5.257
47013,5.77,143.7224525,72.2058641,72.02,-76.06,20.06,6.391,5.83
45461,5.93,138.9697913,72.94646226,-85.32,-56.0,11.21,6.16,5.96
47260,6.39,144.48453548,73.08044385,-42.41,-20.33,14.37,6.743,6.381
45764,6.42,139.98243737,74.01675676,-40.56,-63.87,8.8,7.76,6.531
47119,6.46,144.02829338,74.31887605,-15.55,-29.04,7.3,6.338,6.435
40889,6.0,125.16798187,72.40729324,2.52,-24.97,3.44,8.012,6.164
42484,6.16,129.92765434,73.62991882,-13.45,-99.01,9.18,7.449,6.266
41011,6.4,125.53959122,74.82025381,48.34,45.3,7.0,7.683,6.49
46410,6.2,141.96510916,75.09829976,-15.39,16.95,6.88,6.339,6.212
42249,6.31,129.20324261,74.72372003,-16.05,-17.74,11.92,6.669,6.34
48893,5.86,149.59545794,72.87959798,-69.92,-36.52,8.81,7.33,5.966
51808,4.86,158.77328496,75.71298403,-45.58,-14.96,12.68,6.067,4.957
56716,6.49,174.42630265,77.59569368,1.81,2.15,1.92,8.613,6.678
53761,6.18,164.98757809,77.77022483,-70.28,-20.8,5.89,7.424,6.295
47884,6.25,146.37899948,78.13471252,8.96,-1.58,3.22,8.015,6.399
48017,6.09,146.82556901,79.13673019,-29.88,-20.44,7.83,6.438,6.122
56253,6.12,172.96282894,81.12717398,-144.22,34.19,16.72,6.442,6.162
51883,6.48,159.00841925,80.49463792,-18.05,-3.7,7.62,7.712,6.594
39117,5.37,120.04898399,73.9180101,-8.43,-37.4,4.66,7.23,5.516
40793,5.55,124.88421821,75.75686931,32.28,15.76,11.18,6.698,5.654
39538,5.39,121.19660915,79.47974268,-36.46,-53.75,9.88,5.34,5.387
33694,4.55,105.0160332,76.97744152,73.18,-13.88,17.43,6.345,4.699
31940,5.75,100.12015519,77.9957971,14.25,-6.02,5.63,7.69,5.904
32439,5.44,101.56028979,79.56627808,-99.03,-603.61,56.02,6.057,5.502
36019,6.3,111.34154368,81.25753345,-2.3,-31.84,3.92,6.245,6.284
47193,4.28,144.27229969,81.32642085,-16.77,-15.95,3.03,6.218,4.433
45097,6.37,137.80303189,80.8289461,-20.66,-15.02,12.95,6.81,6.403
41208,6.28,126.13794451,82.4308223,-19.31,-25.9,4.8,6.321,6.282
51502,5.25,157.77091914,82.55853791,-79.21,20.43,46.54,5.706,5.298
49688,6.31,152.14332324,83.91835727,-1.21,6.27,3.69,8.365,6.502
45421,6.3,138.83848952,84.18098826,32.78,10.3,11.1,6.679,6.321
51384,5.52,157.42586771,84.25210531,-128.39,-39.6,24.52,5.806,5.549
36547,4.92,112.76866761,82.41156871,-3.71,-42.31,6.89,6.961,5.076
40559,6.45,124.22484099,84.05768861,-9.68,-19.14,5.74,6.509,6.458
28532,6.17,90.33404742,85.18211809,14.66,-1.89,2.44,8.209,6.309
37391,5.05,115.12954787,87.02015634,-53.48,-26.85,6.53,7.14,5.233
73620,4.39,225.7252916,2.09127129,-55.93,12.94,17.78,5.739,4.514
73350,5.91,224.84631129,4.56777277,1.17,-4.75,4.5,8.014,6.11
74649,5.32,228.79736045,4.93935226,-23.06,3.91,6.98,6.715,5.458
74026,6.16,226.91801634,5.49808887,-0.71,-22.01,6.11,7.362,6.272
74695,6.47,228.97321305,6.46488638,-9.72,-19.17,2.69,8.17,6.612
76425,5.26,234.1231331,10.0104549,46.67,-114.73,13.89,6.463,5.36
76276,3.8,233.7007926,10.53885916,-72.63,3.17,15.54,4.07,3.788
76372,6.04,233.97244766,11.26568451,-32.98,-11.83,4.62,7.496,6.17
74441,6.5,228.19664484,10.70246828,-38.87,-67.32,4.87,8.157,6.641
75230,6.29,230.59682931,12.56753162,0.2,-4.52,7.33,6.275,6.286
71832,4.86,220.4114855,8.16175611,-10.21,3.25,5.66,6.14,4.97
70414,6.19,216.07641274,8.08484609,-120.07,-103.31,8.97,7.741,6.309
70384,5.94,216.00366765,8.24400431,-6.18,-14.32,8.49,6.015,5.942
70327,4.86,215.84475026,8.44664037,-75.28,-9.56,15.17,4.878,4.827
71837,5.55,220.43173137,11.66093526,-159.52,-112.25,8.46,6.749,5.656
71759,5.93,220.17650164,13.53436103,53.76,-14.71,18.83,6.214,5.96
74121,6.16,227.22307913,13.23506161,-45.21,74.29,5.6,7.385,6.257
73087,5.9,224.0551584,14.44626586,-12.78,-0.08,5.96,5.861,5.898
71795,3.78,220.28716819,13.72833113,52.36,-12.71,18.07,3.863,3.799
72846,6.41,223.34734286,15.70511093,-23.6,23.11,20.4,7.223,6.573
72208,5.78,221.52498866,15.13174102,-85.07,19.27,3.59,7.587,6.023
73166,5.72,224.29866769,16.38813986,-4.08,-4.98,5.28,6.923,5.821
76733,6.22,235.04315137,12.05295354,-16.65,-8.22,3.08,7.449,6.331
76866,5.34,235.44746556,12.84753869,39.68,-4.55,14.28,5.372,5.327
76985,6.48,235.79392869,13.6677537,-20.16,-35.87,5.18,7.641,6.63
77801,6.07,238.30078139,13.19799059,-150.56,-562.69,57.27,6.806,6.155
78132,5.54,239.31101948,14.41426805,-120.83,87.25,14.36,7.014,5.668
77412,5.98,237.05546553,13.78933425,-8.84,-105.44,7.41,7.649,6.129
77336,5.71,236.82230086,14.11527157,-54.99,31.57,12.95,5.835,5.722
78072,3.85,239.11247598,15.66473327,311.2,-1282.17,89.92,,
77835,6.21,238.39523924,16.07498779,21.28,-22.69,11.32,6.698,6.26
76424,5.93,234.12164831,16.1190982,71.54,-5.54,20.4,6.334,5.971
76069,6.22,233.04032004,16.05615239,-2.87,6.76,7.56,6.169,6.214
77233,3.65,236.54672877,15.42192602,68.54,-41.31,21.31,3.754,3.668
76810,6.0,235.24619723,16.024629,22.16,-16.8,7.24,7.141,6.094
77782,6.29,238.23395552,17.40316981,-55.17,-8.23,6.72,7.903,6.433
77111,6.15,236.17562438,17.26421031,-30.44,6.59,10.16,6.149,6.144
77450,4.09,237.18503586,18.1417793,-51.78,-88.72,9.36,6.206,4.282
76878,5.8,235.47815864,18.46389861,-73.0,56.85,18.78,6.06,5.825
79332,6.09,242.86973483,16.66567858,2.15,5.75,7.41,6.116,6.094
79043,5.0,242.0189437,17.04699349,-34.29,-5.46,8.4,6.173,5.097
79045,6.25,242.02070728,17.05445306,-20.63,-29.4,6.92,7.662,6.35
79102,6.13,242.19434273,17.20571235,-19.13,-30.74,8.88,6.124,6.129
78481,5.1,240.30977487,17.81802578,-46.09,152.84,10.58,6.382,5.217
80170,3.74,245.48018203,19.15302185,-47.44,44.61,16.69,4.085,3.77
79666,5.72,243.86948873,18.80829264,-68.39,-84.77,10.31,7.158,5.833
80021,6.04,245.01787748,21.13273671,-23.66,-51.93,9.46,7.235,6.142
77995,6.26,238.91607323,18.62077132,-7.84,-10.67,1.98,6.14,6.243
77902,5.45,238.64443288,20.31086363,-83.83,43.04,5.42,7.537,5.627
78985,6.15,241.84244021,21.82271909,-13.38,-42.98,5.76,7.934,6.324
78554,4.82,240.57370453,22.80439543,4.57,24.04,18.42,4.916,4.825
79349,5.74,242.90853829,23.49482992,-21.23,-11.72,5.76,7.787,5.999
75530,5.16,231.44752151,15.42805438,-14.02,-7.51,3.55,7.289,5.342
75810,6.38,232.30056522,16.39547022,-32.84,61.0,6.53,7.591,6.483
76198,6.49,233.46973117,17.13747753,-49.2,-48.72,15.92,6.871,6.532
76337,6.1,233.88865569,17.65558738,-77.08,-13.25,7.87,7.343,6.21
76852,4.51,235.38788463,19.67050566,-59.86,-43.23,16.97,4.584,4.515
75535,6.26,231.47209605,19.48072447,-53.07,-7.23,23.95,7.024,6.319
74000,6.03,226.83476051,18.44194658,43.15,-49.97,13.35,6.125,6.044
74386,5.9,228.01780223,18.97600352,-16.41,11.38,3.93,7.806,6.113
74896,5.68,229.60214092,20.57280967,-14.57,-13.13,11.23,6.921,5.795
77661,4.74,237.81642977,20.97787548,-54.7,17.99,8.26,6.739,4.915
78159,4.14,239.39709121,26.87802632,-76.55,-60.24,14.2,5.741,4.275
75674,6.01,231.91195681,25.10165712,5.74,-12.72,4.15,8.157,6.205
76267,2.22,233.67162293,26.71491041,120.38,-89.44,43.65,2.252,2.217
77512,4.59,237.39874182,26.06854936,-79.85,-63.78,19.71,5.572,4.681
76952,3.81,235.68599269,26.29551419,-112.52,50.7,22.48,3.84,3.819
77442,5.89,237.1434012,28.15677692,-2.1,-11.52,0.54,6.614,5.959
69612,5.29,213.71192715,10.1010097,-22.5,-164.31,12.79,6.594,5.402
69536,5.53,213.52221581,12.95957667,-254.02,-54.6,30.06,6.188,5.593
69989,5.41,214.81757038,13.00437724,105.91,-32.22,38.33,5.867,5.439
69585,6.45,213.6485965,13.97525489,-94.5,80.58,6.49,8.214,6.604
68030,6.16,208.9590356,14.05648068,-291.04,9.2,41.28,6.772,6.226
68279,6.01,209.66643809,14.64941736,-62.85,-58.63,6.14,7.876,6.163
69829,5.84,214.3685109,15.26336094,15.33,7.73,3.22,8.011,6.042
70027,4.84,214.93883677,16.30680118,-140.91,60.31,17.12,6.453,4.982
69673,-0.05,213.91811403,19.18726997,-1093.45,-1999.4,88.85,1.629,0.286
71762,4.49,220.18150404,16.4183013,9.64,9.46,10.28,4.457,4.464
72125,4.6,221.31040511,16.96440296,-60.87,-50.69,14.48,5.833,4.707
71571,5.9,219.55835502,18.29853624,-29.1,-64.51,8.88,7.321,6.029
72848,6.0,223.35016578,19.15227142,-442.75,216.84,86.69,7.062,6.085
72659,4.54,222.84701756,19.10063329,152.81,-71.28,149.26,5.485,4.612
72139,6.15,221.33573087,18.88490995,9.27,18.77,6.59,7.199,6.244
70602,5.4,216.61420112,19.2268349,-71.0,26.7,11.38,5.693,5.43
71857,6.4,220.47600319,21.12368832,-11.09,-56.32,6.86,7.58,6.508
71729,6.13,220.09118199,21.97576982,-14.61,40.4,9.47,6.622,6.177
71115,5.91,218.13592482,22.25996072,-126.48,40.38,19.44,6.354,5.94
71406,6.39,219.02866131,23.25029315,-9.53,27.21,8.65,7.747,6.501
67459,4.05,207.36957439,15.79780583,-93.64,40.76,13.29,6.027,4.216
67275,4.5,206.81681937,17.45677436,-480.33,54.18,64.12,5.075,4.541
67787,5.71,208.30396336,17.93285548,-33.54,5.25,4.77,6.762,5.798
67927,2.68,208.6713175,18.39858742,-60.95,-358.1,88.17,3.418,2.748
68516,6.36,210.40349366,17.66859315,-45.85,-83.14,0.54,7.882,6.509
66594,6.46,204.75963775,18.2653719,-47.37,-20.23,4.42,8.034,6.591
66727,5.73,205.16874236,19.955663,-46.46,23.23,10.77,5.78,5.755
67480,4.92,207.42841642,21.26406422,21.09,17.0,8.86,6.777,5.08
68276,5.76,209.66220328,21.69632104,-9.52,-42.08,6.79,5.752,5.756
69751,6.25,214.13719831,20.12207637,-135.94,-93.79,30.99,6.83,6.273
69592,6.38,213.67057143,21.87340987,41.12,-7.18,16.95,6.614,6.404
70310,6.22,215.77884593,25.33801798,-156.53,63.8,28.0,6.685,6.264
69226,4.82,212.59978522,25.09182293,-23.02,-60.07,27.27,5.457,4.875
70385,6.39,216.00826487,27.41318794,-3.89,-4.43,2.21,8.48,6.584
73464,6.29,225.21783189,22.04557338,-4.5,6.27,3.19,7.809,6.414
73156,6.5,224.26503895,21.5554846,-24.5,-26.98,7.34,6.523,6.507
74505,6.31,228.38266153,22.98315563,49.61,99.99,11.58,6.382,6.311
73996,4.93,226.82477948,24.86959294,184.81,-163.51,50.7,5.442,4.979
74096,5.82,227.14818718,25.10863675,-1.91,-0.69,6.39,7.409,5.946
73568,4.8,225.52713391,25.00825646,-5.88,-48.6,9.07,6.767,4.965
74087,5.67,227.09908475,26.30118271,1.14,-12.41,7.77,7.288,5.81
72567,5.86,222.56549508,23.91176538,144.73,32.42,55.73,6.59,5.939
72412,6.15,222.09753868,24.36673685,-101.06,57.29,12.36,6.668,6.097
73745,4.52,226.11190457,26.94765981,-176.31,-4.52,13.04,6.155,4.655
75125,6.36,230.27873641,24.95806599,-26.56,-18.91,5.87,7.99,6.496
76456,6.46,234.22236763,29.99132177,88.65,-57.38,27.77,6.952,6.508
75695,3.66,231.95771631,29.10549164,-181.39,86.84,28.6,4.027,3.696
76127,4.14,233.23248309,31.35915517,-19.62,-8.94,10.49,4.003,4.141
75919,6.45,232.59491496,31.28597597,-17.99,-18.25,7.09,6.697,6.482
74596,5.28,228.62168817,29.16422593,-69.99,28.32,14.4,5.356,5.287
75049,5.51,230.03599149,29.61631109,-118.74,-42.02,11.9,6.811,5.626
74561,5.98,228.52506116,31.78791816,42.18,-30.19,5.57,8.034,6.167
75312,4.99,230.80094284,30.28824114,125.77,-176.48,53.7,5.706,5.082
75000,6.33,229.87530891,32.51488753,-38.03,6.58,11.72,6.602,6.349
75178,5.38,230.45253799,32.93366086,-48.83,13.91,13.2,5.31,5.37
74666,3.46,228.87543241,33.31510222,84.84,-110.57,27.94,4.688,3.577
75572,5.46,231.5727702,34.3358496,-114.43,60.34,6.66,7.311,5.619
71995,4.8,220.85571623,26.52789077,-13.29,-16.68,3.67,6.978,5.005
72105,2.35,221.24687869,27.07417383,-50.65,20.0,15.55,3.562,2.47
71094,6.0,218.08446559,26.67734238,-69.92,-23.82,14.03,6.281,6.035
72552,5.8,222.49327659,28.61583341,18.8,-0.72,11.06,5.878,5.8
71284,4.47,218.66954381,29.74480735,188.32,132.72,64.66,4.901,4.513
71053,3.57,217.95774098,30.37114497,-100.44,120.22,21.92,5.271,3.722
70236,6.5,215.55844676,29.369984,-38.76,-26.3,4.6,8.466,6.774
70051,6.45,215.03613336,30.42914436,-9.34,-6.68,11.52,6.639,6.475
70892,6.06,217.45701807,31.7911712,-19.8,7.01,9.35,6.038,6.054
72124,6.27,221.30700457,32.78851016,44.78,-67.68,3.34,8.358,6.46
71243,6.32,218.54847412,32.53446287,106.09,5.69,23.72,6.825,6.362
73068,6.12,223.99429053,32.3000706,-53.33,-3.23,10.41,6.259,6.139
73634,5.52,225.77534828,35.20577288,-39.95,9.3,11.85,6.824,5.629
73941,6.35,226.64663107,36.45596449,-64.31,40.36,33.91,6.983,6.413
72582,5.47,222.62417599,37.27181511,-212.26,95.24,16.31,6.798,5.595
72469,6.15,222.27887478,37.81091287,-253.0,109.62,24.39,6.59,6.192
73369,5.64,224.90404577,39.26523166,-31.53,41.85,19.83,6.031,5.677
73555,3.49,225.48663804,40.39063671,-40.2,-29.22,14.91,4.697,3.588
80843,5.24,247.64001746,20.47934589,-89.48,-64.94,4.3,6.863,5.383
80816,2.78,247.55525697,21.4896485,-98.43,-14.49,22.07,3.98,2.885
80898,5.76,247.80599042,22.19543891,-10.21,7.76,3.52,7.891,5.955
82504,5.03,252.93856397,24.65641963,10.3,5.45,4.3,6.649,5.169
81670,6.07,250.25251666,24.85869984,-34.48,2.02,7.26,7.793,6.224
81729,5.92,250.40291009,26.91698945,0.89,-44.83,23.35,6.392,5.966
82780,6.06,253.75895431,25.73072818,20.13,-19.42,7.14,7.238,6.169
83834,6.44,257.00290075,31.20623662,-3.13,-19.36,3.19,8.105,6.575
83207,3.92,255.07252582,30.92633926,-47.68,26.89,20.04,3.898,3.905
83365,6.41,255.57121184,31.88406501,27.83,22.62,9.74,7.849,6.51
82422,5.73,252.66234241,29.80654506,-5.54,-2.99,3.53,7.829,5.911
81693,2.81,250.32282132,31.60188695,-462.58,345.05,92.63,3.647,2.919
82587,5.34,253.24216797,31.70171538,-91.15,-17.1,33.3,5.705,5.374
82426,6.16,252.67972265,32.55355943,24.12,44.65,10.36,7.457,6.274
79441,6.48,243.18927382,26.67065993,68.89,-31.74,13.68,6.907,6.485
79686,6.14,243.94727071,27.42217655,-33.95,-39.13,7.38,7.884,6.292
79757,5.8,244.18654828,29.1503022,23.6,-17.05,3.95,5.863,5.791
80181,4.86,245.52454222,30.89173424,-97.35,107.68,17.76,6.103,4.96
78493,4.98,240.36079431,29.85107821,-38.2,-6.9,9.29,4.911,4.97
79350,6.3,242.91498299,33.34272966,5.07,14.22,6.33,7.864,6.407
78459,5.39,240.26166247,33.30538815,-196.89,-773.01,57.38,6.142,5.469
80247,6.41,245.7353487,32.33303005,22.17,-7.14,6.33,6.506,6.414
80214,5.4,245.62175969,33.70335685,-5.22,50.03,5.98,7.421,5.579
80888,6.25,247.76162298,35.22510682,-9.01,-16.75,3.26,8.392,6.469
81911,6.02,250.96557908,34.03866333,-72.92,57.56,18.19,6.392,6.054
80197,5.2,245.58925615,33.79914473,5.52,-38.25,5.87,7.322,5.398
79607,5.23,243.67100328,33.85882404,-266.47,-86.88,46.11,5.89,5.235
79358,5.62,242.95025417,36.42516245,-8.89,-28.0,5.34,7.395,5.781
80460,5.53,246.35069083,37.39407872,2.63,0.18,12.73,5.744,5.554
84862,5.38,260.16447313,32.47027246,135.4,-1040.55,69.48,6.137,5.455
84573,4.8,259.33154372,33.10011419,-3.68,-5.74,3.77,4.587,4.779
85382,5.94,261.69235534,34.69569698,-27.61,43.04,11.63,5.934,5.932
85181,6.25,261.11305613,36.9518207,-25.17,44.63,4.77,7.332,6.354
85112,4.15,260.92072033,37.14592396,-38.58,9.19,8.12,4.09,4.107
83313,5.27,255.40149728,33.56826922,2.46,0.25,11.05,5.3,5.275
83494,6.08,255.97341989,34.7902371,-60.78,-6.13,18.5,6.326,6.11
83462,6.19,255.87580951,35.41415358,29.0,-43.17,4.7,8.161,6.436
83838,5.41,257.00867045,35.93521504,-24.25,-17.05,18.55,5.783,5.442
84380,3.16,258.76189282,36.80915527,-27.35,2.7,8.89,5.029,3.311
84606,4.64,259.41785775,37.29134328,-42.74,63.76,18.34,4.674,4.628
85149,6.48,261.00942844,38.58269551,-12.32,35.78,6.04,7.357,6.612
84656,5.97,259.59700051,38.81121445,-12.39,74.11,10.2,7.26,6.08
86096,6.13,263.92651408,37.30158659,9.44,3.0,7.67,7.376,6.237
85688,6.43,262.66753462,38.88217133,1.19,12.52,3.29,7.042,6.498
87445,6.01,268.01970821,39.98196397,-12.64,51.5,4.67,7.76,6.16
87563,5.17,268.32509092,40.00783707,7.85,50.36,8.97,6.719,5.304
84949,5.55,260.43172028,39.97480822,5.67,-65.62,15.53,6.379,5.634
85888,5.72,263.28045982,41.24359953,-67.5,-62.08,8.62,7.126,5.847
86501,6.36,265.15631676,43.47052764,54.62,56.79,8.41,7.914,6.494
86713,6.38,265.77325256,44.08423552,-42.39,34.71,2.67,8.397,6.569
87850,6.22,269.20214415,45.35092731,15.41,-31.48,3.26,8.202,6.495
88122,5.69,269.98417988,45.50146059,3.89,-34.03,5.34,7.746,5.871
88030,6.48,269.71794193,45.47615489,0.4,26.98,6.99,6.399,6.474
87434,6.37,268.00368246,46.64385563,30.21,-115.78,9.31,7.735,6.493
81833,3.48,250.72391068,38.92246103,35.58,-84.98,29.11,4.648,3.583
83816,6.34,256.94461556,40.51613969,-37.0,-35.26,6.82,6.383,6.343
83947,5.07,257.38867303,40.77701519,-43.78,7.37,11.73,6.729,5.212
83013,6.36,254.45910609,42.51255034,-10.23,-41.0,6.0,8.035,6.509
83593,6.45,256.27058505,43.81223885,3.3,-0.11,6.94,6.567,6.461
82419,6.29,252.65062571,41.8963468,-71.17,63.03,8.05,7.683,6.408
82172,5.86,251.83227018,42.23897955,2.29,-25.31,4.39,7.866,6.096
81126,4.2,248.52578863,42.43689565,-9.03,59.8,10.79,4.183,4.199
82355,6.18,252.41905893,43.43045963,-10.62,-9.36,5.38,7.802,6.308
82012,6.07,251.29917503,43.21729222,-8.63,-50.54,5.11,7.919,6.225
86414,3.82,264.86621847,46.00632216,-7.17,3.97,6.58,3.591,3.777
87045,6.47,266.7835254,47.61222292,-13.94,6.63,7.6,6.586,6.478
84835,5.51,260.08811224,46.24068047,-29.83,40.92,5.66,7.553,5.684
85379,5.83,261.68434277,48.26007218,0.22,-3.02,8.98,5.993,5.849
84855,6.36,260.13998009,48.18879904,207.18,-3.35,24.96,6.845,6.407
86182,5.35,264.15677461,48.58547866,31.75,64.13,9.91,6.831,5.484
87212,5.02,267.26805764,50.78054478,-51.89,218.15,15.03,5.072,5.025
87833,2.24,269.15157439,51.48895101,-8.52,-23.05,22.1,4.256,2.413
86561,6.0,265.34085523,51.81818247,-28.54,-0.27,9.83,7.364,6.112
77397,6.41,237.0074688,31.73572158,1.81,-43.76,3.96,8.402,6.579
77048,5.57,235.99716849,32.51582804,-28.8,-8.69,13.11,6.955,5.692
78649,5.79,240.83066182,36.63181986,8.03,-13.52,4.72,6.51,5.873
77655,4.79,237.80807231,35.65822638,-8.07,-347.41,32.13,6.091,4.919
78276,5.61,239.7403975,36.64370627,25.2,27.65,3.63,7.61,5.772
78012,5.43,238.94818797,37.94676324,29.45,80.08,24.12,5.845,5.473
76617,6.12,234.70356906,34.67507876,-6.56,-16.19,7.09,7.459,6.244
76669,4.64,234.84451583,36.63582763,-15.29,-6.51,6.89,4.481,4.596
76006,6.39,232.84295934,36.61666057,-3.82,-25.47,14.47,7.011,6.446
76366,6.3,233.95494368,38.37394659,10.14,-8.31,4.77,7.998,6.442
76307,5.14,233.81208385,39.01004619,24.61,8.63,5.71,7.275,5.328
79119,4.73,242.24303566,36.49010935,-40.71,343.47,28.84,6.037,4.847
79385,6.39,243.02727947,39.0555758,-3.91,-21.39,3.76,8.028,6.528
80008,5.48,244.98017016,39.70859042,-129.35,-2.49,37.29,5.972,5.538
80704,4.83,247.1605205,41.88169065,29.15,-5.51,9.03,6.554,5.046
79357,5.89,242.94835302,42.37450876,-6.95,24.71,3.49,7.799,6.043
78153,6.3,239.3744765,39.69496436,-65.19,49.98,8.23,7.725,6.419
77760,4.6,238.16747684,42.44998796,438.97,629.52,63.08,5.287,4.672
77986,5.73,238.87754361,42.56615229,-23.28,16.79,6.77,5.61,5.728
77907,5.35,238.6578213,43.13840642,-33.32,66.12,5.21,7.516,5.554
79992,3.91,244.93519958,46.31327084,-13.15,39.31,10.37,3.718,3.877
79101,4.23,242.19249715,44.93481883,-25.98,35.86,14.27,4.173,4.227
75411,4.31,231.12306762,37.37696091,-147.68,84.69,26.96,4.68,4.338
74514,6.19,228.39827998,38.26481607,-6.89,-47.72,7.43,7.773,6.329
75257,5.56,230.65570869,39.58149619,2.21,-13.77,1.23,7.695,5.735
76534,5.25,234.45646241,40.35328811,60.45,59.57,20.0,6.374,5.355
75973,5.04,232.73229511,40.83306815,11.02,-8.81,3.74,7.136,5.222
76041,4.98,232.94580142,40.89936876,-13.73,-14.92,7.59,5.12,5.007
74571,6.12,228.54288301,42.17144853,23.74,-16.08,3.25,8.276,6.331
75093,6.14,230.17352678,44.43462734,41.96,-103.55,18.6,6.574,6.184
75369,6.07,231.02136799,45.27102537,-14.52,2.34,6.76,7.629,6.192
75770,6.15,232.18504295,47.20150189,-21.48,4.97,6.81,6.267,6.156
78592,4.72,240.69937951,46.03685378,56.01,-61.25,8.68,4.604,4.705
76568,5.76,234.56726549,46.79799524,97.18,-100.38,27.98,6.174,5.797
76594,5.84,234.64250158,50.42335207,-4.69,-28.2,8.71,6.891,5.927
78286,6.04,239.76823455,49.88117823,21.48,-55.61,20.4,6.375,6.071
78542,5.93,240.52315266,52.91600607,1.8,-36.56,3.98,7.884,6.085
80953,5.61,247.94681111,45.59818403,-7.89,39.89,14.48,5.804,5.682
81289,5.83,249.04671628,46.61332505,-11.23,3.31,3.71,7.144,5.93
82321,4.82,252.3091638,45.9834478,22.78,-51.37,18.62,4.939,4.833
82611,5.99,253.32330049,47.41649815,-40.83,93.55,5.34,7.713,6.133
83575,6.11,256.20727778,48.80413179,26.77,-71.48,9.87,7.514,6.23
81497,4.86,249.68703338,48.92827739,-48.1,26.81,8.67,6.921,5.063
80809,6.44,247.52532738,48.96122756,-48.37,-56.48,9.0,6.47,6.442
81800,6.48,250.61538018,49.93670286,133.43,-107.77,34.0,7.119,6.527
84108,6.12,257.91773133,49.74631151,19.31,18.7,10.33,6.314,6.121
85670,2.79,262.60823708,52.30135901,-15.59,11.57,9.02,4.017,2.901
83857,6.46,257.07117476,50.84220964,-7.66,25.66,4.73,6.435,6.456
85268,6.46,261.35059537,52.79080663,-90.9,-50.59,36.8,7.21,6.54
86782,5.75,265.99651272,53.80175482,13.32,-16.35,7.9,5.77,5.752
87744,6.09,268.84840678,55.97109132,35.7,124.46,17.75,6.47,6.131
84021,6.3,257.62768928,52.40879075,-14.6,-8.75,7.69,6.266,6.296
84950,5.69,260.43895966,53.42042212,18.54,2.6,5.52,7.608,5.853
83608,4.91,256.3340928,54.46986308,-66.0,73.86,37.08,5.414,4.89
85819,4.89,263.04340826,55.18411077,148.53,54.24,32.96,5.187,4.913
85829,4.86,263.06616249,55.17280674,143.71,62.46,32.64,5.216,4.894
87585,3.73,268.38178961,56.87245216,93.65,78.44,29.26,5.264,3.867
85923,6.15,263.38167294,57.55870857,6.64,5.08,4.32,6.891,6.232
79953,5.93,244.79680216,49.03807805,-21.35,33.4,5.11,7.717,6.081
80710,6.31,247.18088709,51.40772092,34.22,7.09,8.33,7.65,6.418
81290,5.53,249.04763676,52.89997858,-12.94,28.67,8.16,5.464,5.509
81292,5.07,249.05721668,52.92435554,-12.28,27.38,8.22,5.007,5.039
81840,6.18,250.74334035,55.68992369,55.8,80.28,11.04,6.285,6.187
80375,5.75,246.10552808,55.2050456,11.87,20.67,8.9,5.742,5.747
81437,5.28,249.50191391,56.01538883,6.08,62.1,12.6,6.634,5.398
82020,4.84,251.3241238,56.78168723,26.31,69.96,37.41,5.282,4.885
83138,6.04,254.83987304,56.68850477,-52.85,36.63,10.99,7.551,6.174
85692,6.22,262.6815006,57.87685725,12.32,-13.83,2.82,8.045,6.373
85317,6.49,261.52019525,58.65186189,-8.81,13.74,9.15,6.668,6.51
85290,5.65,261.4223484,60.04834069,-8.1,23.57,9.58,5.681,5.648
84496,6.32,259.12270011,60.6705795,-40.83,14.43,6.76,7.724,6.443
83289,6.16,255.32074149,60.6486584,-45.35,39.36,9.24,7.455,6.257
86036,5.23,263.74687828,61.8758315,277.38,-525.62,70.98,5.979,5.317
66763,5.63,205.25982195,22.49583157,-15.28,-26.28,10.13,6.928,5.74
66992,6.12,205.938055,22.70051305,49.19,-37.04,4.46,8.017,6.282
67239,5.97,206.68056228,25.70238073,-18.34,-59.46,11.97,6.58,6.021
66417,5.72,204.24624858,24.61330297,-25.95,-2.26,6.45,7.789,5.912
66086,6.11,203.20071797,24.34720981,66.5,-192.22,6.94,7.346,6.205
65466,5.75,201.27785348,23.85443816,-9.95,-8.06,12.82,5.857,5.765
64417,6.31,198.03509815,24.25812901,-22.32,-41.79,6.35,7.598,6.425
68478,6.23,210.29388659,27.38654762,-79.26,18.99,9.59,6.454,6.252
68103,5.02,209.14234407,27.49219844,28.19,-47.76,5.03,6.901,5.174
67782,5.91,208.29317893,28.64806212,-121.46,28.52,15.46,6.151,5.931
66725,6.22,205.16301341,28.06514059,-69.82,9.89,8.54,7.924,6.362
66690,6.21,205.0651163,31.01181276,-72.8,91.93,6.04,7.439,6.312
67384,5.61,207.16141241,31.19011458,-4.49,37.76,10.49,6.926,5.72
68065,6.31,209.04392096,32.03248107,-118.69,48.32,13.81,6.775,6.351
67665,4.76,207.94787312,34.44431774,-20.49,-31.82,5.4,6.884,4.942
67605,5.89,207.78836921,34.66453,10.0,-53.78,4.82,8.013,6.084
64394,4.23,197.97051117,27.87603769,-801.94,882.7,109.23,4.956,4.311
64077,6.2,196.97358344,27.55610799,-39.64,-61.88,8.38,7.979,6.331
64022,4.8,196.79461606,27.62490672,33.27,-68.21,10.75,6.736,4.955
63462,4.88,195.06868941,30.78503676,-21.59,-6.38,3.63,6.346,5.016
66907,5.98,205.68092115,34.98899453,13.01,11.0,6.71,7.069,6.078
66458,4.82,204.36540378,36.29484073,-94.78,23.63,17.01,5.179,4.936
64927,5.81,199.61544766,34.09829261,29.23,4.55,6.47,7.583,5.951
64979,6.01,199.76780333,35.12793546,-29.97,17.54,15.34,6.334,6.043
65376,6.1,200.97466246,37.03394754,14.63,-11.14,2.7,8.248,6.317
64530,6.5,198.39975707,36.88758126,3.03,0.25,2.42,8.607,6.702
66257,4.91,203.69894294,37.18243871,84.7,-9.81,22.46,5.423,4.982
66223,6.37,203.59104226,38.7892093,21.11,23.0,14.64,6.647,6.394
65723,6.49,202.10930095,40.72978568,12.44,-57.56,7.55,7.668,6.591
69316,6.14,212.81306894,32.29579911,-22.19,38.38,8.51,7.773,6.274
70762,6.22,217.06856594,36.19701883,-21.72,3.7,3.48,7.726,6.338
69879,4.8,214.49923373,35.50947085,4.92,14.18,14.63,6.158,4.923
70517,6.28,216.37144931,38.39310009,5.95,-19.27,5.22,7.869,6.416
70029,6.33,214.94882573,38.79407655,26.72,-10.18,7.3,6.389,6.322
69735,6.38,214.10158657,39.74469367,-140.37,6.97,20.72,6.819,6.422
69569,6.23,213.59818899,41.51901546,-22.87,-106.25,22.4,7.603,6.347
71277,6.02,218.6604912,36.62617707,-24.54,-46.6,5.74,7.844,6.167
71168,6.39,218.33444972,36.95920251,2.84,-73.78,13.67,7.007,6.451
71075,3.04,218.01982421,38.30788348,-115.55,151.87,38.29,3.29,3.062
72012,5.72,220.93518566,40.45920338,-13.4,20.79,4.11,7.557,5.877
70873,6.36,217.40284392,41.79644804,161.06,-220.92,42.43,7.241,6.438
71568,5.74,219.55279962,43.64205288,-102.95,31.79,2.85,7.654,5.894
71618,5.39,219.70950726,44.40454503,-68.43,-18.43,16.56,5.431,5.398
67483,6.43,207.43743518,36.63276425,-79.76,24.24,15.41,6.736,6.467
67210,5.92,206.57957701,38.5036561,-48.88,-12.56,8.08,7.125,6.023
67250,5.51,206.74947851,38.54274988,-134.18,-21.69,10.74,6.841,5.617
67778,6.48,208.28517972,40.33800224,-8.62,-10.37,2.38,8.563,6.666
67194,5.88,206.5568062,41.08884885,-113.84,-42.28,19.48,6.138,5.911
66892,6.3,205.62030712,41.67425191,-86.37,12.33,3.46,7.401,6.395
65951,6.07,202.81600806,42.10608614,-95.49,27.69,12.38,7.465,6.186
69704,6.5,214.01003162,45.56611067,-17.33,64.59,7.96,7.838,6.62
69732,4.18,214.09656821,46.08791894,-187.42,159.01,33.58,4.293,4.193
69038,5.13,211.98227724,43.8545248,11.73,-29.76,7.01,7.136,5.38
68567,6.28,210.55068753,45.75364748,28.71,-78.23,5.99,8.036,6.42
69862,6.32,214.45504117,48.00209628,-12.33,-38.1,14.1,6.869,6.373
67301,1.85,206.8856088,49.31330288,-121.23,-15.56,32.39,1.727,1.842
69068,5.26,212.07231683,49.4580206,-59.54,60.28,5.86,7.416,5.451
69818,6.19,214.33817309,51.30739213,-23.6,-8.04,9.84,6.269,6.198
69713,4.75,214.04195627,51.36701398,-149.98,89.42,33.54,5.019,4.772
69483,4.53,213.37062458,51.78999066,61.39,-10.57,21.03,4.765,4.539
68637,6.16,210.74906428,50.97182541,-18.17,-6.65,10.4,6.185,6.157
62972,6.25,193.55478295,33.53440353,-89.66,31.32,13.43,6.493,6.267
63901,5.2,196.43526005,35.79885169,-36.75,19.32,11.55,5.116,5.185
63121,5.61,194.00251587,38.31469771,-203.89,88.34,39.95,5.861,5.517
63125,2.89,194.00767051,38.31824617,-233.43,54.98,29.6,2.81,2.874
61309,5.42,188.41210253,33.24766003,21.21,-31.43,12.26,6.706,5.528
61320,6.24,188.44754305,33.38469496,5.36,-10.9,8.71,7.575,6.357
61748,6.39,189.82019537,35.95196539,19.31,-2.63,6.45,6.506,6.409
62641,5.87,192.54502356,37.51688446,-88.59,21.83,8.43,6.087,5.902
62207,5.95,191.24865101,39.27857766,-359.75,139.32,57.57,6.625,6.019
64212,6.01,197.41134739,37.42313176,-105.99,5.86,10.89,7.525,6.144
64246,5.91,197.51361945,38.49887224,-71.11,44.86,16.12,6.288,5.961
64217,6.25,197.42517501,38.5338706,-14.76,6.16,2.85,6.121,6.26
65072,5.6,200.07914877,40.15055594,-57.97,-3.29,4.98,7.169,5.733
64540,4.94,198.42908954,40.15284766,-52.19,15.5,6.24,6.29,5.047
64692,5.77,198.88352117,40.8551724,-120.26,11.09,13.32,6.011,5.797
64844,4.72,199.38598801,40.57256275,-125.67,18.45,11.39,5.099,4.747
63916,5.64,196.46783055,45.26848988,-14.53,24.63,6.75,7.126,5.764
63211,6.11,194.28251288,46.17692019,-9.4,-53.88,9.48,7.413,6.225
63024,5.75,193.73556688,47.19673771,-17.24,-6.5,4.63,7.719,6.014
60646,5.01,186.46248809,39.01869867,-78.1,-34.0,14.35,6.217,5.119
61317,4.24,188.43788561,41.35676779,-705.06,292.93,119.46,4.969,4.314
61692,6.35,189.69290042,40.87469516,-24.25,-13.49,15.27,6.594,6.374
60467,6.03,185.94614816,42.54270856,-80.13,14.4,9.75,6.457,6.07
59831,5.69,184.03140154,40.66025851,17.08,-32.06,3.91,7.734,5.856
58684,5.22,180.52942963,43.04546506,-345.55,55.72,29.48,5.541,5.243
62172,6.34,191.11301998,44.10299667,-30.32,2.91,10.94,6.892,6.393
62223,5.42,191.28262003,45.44022447,-2.2,13.05,4.59,9.475,5.634
62516,6.25,192.17441404,48.4668121,-63.99,10.73,7.04,6.486,6.275
60305,6.33,185.48457714,47.18225964,-57.76,-23.61,10.61,7.759,6.446
60122,5.28,184.95301297,48.98413192,-14.43,6.82,6.3,7.389,5.475
60485,4.76,186.00617625,51.56222925,13.15,11.32,8.3,5.88,4.859
65550,5.88,201.56907049,46.0281037,30.17,-19.98,9.13,7.134,5.988
65230,6.34,200.51654896,43.90333351,-61.73,18.65,7.12,6.645,6.367
66234,4.68,203.61405606,49.01590606,-128.28,27.39,17.12,4.845,4.689
64906,5.14,199.56058516,49.68201519,-33.34,19.42,11.85,5.079,5.137
66385,6.48,204.16622825,49.48668434,2.28,-14.83,6.52,8.005,6.606
66704,6.31,205.09728108,50.51927223,-124.73,57.86,39.64,6.964,6.393
66613,6.49,204.81218137,51.80419954,-14.84,5.6,2.18,8.287,6.639
67005,6.02,205.97831455,52.06442748,-19.56,-5.79,9.46,6.04,6.022
65754,6.42,202.1908188,50.71875065,35.69,-74.81,12.87,6.889,6.461
66634,5.46,204.87741499,52.92107136,-136.05,56.38,19.27,5.603,5.478
65678,6.34,201.99886524,52.74564261,-101.74,-22.29,10.03,6.644,6.372
67848,5.7,208.46267613,53.7286921,-28.6,-6.22,7.35,5.657,5.695
67231,5.68,206.6486472,54.43269033,-19.19,-4.51,11.58,5.63,5.678
66738,4.63,205.18455213,54.68166149,-19.14,-11.37,5.94,6.778,4.823
66198,5.6,203.53052101,55.34844976,-18.71,-6.64,11.77,5.575,5.592
67103,6.47,206.3045979,55.88022143,104.91,-358.91,29.74,7.039,6.522
65378,2.23,200.98091604,54.92541525,121.23,-22.01,41.73,2.29,2.227
65477,3.99,201.30589832,54.98799884,120.35,-16.94,40.19,4.225,4.023
62600,6.5,192.40854567,48.74004824,-15.66,-7.49,6.56,7.965,6.626
60988,6.21,187.5129321,51.53556985,-293.08,25.33,22.15,6.841,6.272
61053,6.2,187.70882191,53.07616553,19.46,182.1,45.58,6.887,6.275
63143,5.84,194.07350869,54.09948306,-78.1,2.54,12.74,6.054,5.809
59920,5.8,184.3731761,53.19144123,38.5,-45.45,8.54,7.538,5.951
59708,6.18,183.68095986,53.43467088,-21.15,-18.33,6.46,7.54,6.296
60795,5.68,186.89635756,55.71275225,-20.94,-11.43,7.43,7.735,5.871
60584,5.82,186.26343152,56.77785826,-14.25,-12.46,2.74,7.912,6.022
60212,5.54,185.2117925,57.86428953,47.75,-70.53,4.65,7.435,5.694
59458,6.34,182.93706229,57.05444463,9.92,-14.97,3.36,8.317,6.509
59774,3.32,183.85603795,57.03259792,103.56,7.81,40.05,3.421,3.314
62956,1.76,193.5068041,55.95984301,111.74,-8.99,40.3,1.813,1.764
63503,4.93,195.18160731,56.36633134,108.36,2.67,40.06,5.375,4.983
63647,6.5,195.66856739,59.71632956,-29.47,-9.75,5.3,6.576,6.519
62512,5.83,192.16390269,60.31989667,107.79,-30.6,41.39,6.402,5.891
62046,6.39,190.76746044,61.15537241,-51.36,19.85,6.83,8.031,6.523
62402,5.88,191.82885595,62.78113875,20.02,6.54,15.85,6.137,5.911
61936,6.02,190.39145671,62.71308183,-30.71,-17.68,5.61,6.072,6.022
60978,5.37,187.48916244,58.4055266,-66.78,88.75,11.88,5.618,5.383
60992,6.07,187.5176007,58.76780973,31.19,-14.92,7.62,7.335,6.175
58989,6.14,181.41567863,62.93329421,-48.82,-71.6,8.73,7.692,6.271
60589,6.31,186.27659619,63.80277456,-15.55,2.77,6.32,7.466,6.406
73454,6.35,225.1613561,47.27740376,-8.22,15.49,6.84,6.224,6.338
73695,4.83,225.94867417,47.65401409,-436.24,18.94,78.39,5.631,4.918
73841,5.59,226.35788174,48.15090031,-65.26,29.71,12.55,5.576,5.581
74083,6.33,227.08142101,50.0550062,-3.93,-21.2,7.71,7.672,6.442
72487,5.76,222.32781437,46.11639336,-7.35,-77.32,21.34,6.322,5.815
72524,5.68,222.42233956,48.72056284,-76.93,99.13,14.22,6.218,5.695
73100,5.63,224.09558479,49.62899937,110.79,-226.45,40.25,6.258,5.693
72508,6.49,222.38486434,51.37449776,15.19,2.19,19.41,6.948,6.524
74690,6.47,228.96118036,50.93856795,24.43,-45.91,16.52,7.535,6.562
75043,5.65,230.02142169,51.95848756,10.88,11.28,15.32,5.799,5.664
76957,5.48,235.71176316,52.36083046,-66.3,29.68,10.3,5.429,5.48
78180,4.96,239.44830388,54.74950359,-150.18,106.47,29.57,5.295,4.994
76311,5.97,233.81757086,53.9221386,-17.96,2.08,8.24,7.504,6.103
76376,5.77,233.9878239,54.63056806,-38.19,-0.57,13.24,5.833,5.777
76509,5.85,234.38351097,54.50878294,-35.17,-20.49,9.18,7.267,5.976
77370,5.85,236.90797351,55.37661523,12.64,4.82,12.56,6.175,5.905
77272,5.94,236.64534336,55.47460243,-120.14,77.5,3.13,7.772,6.092
77738,5.81,238.06909055,55.82658167,-23.82,54.06,9.09,7.04,5.911
75587,6.44,231.63405177,54.02032734,17.91,-13.68,8.99,6.522,6.442
73909,5.24,226.5694546,54.55628697,47.07,12.81,12.53,6.457,5.352
75788,6.45,232.23679161,55.1948491,-7.74,36.28,10.89,6.551,6.44
76651,6.45,234.78968608,57.92441688,-5.85,3.87,7.36,7.86,6.564
71280,5.74,218.6652567,49.36823171,-45.83,50.41,4.17,7.798,5.923
70791,5.58,217.15870008,49.84496418,-304.53,-46.36,10.59,6.664,5.677
70497,4.04,216.30008064,51.85171354,-236.06,-399.07,68.63,4.648,4.102
71573,5.83,219.56335468,54.02338576,17.54,-19.04,7.61,5.826,5.819
69958,6.47,214.73303042,54.86377384,-18.71,-8.56,9.75,6.679,6.501
71111,5.74,218.12887396,55.3980457,5.68,-14.75,5.33,7.74,5.902
71251,6.46,218.56542001,57.06582344,217.21,-232.47,34.46,7.08,6.524
75458,3.29,231.2324337,58.96602354,-8.27,17.3,31.92,4.827,3.435
75696,5.9,231.96434672,60.67022438,-16.9,-3.14,5.48,7.799,6.072
73507,5.91,225.36295558,60.20442421,-13.04,11.94,9.98,6.047,5.929
75256,5.99,230.65519206,62.04716944,9.3,-38.47,7.07,5.949,5.984
72664,5.48,222.86072795,59.29365246,-120.89,136.99,7.38,7.281,5.641
71040,6.26,217.92861754,60.22558784,-48.41,19.68,7.83,6.549,6.294
71876,6.24,220.51315491,61.26198751,75.99,-29.54,23.47,6.681,6.236
73199,4.63,224.39632979,65.93238126,-78.26,32.48,8.2,6.595,4.862
79164,6.43,242.35836422,55.82891851,-32.69,23.18,7.45,7.802,6.539
79125,6.33,242.26215069,57.93780185,-23.7,33.37,8.13,6.374,6.339
78527,4.01,240.4737656,58.56443739,-320.07,334.96,47.79,4.654,4.064
79804,5.37,244.31391116,59.75496116,6.81,25.56,4.96,7.441,5.614
80331,2.73,245.99794523,61.51407536,-16.98,56.68,37.18,3.892,2.831
80309,5.67,245.9466244,61.69637867,-29.54,33.99,7.91,6.962,5.835
80991,5.92,248.10689767,60.82334694,20.65,-9.79,9.72,5.97,5.927
81358,6.17,249.22911407,63.07303811,4.25,-88.13,6.7,8.189,6.343
78017,6.31,238.95690735,58.91170971,-31.85,26.62,7.01,6.259,6.302
78632,6.19,240.78902902,59.41081205,-18.57,-30.45,3.69,8.275,6.378
84183,5.54,258.1356641,62.87422062,15.91,48.03,24.01,5.798,5.572
83359,6.11,255.56573264,64.60065516,-20.32,34.34,9.05,7.324,6.2
83895,3.17,257.19677111,65.71463676,-20.76,19.15,9.6,3.042,3.163
81660,4.84,250.22966425,64.58908555,-0.04,-16.18,4.79,6.396,4.976
82898,6.4,254.10548137,65.03904488,-34.43,32.72,14.9,6.854,6.481
82860,4.88,254.00566477,65.13467204,238.05,50.84,66.28,5.462,4.936
85235,6.44,261.25375612,67.30669599,-531.0,3.65,78.14,7.391,6.507
85805,5.07,262.9912082,68.13470186,-13.56,132.7,15.02,6.429,5.194
86201,4.77,264.23787472,68.75718933,1.34,321.05,42.62,5.292,4.824
86184,6.33,264.16679686,69.57125889,-53.74,-217.54,23.53,7.063,6.412
87728,5.43,268.79640765,72.00513388,8.03,-2.92,4.51,5.815,5.456
77277,5.19,236.66647764,62.59969448,40.0,-56.54,12.0,5.262,5.2
75822,6.32,232.3380415,62.09955096,-28.42,-8.88,4.79,8.105,6.469
75260,5.72,230.66014565,63.34166375,-15.15,-92.4,8.59,7.435,5.868
75974,5.74,232.73297739,64.20850517,-111.9,77.48,10.24,6.986,5.852
79414,6.21,243.10574027,67.14427933,-11.94,-42.55,6.71,7.486,6.322
78893,5.44,241.5822169,67.80998136,-35.94,62.65,11.92,5.406,5.436
79867,6.39,244.54086863,68.55443584,-24.68,44.88,5.49,8.12,6.517
73706,6.22,225.99055401,65.91973604,22.96,-9.2,7.03,6.279,6.215
74605,5.15,228.65834777,67.34767598,221.51,-392.3,39.51,5.802,5.213
74272,6.18,227.6849835,67.78106662,21.69,-13.02,6.47,6.36,6.203
76519,5.65,234.41337239,69.28321732,-49.11,52.08,3.7,7.438,5.799
80682,6.45,247.08820161,67.04401224,-20.61,-5.17,4.73,8.528,6.705
83114,6.41,254.76072549,69.18634733,-0.18,-40.64,11.46,7.288,6.487
80650,4.94,246.99605488,68.76805491,-24.53,33.82,6.64,4.905,4.955
80161,5.26,245.45308916,69.10941712,-18.48,-10.59,11.09,6.703,5.39
86614,4.57,265.4846127,72.14949916,26.6,-269.77,45.38,5.073,4.613
86620,5.81,265.49182676,72.15757591,34.97,-273.61,44.8,6.362,5.79
86219,5.87,264.2868215,72.45575693,24.06,15.34,10.17,7.174,5.988
82880,6.29,254.06973909,73.12791647,-0.88,-20.48,10.27,6.593,6.318
79601,6.02,243.63944201,73.39480814,-10.86,34.33,4.36,6.096,6.026
80920,6.27,247.8679179,72.61220286,-36.92,55.72,7.45,7.968,6.431
87670,6.39,268.6114413,75.17121497,-12.52,38.11,6.81,7.629,6.499
83317,6.17,255.41700268,75.29766654,14.16,-69.58,22.26,6.527,6.205
87234,5.02,267.36223704,76.96227797,37.33,247.98,31.13,5.636,5.083
66700,6.28,205.08932457,57.20754182,-50.0,26.54,11.32,6.415,6.297
67548,6.45,207.61569712,58.53942814,-21.3,12.18,12.12,6.561,6.457
69107,6.47,212.19244711,59.33769923,-123.18,-20.76,7.44,7.772,6.582
68184,6.49,209.38373744,61.4923353,-32.32,216.48,98.97,7.835,6.61
65728,5.4,202.1132421,59.94570301,-78.04,34.47,13.79,5.469,5.46
67485,5.97,207.43928514,61.48954562,62.67,-95.69,8.26,7.179,6.07
65530,6.5,201.50153032,63.26073879,-392.63,220.51,46.86,7.432,6.578
66798,5.85,205.37423739,64.82243969,55.02,-11.71,14.74,5.936,5.85
70952,6.1,217.6929151,63.18576376,-177.43,9.85,31.51,6.605,6.151
68756,3.67,211.09760837,64.37580873,-56.52,17.19,10.56,3.609,3.644
67627,4.58,207.85807331,64.72328281,1.45,-4.55,8.33,6.641,4.787
67589,6.39,207.74749152,68.31544168,-176.59,-58.13,10.52,7.923,6.528
69373,5.18,213.01688963,69.43266873,-26.12,-49.53,7.32,7.254,5.374
68537,6.34,210.46126995,68.67868547,-33.68,-4.45,5.51,8.183,6.493
63952,6.15,196.5952588,62.04197396,17.06,-43.36,8.64,7.425,6.263
63584,6.01,195.4464669,63.61016308,-171.55,25.53,26.72,6.502,6.064
63297,6.44,194.57864526,64.92550428,-18.03,12.06,3.92,7.921,6.564
63076,5.23,193.8689797,65.43854743,-4.63,-30.38,34.67,5.584,5.265
63432,5.37,194.9803163,66.59730755,-139.75,-14.64,5.65,7.041,5.515
62423,5.43,191.89308893,66.79031573,1.64,-4.71,4.19,7.504,5.618
60998,5.01,187.52817199,69.20126087,-63.12,-56.48,5.61,7.09,5.216
61281,3.85,188.37101041,69.78820992,-58.14,11.42,6.55,3.733,3.869
61384,4.95,188.68360523,70.02177318,-30.4,-1.36,5.97,6.638,5.095
59746,5.72,183.785557,70.20007671,-24.44,-28.29,6.97,7.253,5.858
64774,6.2,199.11939858,68.40796113,-14.1,16.26,7.12,6.133,6.189
66435,5.5,204.2960597,71.2422665,-36.28,-6.02,8.14,7.079,5.634
65536,5.82,201.53343022,72.39149824,22.62,-9.19,3.23,7.95,6.001
63822,6.43,196.20742517,73.02495241,-19.04,9.64,8.23,6.731,6.497
60699,6.33,186.60197202,71.92988373,-150.27,-23.3,8.38,7.642,6.441
59796,6.29,183.92295178,72.55125754,-9.2,-25.11,7.24,7.755,6.418
59291,6.34,182.44619077,74.66136609,-5.91,0.83,13.85,6.948,6.394
63340,6.0,194.6970959,75.47247502,13.18,13.77,6.83,7.318,6.114
60044,5.47,184.70860512,75.1605502,-36.03,4.35,11.29,5.53,5.47
58952,5.78,181.31141141,76.90595813,147.22,-92.36,9.8,7.108,5.905
59504,5.14,183.04963833,77.61619242,10.53,20.18,29.7,5.555,5.188
74793,5.02,229.27450664,71.82387844,3.73,9.37,8.37,6.808,5.171
75097,3.0,230.1822884,71.83397308,-18.03,17.68,6.79,3.102,3.033
72607,2.07,222.67664751,74.15547596,-32.29,11.91,25.79,4.015,2.238
79420,6.36,243.13415319,75.21059442,-43.51,35.73,4.26,8.026,6.499
79822,4.95,244.37708768,75.75470385,-89.94,257.8,33.52,5.401,4.999
79280,5.48,242.70636884,75.87753079,-1.38,13.19,4.9,5.352,5.461
78661,5.73,240.88081682,76.79388926,-17.52,20.44,5.61,5.788,5.731
80850,6.35,247.66283125,77.44585077,-103.74,272.94,8.0,7.6,6.464
87293,6.25,267.54208678,78.30651595,3.3,9.56,3.66,8.161,6.42
81854,5.99,250.77557016,77.51347098,56.38,206.46,27.78,6.501,6.062
76008,5.0,232.85439245,77.34933897,-46.89,5.31,3.92,7.027,5.168
77055,4.29,236.01443312,77.79449901,20.07,-2.5,8.68,4.342,4.288
81428,6.33,249.470033,78.91856343,-24.2,42.49,7.87,7.809,6.45
80480,5.55,246.43136816,78.96360053,-113.04,104.23,23.61,5.851,5.586
84769,5.74,259.90436303,80.13639898,18.49,0.16,3.29,7.693,5.893
82080,4.21,251.49233961,82.03725071,19.54,4.67,9.41,5.345,4.315
68956,6.43,211.73534316,74.59375041,-53.19,12.74,7.45,6.624,6.449
66251,6.46,203.67839412,76.54670829,-25.27,0.89,3.18,8.552,6.658
70692,4.25,216.88134383,75.69593921,8.71,22.09,9.46,6.122,4.407
69112,4.8,212.21253759,77.54743312,-30.36,33.39,6.52,6.598,4.96
71196,6.27,218.41091198,79.66022308,-100.01,83.97,7.07,7.987,6.419
66903,5.91,205.66409991,78.06432575,-64.25,45.78,10.24,7.181,6.015
58545,6.21,180.07851186,80.85327729,-65.31,-37.55,3.98,8.286,6.402
65595,5.74,201.73841524,78.64379561,-140.35,30.28,11.15,6.693,5.828
64437,6.25,198.10606335,80.47128181,-6.34,11.27,4.75,7.479,6.372
62170,6.33,191.10791915,80.62112781,31.45,-42.61,7.05,6.526,6.351
59384,6.0,182.75037388,81.70983674,-25.8,-1.71,2.96,8.091,6.153
72573,5.63,222.58178099,82.51248701,177.66,-223.33,23.08,6.461,5.71
85822,4.35,263.05373826,86.58632924,10.54,53.97,17.85,4.391,4.352
66878,5.92,205.59559926,82.75251097,32.67,-42.51,8.96,7.184,6.027
62572,5.38,192.30750199,83.41285818,-28.15,17.55,10.75,5.345,5.314
62561,5.92,192.2782968,83.41779443,-22.05,15.52,14.68,5.825,5.809
58874,6.27,181.11887598,85.58691106,-55.16,90.97,13.11,6.936,6.335
59879,6.33,184.20562629,86.43584319,211.86,-10.06,25.24,6.833,6.38
59767,6.27,183.83612872,87.69998919,-27.15,51.95,21.48,6.656,6.306
85699,5.78,262.69570753,86.96802383,56.09,9.68,20.88,6.038,5.791
84535,6.31,259.23858572,89.03771546,-23.03,-3.07,3.72,8.369,6.52
103892,6.24,315.76286878,1.53219038,-110.47,-53.03,15.17,6.996,6.495
104048,6.34,316.18883324,2.26993181,94.64,-66.08,8.41,7.555,6.451
104041,6.41,316.17346969,2.94226021,12.37,5.77,8.16,7.769,6.536
103571,5.24,314.77157032,4.29497561,-113.43,-150.28,16.59,7.784,7.275
103569,5.3,314.76892895,4.29384672,-113.43,-150.28,16.59,5.96,5.452
104481,6.44,317.49273258,2.94359966,20.44,33.59,10.89,6.882,6.49
104202,6.48,316.66577859,3.80299636,94.78,50.31,14.63,7.596,6.588
104987,3.92,318.95581976,5.2480739,59.63,-94.33,17.51,4.59,4.002
104031,5.63,316.14434879,5.50286035,14.15,0.49,4.74,7.799,5.808
102631,6.38,311.9493986,3.30644316,37.66,9.71,6.98,6.364,6.38
103301,6.04,313.91934351,4.53269568,60.96,11.26,9.02,7.52,6.364
102833,6.2,312.49613207,5.54455718,43.16,1.02,6.58,7.451,6.304
102633,5.57,311.95136711,6.00824104,8.81,-13.01,6.35,5.596,5.611
104101,5.94,316.36162027,5.95848857,-117.36,-119.06,27.06,6.591,6.019
104357,6.14,317.11727171,6.98935404,-9.93,1.66,3.92,8.341,6.36
103652,5.98,315.01647457,7.51617986,48.1,6.98,13.85,6.314,6.016
105570,5.16,320.72325739,6.81111338,52.66,11.15,9.06,5.236,5.165
106103,6.41,322.39372478,6.58138694,4.5,-3.46,3.96,7.936,6.542
106021,6.39,322.10347396,8.19571132,6.89,-27.25,3.6,8.528,6.588
105413,5.81,320.2700023,7.3545461,41.25,-17.88,3.08,7.975,6.013
104858,4.47,318.61995883,10.00771855,42.32,-303.43,54.11,5.092,4.549
104538,6.07,317.63047657,10.04887979,-0.23,17.23,6.81,6.113,6.076
104521,4.7,317.58529617,10.13194861,49.07,-151.85,28.38,5.06,4.741
105695,6.33,321.10217554,10.17420266,70.85,20.13,9.47,6.902,6.375
105224,5.97,319.71672173,11.20333527,21.12,15.51,2.6,8.104,6.161
106243,6.1,322.79007371,12.13751309,18.11,-15.74,7.82,6.039,6.095
102819,6.32,312.451019,7.8641548,26.21,12.43,6.3,6.343,6.323
100953,6.23,307.03131529,8.43740668,40.75,16.94,9.99,7.593,6.346
100762,6.32,306.43376134,10.05609372,20.98,-38.88,3.72,8.365,6.502
101160,6.03,307.57479631,10.89591574,19.25,3.52,5.76,6.026,6.052
101916,5.07,309.7816354,10.08615196,323.58,21.07,33.27,6.132,5.367
101966,6.39,309.96603077,11.24944743,47.44,83.05,30.31,7.051,6.452
101800,5.42,309.45456696,11.37769664,40.01,-8.51,18.4,5.494,5.433
101421,4.03,308.30318657,11.30333217,10.75,-28.54,9.09,3.889,4.02
101882,5.69,309.68326968,13.31512567,2.66,-0.39,2.5,7.68,5.868
101483,5.39,308.48748693,13.02720146,76.49,21.89,18.85,5.489,5.394
103527,5.51,314.60817904,10.8393695,-47.95,-34.35,13.68,6.699,5.619
103298,5.54,313.91063822,12.56850687,31.23,21.1,16.35,5.699,5.555
103891,6.33,315.75741401,14.73001442,25.64,4.79,5.15,8.513,6.53
104771,6.27,318.36985452,15.98245122,36.0,-22.94,11.17,6.559,6.297
104281,6.27,316.89005877,15.65879687,47.42,-57.48,8.83,7.564,6.389
102805,6.01,312.40723273,12.54489131,54.06,97.46,33.81,6.519,6.054
103294,5.19,313.90282903,13.72156383,18.36,-11.5,6.88,6.634,5.318
102080,6.01,310.3175567,14.58287886,-8.52,0.39,6.68,7.623,6.147
102281,4.43,310.86477381,15.07468224,-19.61,-41.74,16.03,4.784,4.463
102532,4.27,311.66465833,16.12477326,-25.88,-196.27,32.14,5.594,4.378
102531,5.15,311.66194885,16.12462394,-6.1,-201.74,31.69,5.719,5.151
103675,5.69,315.11540786,19.32972583,-17.03,-59.66,5.47,7.766,5.895
107315,2.38,326.04641808,9.87500791,30.02,1.38,4.85,4.402,2.569
107173,6.06,325.63728108,10.82434451,17.39,-12.57,4.68,5.905,6.04
108693,5.61,330.272146,13.11996136,57.6,-56.74,14.3,6.028,5.647
109009,6.38,331.26446576,14.81595456,-13.53,-14.89,6.4,8.39,6.597
106643,6.5,324.02119868,15.08220968,-82.8,-88.95,7.3,7.698,6.61
107350,5.96,326.12996019,14.77221491,231.08,-113.45,54.37,6.658,6.022
107558,6.18,326.7695679,17.19407481,103.75,-13.93,19.9,6.588,6.228
107788,5.34,327.53601656,17.28595705,91.28,-43.45,29.91,5.799,5.382
107348,4.34,326.12787716,17.35004352,7.9,-10.75,3.62,5.815,4.465
109577,5.93,332.96388678,16.04059653,-2.94,-18.79,17.88,7.152,6.039
109788,6.5,333.57688102,17.18956616,-82.75,-91.39,8.19,8.171,6.638
109212,6.31,331.87480137,18.00078982,23.23,-33.21,3.45,8.41,6.518
109691,6.5,333.29172389,18.27990063,3.91,-36.3,4.34,8.305,6.663
109439,6.18,332.57901866,19.61656699,92.06,-93.77,18.01,7.037,6.264
110548,6.2,335.91398136,20.84826537,335.18,-14.71,29.5,6.822,6.276
109209,5.74,331.8688224,19.47543631,121.91,36.78,16.39,6.115,5.773
108513,6.5,329.74851699,19.02038379,76.56,-33.65,15.68,7.793,6.611
108060,5.69,328.40569599,19.66838008,22.1,23.51,14.18,5.704,5.682
108119,6.36,328.57266177,19.71815103,-34.28,-12.44,8.95,7.523,6.446
107887,5.78,327.89264809,19.82664938,20.51,13.33,5.58,5.64,5.761
107734,6.27,327.36194087,20.46244382,1.69,0.83,1.77,6.141,6.254
108296,6.39,329.09993076,21.23982286,1.73,14.62,2.84,8.6,6.581
109458,6.45,332.62576981,20.97800691,-2.83,-9.26,4.92,6.559,6.451
109240,5.79,331.95971953,21.70309155,-45.18,-68.26,4.67,5.685,5.775
106064,6.42,322.24967811,17.90590802,-9.12,0.61,5.99,8.234,6.567
106550,6.47,323.69120431,18.32890166,37.01,11.38,4.43,8.109,6.619
106787,5.46,324.4390348,19.31857481,99.51,13.43,10.15,5.828,5.49
106897,5.77,324.75463604,20.26545357,122.57,-1.14,25.57,6.139,5.812
105860,6.08,321.61088664,19.37559788,80.23,17.28,21.72,6.355,6.101
105502,4.08,320.52139118,19.80435581,105.94,62.61,21.19,5.515,4.211
106062,5.84,322.24898803,22.179404,33.24,13.06,5.41,7.7,6.093
105344,6.29,320.05862783,22.02617225,4.0,5.61,6.05,6.15,6.272
105652,5.7,320.99475047,24.27409155,136.43,18.11,18.05,6.091,5.736
105411,5.58,320.26766229,23.85625829,243.57,-120.04,11.63,6.954,5.705
107956,6.27,328.07572282,21.27310284,15.89,24.52,2.56,8.423,6.536
107297,6.43,325.99216944,22.81539445,-20.65,-43.48,5.57,8.113,6.571
107472,5.29,326.51816071,22.94888549,9.07,-2.35,2.89,7.038,5.427
108022,5.09,328.26567758,25.92513878,9.12,0.34,6.37,4.882,5.062
106527,6.45,323.64153036,22.75465142,11.73,-53.45,14.45,7.063,6.523
106140,4.52,322.48699859,23.63882922,24.39,3.52,7.37,6.6,4.706
106306,6.43,322.95894197,23.84516195,8.81,7.07,6.31,7.786,6.538
106605,6.22,323.86261965,24.45218695,11.99,-10.83,4.73,6.403,6.248
106872,6.18,324.68818128,25.49881799,-1.97,4.74,7.83,7.5,6.312
105689,6.35,321.09630045,24.52841724,34.94,-9.96,6.42,7.698,6.459
107502,6.28,326.59934972,25.56337264,162.41,53.97,8.72,7.863,6.422
107354,4.14,326.16126755,25.64500284,46.66,13.47,28.34,4.661,4.2
107310,4.49,326.03501874,28.74322228,260.33,-242.73,44.64,4.93,4.392
100208,6.2,304.87210564,13.21681049,-14.89,-18.28,4.12,8.338,6.394
100781,6.35,306.50659436,13.91167933,25.12,-27.49,4.0,8.261,6.518
101589,4.64,308.82711738,14.67418482,45.08,11.71,14.36,4.797,4.675
100256,5.96,305.0007967,13.54810109,-2.65,-4.03,11.09,6.321,5.988
100511,6.16,305.7180075,14.55111452,79.02,-6.87,38.27,6.747,6.215
100274,6.17,305.08552482,14.56924214,-3.19,6.18,5.93,7.325,6.268
98954,6.37,301.36052502,15.50036919,34.33,17.62,4.35,8.561,6.584
98754,5.73,300.875053,16.03127337,5.05,-7.73,5.12,5.527,5.653
99742,4.94,303.56910667,15.19746767,55.69,57.98,21.24,5.032,4.954
100276,5.82,305.0891524,17.79300261,16.32,-30.88,6.83,7.798,5.996
99176,6.39,302.02708254,16.66437317,4.33,7.14,0.77,8.633,6.602
101769,3.64,309.38695734,14.59520289,118.28,-47.65,33.49,4.16,3.676
101909,5.99,309.7707025,15.83823558,-2.33,-15.14,2.51,5.784,5.955
101958,3.77,309.90939395,15.9120527,54.14,7.91,13.55,3.714,3.766
102158,6.24,310.49231374,17.5213842,16.52,43.1,7.54,7.442,6.346
101810,6.22,309.4779433,18.26843117,36.23,61.18,9.16,7.705,6.351
102040,6.43,310.18777967,19.93477741,119.13,312.24,47.65,7.195,6.498
100807,6.23,306.59646487,17.31557189,4.49,-5.45,4.01,7.508,6.336
100779,6.45,306.5047852,19.86544804,31.26,18.93,4.83,7.772,6.559
100876,6.44,306.80912244,20.47650539,0.51,-8.32,1.97,7.749,6.545
101213,6.21,307.74206375,20.60600552,96.14,58.5,9.43,6.388,6.231
100754,5.68,306.4188495,21.40966274,8.88,-8.67,6.0,6.85,5.787
101505,6.49,308.54157887,20.98519665,6.76,-4.72,2.21,6.289,6.458
101867,4.81,309.63038481,21.20117964,74.38,-2.48,15.27,4.771,4.803
101919,6.08,309.79428967,21.81740583,30.19,15.86,3.52,6.02,6.072
101870,5.91,309.64578512,23.68050731,4.09,-5.32,1.65,7.147,6.042
101868,5.06,309.63295107,24.11597742,9.99,-7.8,6.61,4.88,5.033
98234,5.54,299.43932749,16.78911537,11.52,19.66,8.06,5.471,5.528
98085,5.71,299.005264,16.6348159,1.0,-6.89,0.76,6.85,5.811
98438,5.33,300.01378061,17.51654077,1.73,-12.22,4.37,7.431,5.574
97796,6.24,298.09068778,18.67190024,-0.17,-10.45,0.23,6.2,6.239
98819,5.8,301.02693796,17.07116105,-394.07,-406.42,56.6,6.53,5.857
98738,5.99,300.81830316,18.50104063,11.41,-19.67,3.84,7.798,6.14
98337,3.51,299.68911516,19.49209287,64.37,22.58,11.9,5.562,3.693
98920,5.09,301.28947757,19.99087704,30.61,79.65,20.17,6.452,5.208
96837,4.39,295.26222378,17.47612356,9.06,-33.9,6.99,5.716,4.497
96757,4.39,295.02409394,18.01393839,15.09,-19.72,6.89,5.357,4.472
97365,3.68,296.84693842,18.53425912,-4.58,11.1,7.28,5.547,3.982
97496,5.01,297.24437005,19.14197806,17.91,26.47,9.99,5.131,5.041
96275,5.0,293.64536654,19.77339742,13.41,2.22,5.36,4.874,4.981
96601,6.5,294.57414264,20.78347323,-6.81,-33.84,5.7,7.825,6.612
98661,6.5,300.59210822,22.15148634,-5.1,-11.44,0.89,6.659,6.527
97679,4.9,297.76705681,22.61008676,23.35,-16.65,5.27,4.71,4.878
97886,4.57,298.36533677,24.07952568,22.78,36.29,9.08,4.533,4.585
99913,6.11,304.08242795,21.59876279,8.1,-25.73,10.95,7.461,6.237
99445,6.24,302.76469664,21.13450274,23.15,31.2,6.34,7.364,6.337
99479,6.24,302.83758369,21.87496544,-4.71,-11.81,0.11,6.206,6.264
99853,5.18,303.87598846,23.50892242,2.66,-6.89,0.75,6.477,5.291
101300,6.37,307.99244679,25.80502621,41.31,-20.03,12.33,6.691,6.395
100435,5.5,305.51428968,24.44611603,1.92,-6.89,1.81,5.406,5.51
99951,5.3,304.19615246,24.67114227,14.41,-16.71,6.91,6.498,5.404
98772,6.45,300.91170802,22.94109632,-18.84,-15.74,6.35,7.769,6.567
99080,5.08,301.72249122,23.61442409,15.18,0.45,6.68,4.859,5.047
98375,5.68,299.79409487,23.10127381,-70.78,3.07,20.66,6.081,5.717
98609,5.88,300.43627799,24.80042535,6.72,-0.78,4.85,5.702,5.858
98636,5.23,300.50572521,24.93787365,89.69,69.73,15.43,5.707,5.303
97961,5.56,298.62942212,24.31939041,23.52,-0.79,6.9,5.536,5.561
98458,6.49,300.06399327,26.18790438,1.42,-7.01,2.21,7.957,6.623
99824,4.79,303.81621226,25.59196924,6.9,-5.02,2.72,4.545,4.741
99531,5.91,303.00291076,26.47883104,4.48,-10.08,2.86,5.767,5.892
99404,5.51,302.63968695,26.90413736,18.29,12.92,7.77,5.616,5.527
99518,5.51,302.94989008,26.80901561,1.41,-10.37,2.02,7.306,5.651
99874,4.5,303.94232258,27.8142285,-34.37,5.77,9.94,6.137,4.657
100018,6.24,304.38140202,29.14750941,-9.15,22.1,8.88,7.545,6.367
99738,5.19,303.56050449,28.69486353,12.18,-19.01,9.97,5.419,5.219
103511,5.3,314.56813667,22.32591754,-2.6,-4.08,8.21,7.153,5.453
102388,4.92,311.21884679,25.27104823,-27.74,-177.6,8.94,6.444,5.054
104172,6.13,316.59771242,26.92440789,43.5,-19.01,9.37,7.442,6.243
103004,4.56,313.0321898,27.09712771,-72.33,-60.95,15.06,5.619,4.662
103200,5.03,313.64015502,28.05763154,0.12,-4.17,4.41,6.961,5.175
105660,6.2,321.03093362,25.31240151,39.37,9.03,5.33,6.231,6.203
105703,5.67,321.1415567,26.17454472,48.93,6.42,14.84,6.048,5.708
105966,5.39,321.91679163,27.60854356,41.75,20.44,17.96,5.448,5.394
106595,6.25,323.82926831,28.19768744,138.92,-33.22,13.9,6.668,6.291
106661,6.36,324.05840594,30.05527642,-52.47,59.73,9.14,7.548,6.358
104822,6.18,318.54284318,29.90096125,3.71,-0.75,1.34,7.583,6.297
104732,3.21,318.23408977,30.22708128,6.87,-68.12,21.62,4.469,3.312
104371,5.6,317.16196997,30.20568797,25.35,-20.78,7.35,5.511,5.568
104185,5.77,316.62600709,31.18466842,3.98,-4.78,1.72,6.424,5.83
105558,6.07,320.67513322,30.30986401,38.64,7.54,8.71,7.458,6.185
106003,5.75,322.03399511,32.22513677,134.05,79.39,22.41,6.132,5.788
105390,6.45,320.20838513,32.45233066,58.6,-45.18,13.65,7.401,6.498
105432,6.05,320.34136809,32.61276805,14.4,-14.29,5.39,6.119,6.05
101641,6.4,309.03467615,25.88261861,23.61,11.96,4.65,6.59,6.425
101716,5.59,309.26942755,26.46197499,16.27,-11.39,10.68,5.525,5.584
102949,5.66,312.86764739,28.25051868,3.92,-5.48,1.95,6.337,5.672
103079,6.36,313.28071316,29.64925374,-4.78,-64.56,7.64,7.751,6.477
102033,6.02,310.15110122,29.8054475,20.61,43.05,12.2,6.223,6.045
101899,5.68,309.74806489,30.33442469,-27.45,-65.54,8.44,7.079,5.801
102453,4.22,311.41566302,30.7196568,-8.01,24.04,15.84,5.574,4.344
101076,4.01,307.348879,30.36855661,6.87,-0.64,4.3,4.505,4.056
100486,6.09,305.65547104,31.26502064,-8.47,-22.64,5.37,7.871,6.242
100587,4.43,305.96498335,32.19018607,35.71,-5.81,12.77,6.176,4.58
101765,6.32,309.38238346,31.57254134,8.98,-0.63,4.16,6.199,6.299
102066,5.53,310.26058373,32.30731586,2.86,-11.79,4.05,6.62,5.624
102993,6.42,313.00162315,32.84891554,0.24,-8.66,1.67,6.234,6.392
103145,5.47,313.47461043,33.43780855,-20.6,34.02,5.35,7.477,5.648
105138,4.41,319.47944955,34.8968812,11.96,6.85,3.62,4.281,4.401
104765,6.07,318.3601048,36.63326173,0.44,0.6,1.83,6.337,6.103
102488,2.48,311.55180091,33.96945334,356.16,330.28,45.26,3.815,2.6
102571,4.93,311.79468503,34.37410329,39.26,8.24,8.18,6.623,5.082
102276,6.48,310.85082082,35.5878093,-6.01,-3.28,1.47,8.104,6.618
102589,4.53,311.85219564,36.49073658,14.93,-8.2,3.71,4.422,4.551
103734,6.01,315.30361308,36.02602514,-3.86,-6.36,4.96,7.271,6.113
104217,6.05,316.71746843,38.73441392,4107.4,3143.72,285.42,7.764,6.208
104214,5.2,316.71181258,38.74149446,4155.1,3258.9,287.13,,
103894,6.1,315.77010794,38.65742938,18.54,-6.06,4.98,7.385,6.206
103822,6.5,315.58732037,39.50903218,2.01,1.09,2.31,8.389,6.622
111278,6.43,338.14740682,20.2299448,166.66,30.52,18.9,6.833,6.473
112440,3.97,341.63267663,23.56567939,56.99,-10.46,8.26,5.338,4.075
112748,3.51,342.5004181,24.60168486,144.11,-43.44,27.95,4.689,3.61
109602,5.97,333.03369809,24.950637,10.24,1.73,1.07,7.897,6.117
110992,5.79,337.29254382,26.76320924,26.09,-4.42,2.97,7.4,5.912
110907,6.48,337.04645171,27.01888696,-35.57,-33.43,6.76,7.743,6.596
110346,6.46,335.25019994,26.93518051,14.05,-7.42,4.11,8.49,6.694
111191,6.33,337.89321398,29.54283895,-30.2,-33.19,8.0,6.585,6.36
113881,2.44,345.94305575,28.08245462,187.76,137.61,16.37,4.612,2.659
112051,4.8,340.43920724,29.3076892,-2.03,-19.96,10.7,4.79,4.796
112158,2.93,340.75053573,30.22130866,13.11,-26.11,15.18,4.017,3.036
112368,6.37,341.39432691,30.44340669,-250.94,-349.5,17.57,7.563,6.496
112032,6.36,340.38031252,30.96585875,48.8,1.14,3.92,8.461,6.56
109176,3.77,331.75197729,25.3450461,296.73,26.93,85.06,4.294,3.822
109276,6.08,332.07190211,25.54361178,-26.97,-36.91,11.6,6.438,6.11
109023,5.75,331.29714774,26.67361826,28.42,29.23,8.22,7.386,5.888
109977,6.38,334.12356919,27.80404024,-14.99,-4.28,8.17,7.623,6.481
109056,5.69,331.39439437,28.96400385,30.03,-9.48,10.71,5.621,5.677
110371,4.78,335.33053166,28.33051592,17.42,5.6,5.37,4.777,4.804
109730,5.87,333.4110424,28.60802681,74.04,-3.99,13.08,7.384,6.002
109493,6.3,332.71540024,30.55304243,17.28,-16.95,7.8,6.558,6.32
107975,5.52,328.12481712,28.79369216,-58.67,-63.26,36.15,6.028,5.576
107763,5.07,327.46117477,30.17427852,18.89,-26.14,10.78,5.082,5.072
109410,4.28,332.49688603,33.17826747,-12.34,-17.94,12.96,4.845,4.338
109352,5.58,332.30698173,33.1724976,-60.0,-65.86,11.51,6.844,5.698
108969,6.36,331.14380705,32.94176333,6.11,-7.82,3.39,7.742,6.491
108632,6.46,330.11129256,33.00578827,-14.63,57.44,15.05,6.972,6.509
110873,6.0,336.94258454,31.83997497,50.84,28.63,3.48,7.887,6.158
111068,5.64,337.50746956,32.57267245,30.94,-14.03,8.01,5.588,5.625
111567,6.11,339.03290831,35.57764581,5.29,-58.5,7.81,7.386,6.224
111627,6.28,339.20285766,35.65242306,-5.28,-1.83,4.66,8.107,6.442
111869,6.03,339.89301814,37.59281397,11.22,1.16,3.61,7.099,6.126
112144,6.43,340.73103152,37.80274748,-1.12,-5.3,2.71,6.266,6.405
110487,6.45,335.70949358,36.65891683,4.71,53.41,7.47,7.806,6.574
109654,5.34,333.19921276,34.60471273,19.32,-49.66,12.74,6.81,5.473
109937,4.14,333.9923757,37.74873483,8.74,0.76,5.2,6.009,4.286
110171,6.19,334.73402774,37.76918003,55.4,43.73,15.19,6.506,6.2
110790,6.46,336.68982704,37.44371876,-0.82,-5.2,1.69,6.255,6.409
111841,4.89,339.81532883,39.05028301,-0.29,-5.7,3.08,4.616,4.855
111546,5.73,338.96785192,39.63434136,1.11,-4.39,5.1,5.5,5.682
110566,6.18,335.97525489,38.57331176,255.69,123.47,19.16,6.75,6.234
111259,5.88,338.10989375,39.77975511,4.73,-8.87,5.19,6.086,5.905
110849,6.16,336.86041347,39.81004053,-0.53,-6.09,2.39,5.964,6.124
115355,5.35,350.4788585,31.81248117,10.27,-6.81,3.91,5.212,5.328
114187,6.13,346.86557899,32.82537306,-21.11,-11.52,6.64,6.255,6.113
115148,6.32,349.86417565,34.79318424,16.45,-0.32,4.68,6.248,6.311
114152,6.38,346.77079924,35.63646521,56.25,10.71,5.11,7.882,6.514
113222,5.73,343.93538834,36.35139364,19.89,-1.54,3.9,5.662,5.723
115280,5.77,350.22153629,38.18247497,129.56,-61.21,23.59,6.31,5.826
116365,6.18,353.69472703,38.02397291,10.67,11.08,4.81,8.28,6.37
116824,6.24,355.16860835,36.72071051,234.51,23.57,22.63,6.717,6.282
116781,6.49,355.01176265,37.65283835,-7.18,-80.08,11.2,6.916,6.541
116030,6.07,352.66474266,38.66221205,30.97,17.08,5.25,7.334,6.179
116076,5.22,352.82165645,39.2364018,287.3,-83.78,13.09,6.538,5.346
116354,5.55,353.65646146,40.23655244,-17.71,-45.77,13.97,5.682,5.574
118071,6.01,359.26511635,42.65823773,5.21,-2.38,2.26,6.885,6.101
115530,6.37,351.03699006,41.612868,-12.12,2.31,2.61,8.615,6.605
115065,5.98,349.59721541,41.77370255,-9.58,-11.03,6.9,6.26,6.016
115191,5.81,349.96825485,42.07803394,47.78,4.25,6.01,7.787,5.97
115755,5.75,351.78054498,42.91196859,87.42,17.07,11.09,5.73,5.743
116631,4.29,354.53407969,43.2680761,27.72,-1.21,6.49,4.176,4.273
116805,4.15,355.10184089,44.33397776,81.33,-18.96,19.22,4.059,4.131
116941,6.43,355.56117891,44.99175706,-19.19,-17.28,4.15,8.388,6.586
116582,5.81,354.38346323,44.42903532,15.16,-17.0,3.96,5.735,5.81
117956,6.01,358.88952016,47.35582163,-10.83,-7.4,2.02,7.511,6.127
113174,5.91,343.76076644,37.07680479,88.52,9.25,24.24,6.372,5.952
112590,5.82,342.04611234,37.41684226,-42.58,-63.48,8.96,7.121,5.925
113371,6.17,344.41974256,39.30878922,0.46,-5.13,2.39,5.968,6.138
112305,6.47,341.22069959,39.2010757,16.39,-20.04,4.69,8.423,6.624
113009,6.33,343.29737555,40.1673832,9.14,-8.93,2.57,6.223,6.309
113084,5.82,343.52879493,40.37683633,97.09,28.91,9.63,7.29,5.942
113726,3.62,345.48019377,42.32597866,22.47,0.24,4.71,3.529,3.624
113281,5.6,344.09846242,41.60388627,-0.99,-4.25,2.71,5.398,5.569
113788,5.09,345.6514039,42.7578062,55.67,-4.77,9.33,5.204,5.102
114430,5.91,347.61401487,43.54473662,-202.18,-207.65,35.39,6.432,5.954
112241,5.93,341.02171745,39.46541736,7.68,-28.38,5.04,8.013,6.165
112031,5.25,340.36938127,40.22546314,-0.75,-5.9,2.34,5.046,5.213
112041,5.93,340.39975815,41.54897766,140.88,59.98,10.08,7.209,6.046
112778,5.91,342.59070173,41.95340325,8.28,-3.93,3.0,5.996,5.934
112242,5.11,341.02285629,41.81922714,-8.33,3.11,11.89,6.329,5.215
112417,5.84,341.54210525,44.54597654,142.77,32.07,18.79,6.255,5.877
112917,4.95,343.00811365,43.31236494,109.36,21.54,9.99,7.002,5.126
113802,6.37,345.68811495,44.05876504,2.19,-5.99,2.77,6.338,6.377
113750,6.43,345.54715241,44.57290212,10.44,-18.02,9.08,7.64,6.527
113048,5.79,343.4173281,44.74920148,-2.97,-15.72,19.22,6.15,5.836
114200,5.3,346.91365671,46.38730373,-11.87,-29.97,9.54,7.15,5.46
115261,6.25,350.1837759,44.11625675,-9.59,-36.84,12.5,6.428,6.261
116292,6.25,353.42912951,45.05807278,0.09,11.21,5.95,7.52,6.359
114981,6.44,349.31912592,45.16431817,100.63,-62.2,13.53,7.822,6.582
115036,6.48,349.48329731,45.48894828,23.93,-10.02,5.98,6.44,6.486
117221,4.97,356.50849555,46.42029095,9.05,-6.25,2.49,6.373,5.097
116584,3.81,354.3904487,46.45917621,159.22,-421.46,38.74,5.12,3.975
117340,6.08,356.88770252,46.83257654,1.21,-5.01,2.47,5.915,6.07
115996,6.19,352.53078341,49.13313752,29.41,2.99,3.81,8.093,6.337
115171,6.29,349.92239405,48.38085976,206.18,31.11,6.86,7.734,6.416
115152,5.44,349.87411644,48.62519601,22.98,51.91,9.95,6.746,5.563
115022,4.82,349.43590129,49.01528336,34.48,6.74,4.98,6.989,5.021
116876,6.26,355.36165797,49.51246055,-14.01,-19.5,4.19,6.483,6.286
117551,6.47,357.59216579,51.62170663,121.19,-18.1,24.68,6.929,6.517
116709,5.35,354.78478065,50.47173744,-16.69,-1.87,8.36,5.276,5.335
116991,6.44,355.77094888,51.93934472,30.16,-4.15,5.83,7.757,6.548
107445,6.44,326.43519586,35.85728391,91.76,11.06,6.53,7.717,6.555
107129,5.98,325.50450032,35.51019572,5.45,1.94,1.63,9.442,6.277
107637,6.25,327.03504788,36.58040284,-23.83,-5.96,4.65,8.299,6.44
107664,6.1,327.12225557,38.64857876,24.01,-1.6,6.61,6.002,6.086
107856,6.2,327.77072409,39.53664936,8.85,3.55,3.04,6.112,6.192
107253,5.69,325.85677886,38.28360055,34.65,-4.91,11.97,5.695,5.699
106551,4.87,323.69365589,38.53382684,116.8,93.3,12.76,6.279,4.993
107097,6.07,325.3927861,40.80533757,-17.45,-47.7,7.16,6.161,6.087
107235,5.51,325.77701184,41.15499969,-15.96,-12.2,5.55,7.613,5.709
109754,4.5,333.46958944,39.71488928,37.65,15.55,5.79,6.301,4.658
110408,6.38,335.46191327,42.0781687,15.65,-5.23,4.56,6.258,6.358
109831,5.72,333.68471113,42.95396372,50.49,-21.96,11.67,5.732,5.717
107749,6.48,327.41706759,41.14880103,-2.93,-5.62,0.38,6.931,6.528
108845,5.57,330.73615775,44.64994158,-21.46,-32.32,6.16,5.556,5.593
109102,5.09,331.50816631,45.01438566,-9.35,-15.36,5.27,7.157,5.27
109079,6.5,331.46015723,45.112512,13.08,-3.32,4.67,6.462,6.492
109121,6.19,331.55102489,45.24870296,23.25,-5.46,10.09,6.282,6.196
109303,6.11,332.17025791,45.74213801,-52.48,47.88,23.79,7.054,6.203
109745,5.53,333.45491277,45.44060328,73.41,4.01,13.0,5.546,5.528
105811,5.93,321.4459174,36.66740768,6.91,-8.89,1.18,5.78,5.903
105942,5.3,321.83901766,37.11679196,2.49,2.66,1.84,5.111,5.274
105637,6.46,320.95163645,37.35149782,-5.95,-6.86,3.54,8.376,6.609
104887,3.74,318.69727757,38.04432043,195.74,410.02,47.8,4.215,3.784
105269,5.89,319.84241818,38.23748156,-0.18,-3.33,0.93,6.481,5.942
105102,4.22,319.35396892,39.39469016,0.43,-3.61,0.72,4.366,4.265
105406,6.39,320.25599353,40.3455743,-18.89,-208.92,37.64,7.05,6.455
106711,5.04,324.23740434,40.41349052,-1.5,12.47,15.79,5.285,5.071
107162,5.73,325.59558607,41.07702304,23.38,-1.6,8.76,5.799,5.738
106999,5.09,325.04608744,43.27380044,60.51,16.08,8.06,7.171,5.284
105229,6.15,319.73055559,41.04052946,-5.39,-4.72,1.92,6.45,6.18
105034,6.23,319.12341131,42.25182572,0.91,-15.73,3.77,7.841,6.355
105101,6.17,319.3465652,42.68356712,9.72,2.24,2.83,6.041,6.151
103963,6.34,315.9672397,41.62830431,-2.29,-53.33,9.87,6.798,6.373
106481,3.98,323.49530361,45.59206564,-24.48,-93.88,26.2,5.105,4.089
106420,6.27,323.32452708,45.85402371,-2.34,-3.98,2.17,8.599,6.443
105186,5.04,319.61325695,43.9459669,4.52,-9.07,-0.05,4.965,5.037
105017,6.36,319.07131871,44.23819662,14.93,10.67,2.13,7.617,6.478
106093,5.22,322.36213795,46.54033179,43.33,104.05,14.58,6.452,5.332
105769,5.59,321.33078455,46.71422433,188.61,48.2,29.14,5.978,5.632
106752,6.19,324.36614626,44.69661451,-1.01,-26.68,4.93,6.452,6.223
107140,6.11,325.53480768,45.76574535,0.55,-19.84,4.82,8.04,6.379
109033,6.16,331.31885169,46.74488477,-28.13,-20.22,3.39,8.215,6.39
109082,6.26,331.46341622,48.23150457,-1.62,-4.33,1.66,6.145,6.248
109272,6.41,332.06785015,49.79700084,1.57,-4.37,2.93,8.482,6.581
106642,5.96,324.0101756,45.37458683,64.44,1.85,5.28,7.727,6.156
107533,4.23,326.69835794,49.3095748,3.61,-1.86,2.82,4.078,4.222
107186,6.1,325.66170056,49.60026484,3.03,-3.3,3.75,7.361,6.208
107136,4.69,325.52358201,51.1896271,5.25,-2.11,1.94,4.523,4.66
108758,5.79,330.46074194,52.88224628,9.99,2.67,3.08,5.64,5.762
111104,4.52,337.62192333,43.12338985,-2.05,-5.76,2.38,4.394,4.508
111944,4.5,340.12825981,44.27628068,94.18,10.0,10.81,6.208,4.65
111753,6.38,339.57252472,45.18295148,-5.22,-6.67,6.24,7.329,6.468
112170,6.39,340.76798825,47.16876137,2.26,-2.69,0.88,6.941,6.478
113327,5.34,344.26872427,48.68408117,9.59,-5.43,2.97,5.203,5.321
113919,4.64,346.04513231,50.05168397,166.7,167.3,18.2,6.004,4.762
113288,4.99,344.10832784,49.73355094,0.05,-2.87,1.74,7.305,5.19
110351,4.55,335.25636792,46.53656484,21.72,1.92,6.4,4.423,4.54
111022,4.34,337.38259473,47.70689488,-0.6,-3.37,2.8,6.449,4.541
111550,6.29,338.9724033,50.07078796,6.19,-0.03,1.97,6.191,6.274
111072,6.41,337.52719268,49.35648561,-25.06,-30.28,8.18,7.932,6.554
111169,3.76,337.82239898,50.28244976,137.22,17.15,31.86,3.814,3.78
112761,6.23,342.54204508,50.67691966,3.72,-1.03,1.99,7.65,6.357
112986,6.46,343.21764368,50.41228825,15.76,-1.34,4.12,6.402,6.457
113501,6.31,344.79319251,52.65445283,-26.12,31.62,4.85,8.162,6.469
114570,4.53,348.13717883,49.40597489,89.78,95.57,40.82,4.898,4.57
114210,5.68,346.93853339,49.29545491,152.15,132.08,29.33,6.195,5.733
114714,6.32,348.55976495,50.61790845,45.38,-7.14,7.94,6.311,6.318
118243,4.88,359.75220729,55.75494069,9.26,-5.09,2.14,4.717,4.833
118077,5.57,359.28539105,55.70573518,-20.44,-12.22,14.97,6.136,5.62
117133,6.46,356.20152941,55.79969308,28.88,-2.64,6.89,7.718,6.563
114162,6.12,346.79188553,52.8165694,2.32,12.88,7.7,7.488,6.246
114924,5.58,349.1758098,53.21404995,111.7,-236.29,49.31,6.239,5.643
117957,6.03,358.8910131,57.41216874,-3.13,-0.44,-0.72,6.22,6.059
117863,4.51,358.59598888,57.49939052,-4.54,-3.45,0.28,6.052,4.644
117299,5.55,356.75797734,57.45137702,4.13,-7.45,1.95,7.683,5.718
116912,6.24,355.47731287,57.25996583,6.78,-5.01,3.68,7.549,6.352
117301,4.88,356.76411116,58.65185164,60.7,56.69,18.88,6.322,5.0
117472,6.36,357.29952997,58.96322242,33.26,-8.39,13.05,6.835,6.403
118116,6.47,359.38965858,60.02360903,12.62,-3.82,2.85,6.487,6.461
110055,6.46,334.36795272,49.1269354,16.7,9.0,3.63,7.789,6.565
110609,4.55,336.1291488,49.47640074,-5.12,-3.37,1.54,4.673,4.605
110316,6.4,335.1646592,50.98081544,2.54,-0.41,1.98,7.937,6.522
109521,5.38,332.79073322,50.82328938,126.81,42.56,18.24,5.568,5.401
110538,4.42,335.89015172,52.22949951,-13.56,-186.37,19.21,5.725,4.543
111674,4.64,339.34360749,51.54537399,-51.31,-103.34,18.95,4.949,4.678
112300,6.43,341.20468265,52.51719217,-5.13,6.61,3.42,8.449,6.595
112098,6.14,340.58671582,53.90876835,-2.95,-8.36,2.74,8.278,6.307
112641,6.14,342.19951651,54.41489706,13.25,-2.09,5.42,6.025,6.122
111925,5.94,340.07667029,53.84597214,6.41,-18.33,9.49,7.139,6.032
111247,6.41,338.07786312,54.03699711,30.33,14.52,5.15,7.741,6.521
112731,5.43,342.44261913,55.90268437,83.41,38.0,8.78,6.942,5.566
109205,6.17,331.85662016,53.30744684,-3.05,-3.8,-0.55,6.632,6.221
110504,6.44,335.77924734,55.96323584,-2.91,-2.42,1.19,9.452,6.758
111543,6.37,338.9665794,56.07057602,14.11,-0.72,9.28,6.503,6.393
111795,5.11,339.65778029,56.79571012,52.42,-32.28,7.59,7.163,5.354
111362,5.72,338.41902799,56.62463722,78.48,41.08,9.6,6.955,5.833
112324,6.45,341.26541656,58.14738318,-62.39,-137.19,27.87,6.956,6.5
110497,6.18,335.75070386,57.28460062,17.49,4.81,3.83,6.028,6.157
112508,6.33,341.84679175,58.48301254,7.77,7.61,3.41,6.332,6.319
114622,5.57,348.31143134,57.16763844,2074.37,294.97,153.24,,
113561,5.1,345.02126622,56.94538131,-2.94,-3.09,-0.15,6.386,5.207
113684,6.24,345.37799709,57.10547492,-4.42,-7.1,2.76,8.136,6.382
115395,5.56,350.63551965,60.13348919,6.83,-1.59,2.2,7.741,5.729
115990,4.89,352.50799782,58.54890978,18.67,4.22,5.67,4.729,4.869
117450,6.33,357.22461721,59.97893333,50.47,15.16,9.49,6.318,6.327
116962,6.4,355.63086174,61.67939575,39.5,-13.32,7.1,8.023,6.538
117447,5.43,357.20906201,62.21451996,-2.8,-1.45,0.2,6.27,5.609
113852,6.43,345.83887885,58.56387586,48.37,-8.91,11.39,7.582,6.538
114104,4.84,346.65337433,59.41976474,6.77,-1.97,2.95,4.763,4.834
114163,6.41,346.79352112,59.72739838,6.56,-1.78,2.44,6.377,6.415
114365,5.68,347.43391042,59.33268922,0.14,1.17,1.65,6.05,5.718
113498,6.46,344.78749556,59.81465827,5.85,-1.49,2.82,6.466,6.458
112998,6.01,343.2657072,60.10102327,12.75,2.24,2.51,8.276,6.21
115218,6.39,350.0598757,61.97014046,6.97,-4.77,3.46,8.578,6.586
115245,6.41,350.14390747,62.21326651,-1.38,-1.02,1.86,8.5,6.566
115590,4.96,351.20936267,62.28283877,12.24,-13.25,4.23,7.134,5.158
117430,6.41,357.16262779,64.87648481,17.13,-14.26,4.54,6.506,6.433
95818,6.34,292.33706776,20.27977762,2.95,-16.89,4.29,6.204,6.317
96417,6.33,294.03479104,22.58578091,3.42,-7.23,5.71,6.256,6.316
96856,6.43,295.31103737,22.45278133,0.38,-3.45,2.26,8.351,6.573
97402,6.0,296.95207186,25.38411181,67.54,-21.98,8.16,7.273,6.117
97077,5.5,295.92882357,25.77187257,11.6,23.05,9.15,6.681,5.595
94827,5.46,289.43181365,23.02554904,1.49,-3.69,1.7,5.464,5.476
95771,4.44,292.17671261,24.66516482,-126.45,-106.99,11.0,6.398,4.612
95785,5.82,292.23782315,24.76868131,8.61,17.03,6.74,7.127,5.932
95492,6.19,291.35779819,24.91430832,-177.2,-631.08,36.05,6.811,6.252
95260,5.22,290.71202082,26.2624297,-1.73,-10.93,8.1,5.036,5.177
96016,5.89,292.84005924,26.61710997,11.33,25.23,16.87,7.047,5.992
95951,5.12,292.68915293,27.9652789,-1.95,-0.98,8.67,5.01,5.082
95947,3.05,292.68035529,27.9596948,-7.09,-5.63,8.46,4.478,3.2
97765,5.54,298.00664208,24.99217156,-0.15,-3.93,1.83,6.346,5.664
98543,4.66,300.27504217,27.75356392,57.99,3.76,14.67,4.886,4.681
97573,6.46,297.48252498,27.08517105,8.86,4.57,6.86,7.628,6.571
97091,6.27,295.98322359,27.13540609,0.73,-3.35,0.75,7.655,6.461
97572,6.45,297.47799734,28.43968047,1.71,-2.43,1.92,6.312,6.433
98767,5.73,300.90394052,29.89807932,683.32,-524.06,62.92,6.672,5.816
98325,5.51,299.65816165,30.98367174,33.23,-2.6,5.99,5.43,5.5
98863,5.62,301.15073631,32.21862467,-2.8,-11.12,0.24,6.221,5.705
98701,6.39,300.70335846,31.95880063,11.37,12.76,2.89,7.941,6.513
96503,6.43,294.29007444,29.33371247,0.94,-5.15,3.73,6.315,6.436
96302,5.39,293.71216081,29.46291111,15.14,17.81,6.06,6.085,5.469
96683,4.68,294.84418456,30.1532335,1.95,36.07,13.0,5.92,4.787
97028,6.08,295.78998146,30.67788039,2.53,4.3,9.68,6.081,6.079
97295,5.0,296.6065996,33.72868813,23.05,-448.66,47.94,5.562,5.055
96977,5.93,295.68585235,32.42674436,2.1,-1.21,1.45,6.068,5.946
97307,6.18,296.64598291,32.88860483,-37.42,-5.85,8.89,7.697,6.311
97485,6.42,297.21083513,33.43729726,-3.64,-5.74,1.47,6.614,6.48
94290,6.35,287.87900681,26.73594891,33.02,-31.94,23.2,6.845,6.388
94685,6.18,288.99786092,27.92630021,5.08,0.7,1.94,6.931,6.245
93393,5.69,285.32232152,26.29143333,-0.74,-9.1,4.68,5.574,5.674
93843,5.53,286.65701713,28.6283896,75.83,84.43,24.5,5.869,5.557
95372,4.99,291.03154901,29.6213112,10.57,10.85,4.21,4.826,4.964
94630,5.88,288.8534831,30.52644519,35.18,-26.23,2.37,8.047,6.082
92768,5.64,283.55521736,27.90970126,-7.54,-71.21,8.04,7.427,5.798
92550,6.22,282.89954454,28.78365926,0.93,4.73,2.04,7.714,6.343
93770,6.32,286.44637945,29.9217018,-4.33,-11.4,2.49,8.485,6.517
93720,6.07,286.24280008,30.73344797,21.82,-21.53,4.39,8.119,6.263
94311,5.93,287.94171276,31.2834636,-3.17,-3.16,3.33,5.851,5.924
93718,5.63,286.24093053,31.74425746,75.55,-76.41,5.38,7.638,5.801
93917,5.2,286.85623123,32.50166027,123.23,32.08,24.64,5.639,5.263
93279,4.94,285.00342257,32.14549051,6.13,9.75,2.12,6.855,5.108
93194,3.25,284.73593568,32.68955312,-2.76,1.77,5.14,3.204,3.243
93017,5.2,284.25612303,32.90162351,202.85,-143.97,66.76,5.942,5.294
93437,6.39,285.45153751,33.62125983,0.4,-1.0,2.94,6.231,6.366
93354,6.04,285.22998992,33.80215041,5.64,3.11,8.24,7.296,6.153
95319,6.37,290.89148075,33.22157011,82.04,162.92,64.54,7.37,6.444
95235,6.09,290.63896106,33.51823541,3.44,-29.87,9.63,7.437,6.205
96052,4.74,292.94300436,34.45297707,1.06,-3.58,5.2,4.552,4.716
97087,6.04,295.9643626,34.16271463,6.39,3.95,3.62,5.967,6.05
97142,6.39,296.15904371,34.41415588,3.64,3.35,3.93,8.439,6.649
96724,6.1,294.93718392,33.97890836,-3.62,12.23,6.88,6.229,6.123
97242,6.14,296.4639491,35.01276709,11.57,-6.43,7.68,7.478,6.218
97228,6.38,296.4152175,36.09100655,2.23,6.59,1.73,6.314,6.372
96546,6.44,294.42008887,35.0225612,-7.6,-10.23,1.95,8.485,6.609
96387,6.03,293.95125591,36.9445432,3.92,-1.69,4.42,5.926,6.02
97118,4.89,296.06896508,37.35426967,72.58,35.14,11.7,6.093,4.998
95067,6.3,290.13771445,35.18595454,5.54,1.2,4.49,6.17,6.277
95556,5.17,291.53801621,36.31786478,4.22,12.95,4.99,5.029,5.156
95370,6.44,291.02521109,36.45190293,5.59,78.49,9.05,7.819,6.559
94981,6.29,289.9126806,37.33098454,-62.18,-183.08,39.64,7.137,6.358
94932,6.25,289.75478526,37.44531278,5.56,13.75,4.92,6.255,6.247
95953,6.26,292.69512816,36.22853276,0.69,-12.03,4.3,6.241,6.262
95673,6.3,291.9016515,37.94120774,-0.9,-4.46,1.58,6.141,6.281
99841,5.7,303.84913091,33.7293702,-31.88,-117.82,10.86,6.876,5.807
100866,6.39,306.78238806,34.32907395,1.47,-1.8,1.32,6.965,6.454
101268,6.47,307.9011204,34.33050116,-6.61,-52.64,22.18,6.972,6.525
101474,4.61,308.47578431,35.25086482,-2.26,-5.35,3.51,6.61,4.824
101067,5.9,307.33495238,36.45473284,2.58,-1.58,1.93,6.382,5.951
100122,5.14,304.66279104,34.98278431,0.1,-3.81,1.63,5.972,5.246
101214,6.21,307.74678964,36.93584939,-0.2,-4.18,2.06,7.347,6.315
100574,5.87,305.9348554,37.47644822,5.09,0.17,3.65,5.641,5.841
99145,6.12,301.92266944,34.42292025,1.21,-6.07,1.62,6.284,6.163
99031,5.38,301.59137234,35.97353894,-224.43,-440.57,41.34,6.482,5.489
99303,4.93,302.35673642,36.83959003,3.15,12.96,3.79,4.754,4.915
98110,3.89,299.07665069,35.08349079,-34.0,-27.6,23.4,5.207,4.016
98143,6.03,299.18392884,36.25059928,1.21,-0.18,2.93,5.835,5.996
98563,6.23,300.31365859,37.09887283,40.81,50.92,3.25,7.941,6.375
98425,5.15,299.97997979,37.04288602,0.41,-0.24,2.07,4.972,5.125
99719,6.47,303.52030039,36.60489439,10.39,-5.6,3.23,6.454,6.471
99770,4.93,303.63326032,36.8061354,69.22,68.67,24.37,5.136,4.97
100108,5.58,304.61927485,36.9997539,40.35,20.06,16.76,5.641,5.579
99929,6.47,304.11730319,37.0563971,2.56,-0.81,2.86,6.337,6.449
100044,4.77,304.44668519,38.0329471,-3.53,-6.88,0.52,5.23,4.831
99893,6.28,304.01429331,38.89808634,-1.07,-30.71,7.96,6.29,6.284
100155,6.35,304.73974671,39.00420342,-2.12,-8.08,1.36,8.881,6.596
100268,6.22,305.06342626,39.40328172,-5.11,-22.79,9.18,6.297,6.207
98921,6.18,301.28994567,38.47818576,263.35,111.57,52.99,7.0,6.268
99968,5.27,304.23034999,40.3650796,2.01,-1.89,3.26,7.409,5.442
100069,5.83,304.52912505,40.73209817,-2.51,-6.53,2.1,5.898,5.817
101756,6.21,309.34822512,38.32877208,13.77,-43.95,9.93,7.497,6.317
100907,5.63,306.89281213,38.44052275,-22.98,-78.6,12.07,5.723,5.643
101949,6.07,309.88879736,40.57965647,6.67,0.84,3.63,5.927,6.081
103413,3.94,314.29338184,41.16719384,8.51,-23.97,9.17,3.959,3.941
103532,6.17,314.62893463,41.93992417,11.6,0.22,7.01,6.061,6.151
102155,5.68,310.48540748,41.71687197,4.07,1.12,3.13,5.532,5.655
102843,5.06,312.52013154,44.0589822,122.68,132.3,23.67,5.312,5.087
100453,2.23,305.55708346,40.2566815,2.43,-0.93,2.14,3.084,2.307
101467,6.5,308.45231332,41.77282122,-1.36,-67.14,10.28,7.775,6.617
100501,5.95,305.68872891,41.02613288,1.26,-49.66,3.81,8.056,6.131
100434,6.38,305.51272943,41.132146,2.44,-3.67,2.1,7.695,6.509
100016,6.32,304.37106233,42.72206321,2.72,-1.33,1.73,8.447,6.479
100515,6.2,305.73120017,42.98343905,55.72,42.82,9.86,7.502,6.355
101986,5.97,310.01339893,43.4590163,-69.45,-56.74,6.93,7.51,6.107
102098,1.25,310.3579727,45.28033423,1.56,1.55,1.01,1.471,1.343
101133,6.43,307.49947843,45.92819432,80.51,148.93,7.86,7.905,6.56
101475,5.78,308.47848189,46.69386159,9.66,1.82,6.78,5.593,5.753
97789,6.13,298.06835372,36.43228438,12.72,4.41,4.41,7.999,6.281
97985,5.79,298.70101118,36.99565531,11.16,8.54,2.12,6.735,5.871
97651,6.13,297.69528937,37.82631382,4.84,4.4,0.96,8.29,6.373
98320,6.33,299.64314255,38.10569103,3.63,0.83,1.85,6.477,6.594
98068,4.95,298.96567172,38.48670392,1.46,0.6,2.71,4.829,4.934
97376,5.83,296.86573441,38.40761671,4.45,-1.16,6.67,5.715,5.817
97630,5.18,297.64161019,38.72216211,12.65,105.85,5.08,7.346,5.381
97538,6.12,297.36457758,38.71017237,7.63,-9.43,4.68,7.264,6.222
97029,6.37,295.79483942,38.67171285,6.9,0.3,2.26,7.943,6.496
98194,5.46,299.30776056,40.36782505,7.08,-0.47,2.13,5.339,5.444
97634,5.68,297.65553824,40.599778,-2.19,-7.67,1.27,5.605,5.674
98253,6.44,299.48382616,42.26079538,-5.25,-10.19,2.57,6.533,6.428
96907,6.22,295.49010781,40.25405313,-12.77,37.43,12.0,6.446,6.248
97151,6.36,296.20455325,40.71686361,-68.01,-24.79,3.6,8.422,6.584
97081,5.86,295.93784116,41.77308397,19.09,10.07,5.17,7.929,6.045
96288,5.34,293.67190527,42.41258465,2.56,-31.28,6.37,5.42,5.354
96693,5.41,294.86027686,42.81821158,23.75,27.26,4.76,5.325,5.399
96805,6.17,295.17145181,43.07782614,1.99,-0.78,2.33,8.164,6.37
96459,5.17,294.15856119,44.69518822,-94.61,-103.78,24.64,6.366,5.278
97165,2.86,296.24350878,45.13069195,43.22,48.44,19.07,2.875,2.898
96825,5.06,295.20880618,45.5246494,84.06,120.38,20.51,5.563,5.111
96706,6.25,294.89386216,45.9573801,11.67,24.31,8.1,7.424,6.349
99685,6.13,303.42839988,43.37900332,-3.11,3.96,4.42,8.086,6.298
99889,5.87,304.00252971,45.57965867,9.25,-54.94,28.97,6.379,5.919
99675,3.8,303.40792782,46.74132417,4.2,1.87,2.41,5.349,3.941
99639,4.8,303.32517496,46.81567038,13.39,1.93,4.55,4.954,4.843
100437,5.58,305.52227775,45.79489737,25.06,39.7,7.86,6.971,5.699
100142,6.46,304.70696744,46.32221345,-4.42,-7.89,1.23,6.292,6.435
100250,6.49,304.98351514,46.83730538,-1.61,5.78,2.67,6.374,6.471
101138,4.94,307.51471567,48.95155039,10.01,7.64,3.75,4.824,4.929
100859,5.73,306.7591909,49.38322449,68.79,58.48,26.56,6.116,5.767
99848,3.96,303.8679927,47.7142053,3.88,1.2,2.94,5.913,4.173
99870,6.36,303.93015311,50.23286626,15.52,15.09,9.19,6.477,6.38
98383,5.92,299.83506255,45.77258164,11.54,-16.72,6.91,6.143,5.95
98858,6.16,301.11994393,48.22966326,10.92,0.51,5.63,6.205,6.149
97757,5.6,297.996132,47.02734867,-2.76,-3.99,0.22,5.502,5.622
97700,6.22,297.83069652,47.37719407,14.06,17.41,15.14,6.675,6.268
97845,6.3,298.25521888,47.80773842,-7.31,-7.64,1.08,6.13,6.275
97774,5.91,298.02988134,47.93181856,-6.25,-9.81,1.32,5.675,5.875
97372,6.14,296.86185855,47.90765516,-21.34,-37.66,2.65,8.266,6.332
98571,5.06,300.33978531,50.10467998,16.31,6.14,7.6,6.499,5.18
99579,6.01,303.13221351,51.46360234,-14.99,-15.31,7.91,7.531,6.17
98146,6.46,299.18818099,50.90249691,10.01,10.63,9.31,6.458,6.456
98379,6.14,299.81390745,52.05568515,9.33,2.63,4.24,5.915,6.098
98055,4.91,298.90759282,52.43902327,-36.62,-31.02,11.3,5.033,4.879
98915,6.14,301.27802072,51.83932191,34.34,31.21,4.4,8.209,6.322
99026,5.81,301.55682854,53.16506746,212.85,255.21,27.43,6.321,5.863
92243,6.06,281.98905393,31.75684463,0.1,-3.85,3.07,5.874,6.033
91675,6.41,280.42210755,31.61759677,8.3,6.31,2.95,6.343,6.398
91883,5.68,280.9650595,31.92691949,-33.0,-126.13,19.27,6.101,5.721
92405,5.22,282.47052043,32.55108873,-11.76,-12.76,13.7,5.354,5.243
92398,5.93,282.44130295,32.81283298,1.87,-5.19,3.23,5.721,5.898
92420,3.52,282.51997462,33.36267788,1.1,-4.46,3.7,3.519,3.517
91235,5.41,279.15562439,33.46903738,-9.01,-0.39,6.25,5.284,5.4
91707,6.49,280.53369641,34.74631578,-0.17,-3.66,2.47,6.31,6.445
92833,5.99,283.71883669,33.96858048,-5.6,-1.78,2.45,7.196,6.111
92551,6.1,282.9021706,36.53909869,-5.19,-2.84,2.91,5.965,6.08
92728,5.58,283.43149392,36.97172755,1.49,-2.6,3.02,5.395,5.555
92791,4.22,283.62620294,36.89860518,-6.73,3.26,3.63,6.318,4.463
91119,6.1,278.80626144,34.45800106,2.83,8.41,3.14,5.955,6.077
91852,6.04,280.90039215,36.55646483,21.54,57.61,7.41,7.384,6.167
91973,5.73,281.20079095,37.59456466,19.23,20.65,21.72,6.045,5.726
91971,4.34,281.19306613,37.60505025,29.26,26.57,21.23,4.585,4.358
91552,6.45,280.05077302,38.36717856,19.27,6.81,6.51,6.764,6.515
91262,0.03,279.23410832,38.78299311,201.02,287.46,128.93,,
91373,6.02,279.52696572,39.66830549,6.69,8.6,2.72,8.0,6.303
91820,6.45,280.8190461,39.30008217,-0.7,-6.44,2.4,8.552,6.628
91926,4.59,281.09489936,39.61259557,5.83,51.83,20.34,4.782,4.561
91919,4.67,281.08473883,39.66997686,10.55,60.23,20.1,4.849,4.66
92098,6.06,281.55420304,41.44181072,0.98,-0.14,2.67,5.902,6.042
93903,5.25,286.82553958,36.10016754,-0.64,-4.28,3.92,5.113,5.238
94713,4.35,289.09206426,38.13372778,-0.49,1.23,4.24,5.969,4.481
94481,4.43,288.43953645,39.14596968,-1.59,-0.61,3.13,4.21,4.382
93104,5.89,284.50792438,38.26618277,-5.25,2.13,6.32,5.773,5.877
93210,6.43,284.80121716,39.2173241,-0.16,-1.17,3.97,6.205,6.388
94280,6.2,287.8464799,40.42915794,8.81,-25.75,6.92,6.311,6.204
93177,6.2,284.69411182,40.67919507,1.51,-0.35,3.44,5.999,6.169
92599,6.28,283.03022057,41.38324734,-4.18,-1.52,2.67,6.167,6.263
92831,5.46,283.71740921,41.60272814,-1.37,-2.3,12.19,6.783,5.574
92862,4.08,283.8336882,43.9458926,19.94,80.6,9.33,5.983,4.344
90163,6.41,275.98864382,38.73917674,7.79,13.64,3.8,8.272,6.56
89279,6.04,273.27009912,38.77347463,-6.68,7.54,5.06,5.962,6.03
90191,5.11,276.05750733,39.50724983,-21.31,-4.56,7.39,5.165,5.119
91491,6.25,279.88760628,40.93506238,14.79,-1.26,4.04,6.165,6.228
89246,6.36,273.17759517,41.14694669,-10.1,-43.99,6.85,7.715,6.468
89604,6.12,274.27895133,40.93657224,-174.25,63.6,9.36,7.364,6.239
89482,5.56,273.91158071,42.15934312,-2.93,0.95,6.04,5.408,5.546
88565,6.38,271.25339289,41.94605135,-19.75,98.16,17.44,6.709,6.408
88788,5.0,271.86974331,43.46203247,1.94,-58.0,8.98,6.156,5.106
89474,6.3,273.88553064,45.20959588,-76.98,-114.4,44.08,7.084,6.373
91250,6.21,279.18971607,43.22184097,21.91,-10.77,7.94,6.51,6.243
88415,6.26,270.78697484,48.46423648,21.37,13.43,6.2,6.294,6.243
88754,6.32,271.77622643,49.71039279,0.6,19.82,4.52,6.559,6.529
89981,5.02,275.38618655,49.12146945,-24.18,51.06,4.32,7.186,5.221
89943,6.39,275.27977872,49.72540851,0.66,23.51,4.88,7.788,6.513
89835,6.3,274.98373083,51.34794769,-36.22,-51.42,7.95,7.738,6.429
88732,6.31,271.72280287,50.82259866,4.73,92.23,8.45,7.645,6.417
95352,5.85,290.98536934,43.3882371,16.3,-27.36,8.06,7.025,5.956
94755,6.02,289.21414473,46.99839321,-10.1,291.8,23.57,6.58,6.07
96198,6.0,293.42335027,49.26234659,3.04,-11.47,2.23,8.054,6.235
93408,5.0,285.3598321,46.93502175,13.58,-86.1,25.54,5.246,5.032
92822,5.84,283.69653895,48.85972353,-49.54,-132.66,18.89,6.369,5.889
93299,5.39,285.05696213,50.53345884,7.05,3.15,5.23,5.156,5.353
94890,6.32,289.65771814,49.569347,21.18,44.91,7.89,7.768,6.445
94623,6.27,288.82992834,50.07111826,-6.87,3.79,9.52,7.507,6.452
94336,5.85,288.02173147,49.85423807,-205.02,624.33,40.16,7.294,6.569
93733,6.45,286.2910239,49.92315319,-7.37,5.44,5.59,8.204,6.595
93197,6.32,284.74748756,50.80912581,0.53,7.15,7.54,7.584,6.445
94013,5.88,287.10785255,52.42586424,-100.41,-54.95,14.24,7.291,6.015
93466,6.35,285.52933604,52.2611374,-7.47,-32.73,5.08,7.572,6.428
93713,5.4,286.22987335,53.39660317,-4.15,21.02,9.34,5.387,5.406
96572,6.47,294.48617077,49.2840624,36.44,145.53,6.48,7.723,6.577
96441,4.49,294.11059344,50.22046347,-8.15,262.98,53.78,4.964,4.543
96396,6.47,293.9831185,50.23852891,-2.16,36.65,5.35,7.806,6.597
96901,6.25,295.46706651,50.51792062,-135.15,-163.53,46.7,7.029,6.286
96895,5.99,295.45453769,50.52544635,-147.75,-158.85,46.25,6.762,6.034
96014,5.55,292.83066458,50.30659451,-30.6,45.82,7.01,7.201,5.685
96258,5.71,293.58233594,51.23707706,31.72,-188.14,39.08,6.302,5.775
95853,3.76,292.42641389,51.72946747,20.92,128.12,26.63,3.959,3.785
95656,5.73,291.85821062,52.32050263,-13.16,-27.58,9.02,5.74,5.723
96316,6.39,293.75513896,52.5021014,1.47,-34.13,8.92,7.826,6.504
97635,5.03,297.65722388,52.98816657,-10.28,-67.99,16.96,6.721,5.166
96620,5.89,294.67144862,54.973395,35.41,163.89,25.12,6.445,5.944
96919,6.42,295.51722804,55.46331472,12.97,-38.29,4.25,8.393,6.686
94779,3.8,289.27545794,53.36816064,60.22,122.93,26.48,5.007,3.9
94974,6.23,289.90175662,54.37605672,16.51,-28.46,7.25,6.262,6.232
96003,6.37,292.80649013,55.73188011,-2.67,-18.19,3.1,7.821,6.498
94302,5.13,287.91883762,56.85909594,48.09,48.0,9.57,6.422,5.246
94490,5.0,288.47985288,57.70525514,-17.1,-63.15,20.14,6.495,5.13
95038,5.91,290.06668355,57.64511743,28.34,4.94,3.7,8.023,6.105
92269,6.12,282.06704599,48.76743801,-18.44,48.7,17.81,6.383,6.147
92689,4.92,283.30642219,50.70828894,4.54,-27.75,9.67,6.047,5.011
91525,6.0,279.97003869,52.19602352,5.44,21.39,5.79,5.92,5.99
91013,5.38,278.48624439,52.35350951,-3.26,3.03,4.1,6.773,5.491
92549,5.51,282.89583932,52.97452091,-65.14,245.24,38.32,6.568,5.61
92133,5.91,281.67949234,52.98797002,10.13,-3.99,1.5,5.777,5.889
91843,6.18,280.870866,53.87179692,5.71,-12.3,2.72,6.301,6.205
91985,6.26,281.23079242,54.89718881,9.77,-1.94,3.37,7.302,6.349
91755,5.03,280.65815094,55.53940044,-2.65,23.36,8.96,4.93,5.012
90905,4.77,278.14384287,57.04561627,0.32,-7.09,1.13,5.534,4.843
90146,6.35,275.94981191,53.30086319,23.59,-10.67,9.59,6.558,6.374
89047,5.97,272.63138418,54.2859522,108.16,246.87,20.0,7.18,6.074
93340,5.51,285.18111302,55.65831944,-11.73,-7.36,6.59,6.593,5.609
92731,6.24,283.44286073,57.48659538,21.46,-15.6,5.17,7.848,6.372
92997,5.67,284.18783092,57.81499531,-26.37,-59.39,11.4,7.163,5.799
93068,6.47,284.36858877,58.22491647,16.42,45.04,8.59,6.611,6.514
92512,4.63,282.80002755,59.38828895,77.56,25.43,10.12,6.143,4.766
91915,6.02,281.07610546,61.04809633,0.12,19.41,8.95,7.332,6.155
91606,6.1,280.23499041,62.74933514,9.36,53.87,8.51,7.335,6.198
90476,6.43,276.92538623,59.54901845,45.76,38.51,8.93,7.667,6.528
90156,4.98,275.97770388,58.8005852,-37.64,62.08,17.31,5.117,5.041
89104,6.5,272.77984068,60.40952138,-6.36,4.43,7.11,6.491,6.494
91315,5.74,279.38963009,62.52646287,-8.4,52.56,7.66,5.673,5.726
89348,4.99,273.4723271,64.39719935,351.62,36.05,42.56,5.496,5.044
103596,6.47,314.85252626,42.32445032,16.68,6.45,4.25,6.37,6.46
103519,5.55,314.58075681,44.47154114,101.62,69.74,12.32,6.8,5.664
104060,3.72,316.23273251,43.92785122,8.6,0.35,2.77,5.837,3.898
103828,6.18,315.60085155,44.79099018,-6.09,-4.18,2.64,8.337,6.438
103089,4.8,313.31143866,44.38726652,11.27,-2.44,6.51,4.613,4.764
103371,5.96,314.14490863,44.92472729,-0.24,-2.22,0.83,5.985,5.968
103094,5.48,313.32732775,45.18168341,8.6,-4.43,4.38,6.863,5.585
103732,5.38,315.29551032,46.15576488,6.14,3.43,2.39,5.16,5.396
103871,6.5,315.70256902,45.84889936,2.48,-3.89,2.41,6.323,6.471
103949,6.32,315.9312496,46.86328998,-38.98,-57.57,12.4,6.624,6.352
103632,4.74,314.95645946,47.52094507,7.25,2.47,2.9,4.641,4.739
104962,6.45,318.90489622,47.97400214,2.21,-2.83,2.1,6.272,6.42
105282,5.75,319.86973952,49.5102892,14.52,1.98,6.08,5.586,5.725
104194,4.56,316.65036722,47.64840597,6.51,-0.99,3.32,6.587,4.717
104537,6.46,317.62900308,47.69223284,-4.08,-3.66,2.17,6.467,6.49
102585,6.41,311.83652247,45.57998871,4.22,-22.39,2.49,8.532,6.606
102724,4.81,312.23455583,46.11414081,-2.92,-2.62,1.45,5.254,4.891
102827,6.33,312.47767395,46.66132783,4.53,3.85,3.55,6.253,6.324
102530,6.3,311.66085551,46.53172772,-16.16,-14.75,7.89,6.383,6.312
102635,5.6,311.95539218,47.83191224,-8.68,-17.58,6.06,7.523,5.768
103312,5.68,313.95752483,47.41766542,-2.82,-3.74,0.35,6.198,5.766
102804,6.5,312.4070473,50.1270703,-12.85,4.95,2.73,8.574,6.784
103929,6.37,315.85846344,50.35180252,64.48,45.82,8.4,7.629,6.482
103360,5.92,314.10786528,49.19583069,11.34,6.78,2.56,7.267,6.033
103530,5.59,314.62510662,50.46178308,9.8,3.44,2.58,5.345,5.472
103359,5.83,314.10599985,50.72864966,40.36,-21.22,18.75,6.228,5.873
103956,5.93,315.94827016,53.28582252,42.14,32.09,8.05,7.201,6.034
105898,5.29,321.71487481,48.83510521,57.95,26.02,8.37,5.416,5.305
105497,5.68,320.5016033,49.38869874,37.46,61.45,9.93,7.091,5.8
106393,5.77,323.23574046,49.97760064,15.81,11.86,6.86,5.725,5.763
106518,6.17,323.61441642,51.69846953,3.71,-1.81,2.0,6.14,6.162
106267,6.17,322.86443046,52.61985967,0.62,-1.65,2.84,7.274,6.272
106171,6.02,322.58462074,52.95795802,21.0,16.65,6.8,6.117,6.028
105891,6.01,321.68731183,52.89852489,15.62,5.02,7.38,5.851,5.978
107398,6.4,326.3016704,52.26757875,-2.37,-0.76,1.2,8.867,6.619
106771,6.16,324.41172383,54.04219399,-4.9,-0.74,5.04,7.428,6.279
107041,6.16,325.18041373,54.87214237,8.02,2.96,4.64,7.6,6.286
107930,5.7,328.00426049,55.79674452,18.9,-0.53,5.07,5.549,5.665
105064,6.12,319.25839686,53.9975975,37.79,39.45,8.12,6.181,6.128
104516,5.75,317.56480272,53.56310952,22.52,-3.7,7.57,5.603,5.731
105080,6.0,319.30929003,55.79796866,16.78,13.32,2.21,7.887,6.152
106052,6.14,322.21967477,55.41866782,15.68,14.14,3.51,6.257,6.154
106886,5.74,324.74008434,57.48904968,-1.71,-5.04,2.78,5.887,5.712
101243,5.44,307.82836858,49.2203733,8.79,-31.28,8.07,7.479,5.634
102177,5.41,310.55261149,50.34002067,1.14,3.71,3.53,5.268,5.393
101556,6.19,308.71002522,51.85423447,-3.14,-5.37,0.45,6.562,6.227
101245,6.2,307.83796767,52.30937218,40.61,63.27,9.37,7.512,6.324
102712,6.26,312.17807122,51.91032519,6.42,2.39,4.12,6.144,6.236
102642,6.29,311.9703881,52.40757941,71.97,-169.67,23.88,7.409,6.384
102499,6.34,311.58868245,52.99555137,-81.51,-104.52,7.52,7.808,6.475
101900,6.45,309.75078432,56.00494916,-5.51,-40.81,7.68,6.896,6.484
102358,5.91,311.09183699,56.48840856,9.84,-1.6,3.38,8.066,6.128
102258,6.34,310.80702339,57.11400468,-2.34,-3.38,0.52,6.665,6.368
100651,6.49,306.13481758,53.55190298,8.31,12.62,2.23,6.461,6.493
100295,6.23,305.12766031,53.59568983,2.17,-2.02,2.0,8.244,6.383
100097,5.76,304.6031586,55.3971705,-7.58,-31.19,11.21,,
99294,6.49,302.34320542,56.02687302,-10.73,-18.39,2.63,7.684,6.599
99655,4.28,303.34917142,56.56752223,60.85,82.26,21.41,4.429,4.294
101084,5.89,307.36294172,56.06817898,4.57,4.63,3.64,5.823,5.884
100808,6.38,306.597765,56.63867785,10.0,8.35,5.96,6.395,6.376
101285,6.14,307.94383104,56.77987434,-14.82,-6.5,3.97,8.033,6.319
100714,6.44,306.27084638,59.60012111,1.95,-9.68,3.44,6.547,6.451
103810,5.83,315.53748512,56.66961137,9.75,1.14,4.47,5.535,5.615
103346,6.23,314.07085481,56.88750678,4.68,4.94,4.1,6.006,6.192
102431,4.52,311.33831928,57.58029799,-62.95,-235.56,36.87,5.184,4.579
103598,5.54,314.8555525,59.43855678,44.6,15.35,5.56,7.386,5.697
105091,6.42,319.32830925,58.61149119,-2.93,-2.71,1.29,6.622,6.448
105259,5.51,319.81538311,58.62350994,-3.55,-3.28,0.89,7.108,5.791
105949,6.11,321.85542635,59.75011387,-21.73,-16.04,3.32,8.373,6.341
106227,5.53,322.74705697,60.45944015,-1.68,-3.31,1.36,5.65,5.545
105370,6.11,320.13957891,60.75645363,-43.02,-19.8,7.6,7.392,6.22
104642,5.64,317.95100195,59.98661923,-2.9,-3.58,0.36,5.762,5.728
105193,6.43,319.635144,61.18440127,-7.7,-3.23,2.03,8.495,6.678
105199,2.45,319.64408982,62.58545529,149.91,48.27,66.84,2.762,2.492
102011,6.02,310.07448978,60.50481311,13.73,185.72,30.12,6.537,6.067
102216,6.17,310.66538279,60.60136196,-3.84,-18.9,4.5,6.201,6.169
102422,3.41,311.32195263,61.83679404,86.08,817.89,69.73,4.59,3.525
104788,6.38,318.42691572,64.40420824,17.13,-105.43,24.16,7.134,6.459
102771,6.45,312.32247907,64.04226879,-3.97,-4.81,1.27,6.484,6.457
109124,6.38,331.5564549,56.34338987,16.36,2.56,5.66,6.268,6.374
109572,5.24,332.95214631,56.83904211,236.75,129.67,27.03,5.88,5.313
109857,4.18,333.75699582,57.04346522,476.45,50.0,38.86,4.527,4.215
109972,5.88,334.11046921,57.22022542,47.37,5.36,4.48,7.087,5.986
108165,5.74,328.7214922,56.6112326,-3.72,-2.2,1.29,6.586,5.874
108772,5.55,330.51906636,58.00037041,-3.47,-1.59,0.7,5.568,5.55
109492,3.39,332.71359131,58.20124992,13.35,4.49,4.49,5.403,3.528
109585,6.29,332.98642744,59.08438564,130.07,79.62,9.44,7.74,6.415
109190,6.34,331.79021802,58.84077239,-16.06,-22.3,5.82,7.449,6.445
109556,5.05,332.87743467,59.41451451,-7.22,-11.06,1.98,5.309,5.108
110988,6.31,337.2884591,58.40408865,16.48,4.7,3.43,6.247,6.266
110991,4.07,337.29269975,58.4151899,16.47,3.55,3.32,5.021,4.15
110314,6.46,335.16155598,58.40985302,-3.35,21.17,5.46,7.709,6.557
107259,4.23,325.87689561,58.78005308,5.24,-2.88,0.62,6.944,4.279
107197,6.1,325.68905006,59.27084085,-4.33,1.44,1.34,7.851,6.24
107586,5.53,326.85544759,60.69269363,-9.68,-1.84,6.98,7.556,5.701
107723,6.18,327.3292136,61.27281592,0.17,-23.07,3.74,8.37,6.381
107418,4.25,326.36220534,61.12081043,-3.08,-1.86,0.64,4.861,4.357
108209,6.17,328.83582745,61.54181712,-2.48,-3.04,0.36,8.186,6.323
108505,5.96,329.72294977,62.69795151,12.03,14.14,2.54,8.123,6.188
109592,5.37,333.00839287,60.75907189,1.15,9.53,8.74,6.895,5.494
110498,6.04,335.7520726,62.41932818,19.59,11.99,4.58,6.078,6.039
110103,5.75,334.55247853,62.80436392,42.73,9.8,4.73,7.397,5.888
111797,5.19,339.6627275,63.5845212,-1.16,-20.23,10.2,5.288,5.203
110919,6.3,337.08115262,64.08523169,9.63,-31.44,8.65,7.722,6.412
109017,5.07,331.28663039,62.27982101,-1.76,-3.01,0.6,5.152,5.119
109005,5.27,331.25199883,62.78552941,14.19,58.43,10.25,7.152,5.432
109746,6.13,333.4571435,63.16235674,-8.37,-7.93,3.37,6.012,6.116
109620,5.76,333.0935225,63.2910719,3.72,-15.08,3.77,7.921,5.98
108924,5.26,330.97054172,63.11977885,36.7,58.29,7.27,7.241,5.467
110817,5.52,336.77213047,65.13227452,-0.74,-1.93,1.29,5.875,5.557
112864,5.61,342.84378464,61.69663851,97.14,41.95,14.34,6.897,5.924
114212,6.25,346.94890429,63.6334709,6.87,-2.08,2.67,6.198,6.245
112635,6.07,342.18433198,62.93853133,13.87,-49.67,5.1,7.613,6.2
114227,6.21,346.988313,64.22254354,8.9,-4.54,3.06,7.605,6.332
117265,5.95,356.65302168,66.78225128,7.5,-2.76,1.88,5.874,5.933
117371,5.05,356.97811533,67.80681263,14.55,-1.89,10.96,5.056,5.049
112724,3.5,342.42046735,66.20071089,-66.1,-124.74,28.27,4.857,3.621
113864,5.25,345.88686782,67.20918487,23.13,10.24,8.48,6.859,5.368
115088,4.75,349.6558621,68.11141807,54.88,10.91,15.48,5.999,4.961
115770,5.6,351.81840911,70.35979323,120.97,-4.43,15.81,5.804,5.617
107374,5.94,326.22201408,62.46057429,-2.98,-2.8,1.62,6.25,5.983
106801,4.76,324.48011167,62.08194667,-1.9,-2.84,0.72,5.069,4.811
108317,5.11,329.16310055,63.62556651,-0.33,-3.82,0.39,7.165,5.344
108917,4.26,330.94650782,64.62775425,214.46,89.29,32.07,4.678,4.277
108226,5.84,328.87912929,65.32081194,5.74,-1.37,2.71,5.815,5.929
107893,6.37,327.90522385,65.75276063,-6.43,-20.83,12.55,6.769,6.469
108364,6.41,329.29621747,66.15615419,5.84,-0.32,2.02,6.328,6.394
107710,6.49,327.28384924,66.79219333,-20.83,-66.26,10.37,6.933,6.519
105268,5.19,319.84255444,64.87184231,5.08,5.31,3.02,5.126,5.18
105972,5.42,321.94232234,66.80914613,-10.22,-20.72,4.23,5.282,5.397
109474,5.52,332.6620927,70.1325139,-64.78,24.17,30.61,5.96,5.56
106604,6.47,323.8579575,68.21925148,17.8,15.72,5.28,6.361,6.457
107555,6.45,326.75361584,70.15094328,-10.46,-25.07,6.62,6.443,6.452
112670,6.19,342.25283476,68.57006392,117.3,67.39,16.01,6.66,6.193
111314,6.01,338.26123343,69.91337219,128.63,71.24,13.11,6.401,6.049
111325,6.26,338.31983037,70.37368142,40.26,13.37,8.15,6.266,6.247
114831,5.55,348.90711543,70.88808538,17.04,-2.27,9.15,5.854,5.578
116380,5.86,353.74596038,71.64204906,5.26,-2.44,1.14,8.079,6.049
116728,5.98,354.83819674,74.00261499,-8.53,5.56,7.78,7.1,6.08
110725,5.47,336.5032622,70.77088542,19.69,5.34,6.27,7.051,5.609
109434,6.36,332.56381546,72.11131792,-8.49,-21.74,6.38,6.291,6.346
109400,4.79,332.45152906,72.34119936,33.39,3.09,8.64,5.953,4.896
111532,5.08,338.94073618,73.64312707,173.32,25.14,17.7,5.563,5.124
114745,5.89,348.65423592,74.23125488,41.34,5.54,7.16,5.872,5.885
117712,6.36,358.1021708,75.54448646,341.82,41.88,92.68,7.629,6.483
116714,5.95,354.79233254,75.29284842,7.09,13.99,12.4,6.092,5.97
114984,6.35,349.3285674,75.29903267,17.81,-3.06,5.19,6.408,6.354
114222,4.41,346.97432546,75.3875815,5.74,-35.1,14.83,5.407,4.505
98111,6.16,299.07925317,56.68697532,29.32,17.06,11.67,6.268,6.168
98946,6.19,301.33959613,56.34122669,-0.37,80.22,19.14,6.682,6.233
97870,5.14,298.32237872,57.52346329,5.96,7.64,5.11,4.974,5.119
97070,6.28,295.91455272,57.04265606,3.44,23.61,12.88,7.402,6.385
97033,6.29,295.80949004,58.01675205,128.3,-55.56,22.23,7.005,6.362
98044,6.1,298.84184872,58.25037613,20.19,-75.18,7.06,7.405,6.213
98073,4.98,298.98078459,58.84601982,-9.0,-20.86,3.55,7.051,5.153
97892,6.06,298.39741251,59.70852496,42.12,55.57,9.61,6.101,6.065
99663,5.81,303.3648718,60.6404332,39.03,55.82,5.49,7.746,5.975
98962,5.4,301.38635475,61.99524822,123.82,70.6,18.78,6.956,5.542
96771,6.49,295.05496723,60.50713097,3.27,-6.93,8.33,6.749,6.514
96164,6.3,293.29193749,60.15867782,3.94,5.29,2.71,8.366,6.463
95576,6.38,291.61023591,62.55705286,31.86,37.8,4.78,8.217,6.525
98308,6.15,299.61974056,63.53420204,0.77,-27.64,7.58,6.192,6.153
96297,6.47,293.69306823,63.43417949,10.18,-3.26,6.05,8.203,6.621
100221,5.71,304.90290698,62.25741351,16.74,24.16,8.62,5.655,5.707
101093,4.21,307.39511383,62.99413722,45.0,-13.31,24.04,4.471,4.235
99500,5.7,302.89476753,62.07834754,137.31,80.09,20.54,6.327,5.766
98872,6.24,301.18547823,63.89011646,2.98,37.47,12.74,6.336,6.233
100357,5.69,305.29798654,63.98008727,6.14,14.52,4.45,7.767,5.873
102253,5.59,310.79576497,66.65736293,25.11,34.71,23.49,5.859,5.617
100017,5.91,304.37763542,66.85296587,468.52,296.81,56.92,6.64,5.981
98658,6.27,300.58399922,64.63439179,41.93,11.18,9.72,7.431,6.36
98583,5.22,300.36888221,64.82100457,10.01,-12.45,5.78,7.298,5.415
97326,6.34,296.68607234,68.438002,7.43,-1.66,6.21,6.693,6.368
98702,4.51,300.7043634,67.87344872,16.43,47.8,8.02,6.253,4.661
98890,6.32,301.22255255,68.02718293,-12.12,-9.82,2.92,8.47,6.523
100261,5.59,305.02493212,68.8802532,18.02,26.44,4.79,7.581,5.851
97122,5.9,296.0766734,69.33711857,8.78,-22.17,7.37,5.985,5.912
97433,3.84,297.04255658,70.26783533,80.18,39.02,22.4,4.914,3.897
98333,6.32,299.67409575,70.36680747,40.45,58.1,7.74,7.413,6.421
93053,6.5,284.32223249,62.39687223,5.86,-40.72,10.7,7.651,6.58
92969,5.62,284.10725292,65.25815397,-15.79,-28.94,10.39,6.815,5.73
94140,6.26,287.44083917,65.97844349,3.95,28.69,10.15,6.27,6.262
95081,4.6,290.16696656,65.7144303,14.09,41.61,14.52,4.643,4.588
94376,3.07,288.13814581,67.66131695,94.49,92.3,32.54,4.362,3.188
90344,4.82,276.49578299,65.56354628,106.52,-27.07,10.28,6.355,4.959
91196,6.07,279.05518973,65.48851424,20.28,83.43,13.94,6.403,6.092
89448,5.96,273.82103715,68.75596485,17.17,-63.73,11.48,7.316,6.08
96100,4.67,293.08577692,69.66540172,598.43,-1738.81,173.41,5.681,4.756
95978,6.06,292.75121058,70.98925874,-10.91,32.98,5.23,7.924,6.229
94648,4.45,288.8887238,73.35521457,-116.6,104.25,21.73,6.094,4.594
91811,6.28,280.79309753,70.79286156,5.61,-5.3,5.34,7.882,6.417
92782,4.82,283.59902616,71.29708956,48.59,42.11,9.47,6.303,4.949
89908,4.22,275.18933831,71.33772734,-5.91,35.79,11.28,4.132,4.215
89937,3.55,275.25974572,72.73369763,531.08,-351.59,124.11,4.169,3.624
92056,5.25,281.44481933,74.08535352,5.13,81.98,9.74,6.48,5.35
92112,5.37,281.59276611,75.43379735,-12.19,68.62,10.73,5.432,5.373
92717,6.33,283.3883129,75.78732295,9.25,20.08,3.72,6.307,6.284
102370,6.5,311.13783516,69.75190057,-28.44,-36.1,7.56,7.736,6.605
104171,5.88,316.59746974,71.43207905,-48.18,-116.0,20.36,6.335,5.923
106032,3.23,322.16489595,70.56069481,12.6,8.73,5.48,2.958,3.195
107119,4.55,325.47948373,71.31118695,119.48,94.49,18.55,5.98,4.663
107230,5.18,325.76719016,72.32018258,-43.24,-40.59,13.19,6.54,5.294
101134,6.23,307.50299582,72.53176245,-0.29,-24.44,4.78,7.985,6.378
101260,5.18,307.87666197,74.95465942,6.36,-16.47,7.82,5.312,5.201
103219,5.99,313.68448128,75.92546706,30.92,42.29,7.51,7.196,6.101
104968,5.92,318.92663197,77.01226067,22.95,14.63,3.9,7.932,6.091
108535,5.04,329.81293227,73.18028413,-68.28,-159.81,26.67,5.572,5.09
109659,6.11,333.21967953,73.30714314,21.48,20.59,3.7,7.371,6.189
111660,5.8,339.30359577,75.3717918,44.7,7.85,5.23,7.857,5.978
111242,5.7,338.06781235,76.22646833,-19.96,-11.12,4.43,5.721,5.699
108420,6.32,329.46277535,74.99673998,-3.4,-10.65,2.93,8.394,6.522
116727,3.21,354.83742516,77.63196681,-48.85,127.18,72.5,4.549,3.334
104105,5.91,316.37171122,78.12632222,19.04,28.71,7.91,5.821,5.907
108133,6.43,328.61059995,80.30859438,1.99,-14.49,3.95,8.382,6.675
111056,5.45,337.47070072,78.82433733,3.47,-21.67,13.75,5.565,5.462
110787,5.83,336.67685952,78.78594317,-14.09,-37.12,15.98,6.043,5.857
95154,6.22,290.39806052,76.55959765,-7.21,-0.79,1.75,9.961,6.56
99255,4.38,302.22215174,77.71136178,11.11,23.72,9.97,4.344,4.391
94083,5.11,287.29061868,76.56079335,51.63,-119.8,36.64,5.488,5.154
90647,5.65,277.43734872,77.54706964,1.59,-0.7,6.87,7.185,5.774
88127,6.11,270.01402261,80.00052413,54.58,130.47,19.64,6.622,6.072
88136,5.74,270.03777781,80.00379394,46.91,124.03,18.84,6.274,5.731
95167,6.06,290.41767071,79.60289362,22.75,-26.33,10.56,6.15,6.07
92040,6.4,281.40858706,79.94250866,12.45,67.6,11.33,6.738,6.428
90182,6.16,276.0382524,83.17545653,18.39,-23.4,5.95,6.224,6.167
102599,5.36,311.88981878,80.55235152,-28.02,-36.91,8.12,6.839,5.489
105727,5.97,321.20583722,80.52485397,42.61,-11.38,9.18,7.17,6.069
104756,6.12,318.33997944,81.23096071,-3.11,4.49,6.37,6.24,6.13
101082,5.96,307.36380725,81.09073843,67.05,221.67,15.88,7.154,6.071
100965,5.38,307.06022697,81.42266925,33.72,16.19,7.15,6.66,5.482
102208,5.75,310.64624921,82.53110584,30.77,21.68,9.11,5.747,5.748
112519,4.77,341.87061429,83.15371558,23.65,47.21,10.06,6.426,4.919
113116,4.7,343.60160144,84.34611856,98.45,23.89,8.35,6.568,4.853
112833,5.89,342.76223899,85.373461,13.22,114.38,7.14,7.649,6.05
101044,6.19,307.26174083,83.62546296,23.43,-19.05,11.77,6.391,6.213
94604,6.5,288.78295523,83.46272941,12.36,7.02,6.63,6.635,6.516
109693,5.27,333.29239384,86.10785672,51.31,40.32,12.75,5.233,5.261
115746,5.56,351.74966274,87.30745696,76.9,19.35,10.63,5.85,5.587
117880,6.03,358.65975186,-40.30013654,367.44,30.51,35.86,6.727,6.086
1195,6.17,3.74253202,-34.90419374,76.54,-11.99,4.41,7.935,6.323
950,5.24,2.93286698,-35.13339606,169.01,113.75,45.85,5.766,5.292
655,5.67,2.01465535,-33.52933371,-42.75,3.15,10.02,7.1,5.786
117931,6.09,358.81906097,-31.92146922,17.66,0.84,3.16,5.969,6.077
2210,4.86,6.98213606,-33.0070446,-20.48,-50.39,5.95,6.982,5.059
2661,5.55,8.42108802,-29.55820696,-27.91,-29.31,6.56,7.182,5.688
1288,5.66,4.0366068,-31.44632821,117.87,-27.11,7.64,7.42,5.805
183,5.04,0.58297574,-29.72044805,9.66,14.0,6.4,4.852,5.009
345,6.38,1.08457463,-29.26883006,29.15,3.44,7.75,6.383,6.378
761,5.42,2.3375862,-27.9879039,72.57,-9.99,14.57,5.932,5.486
930,5.41,2.8934043,-27.7997782,4.61,17.09,5.61,7.169,5.562
1708,5.18,5.37990144,-28.98129509,32.77,-71.48,10.5,6.448,5.279
116820,5.3,355.15921709,-32.07299489,-91.41,-53.47,11.22,6.534,5.413
117452,4.59,357.23116631,-28.1300148,100.03,-104.04,22.73,4.589,4.578
118277,5.59,359.866257,-29.48515314,-7.86,-5.98,3.71,7.694,5.779
118076,6.26,359.28384615,-26.62349762,54.18,21.09,2.66,8.141,6.417
117860,6.34,358.58911989,-27.04290947,29.36,0.84,10.82,6.519,6.314
1099,6.14,3.4349148,-26.28498303,-3.21,9.89,4.23,8.083,6.304
1096,5.94,3.42591849,-26.02215399,37.59,-78.73,3.22,7.965,6.128
253,6.46,0.78257245,-24.14513788,59.32,-3.14,6.78,7.982,6.587
560,6.19,1.70843563,-23.10742543,97.3,-47.09,25.59,6.635,6.23
117107,6.23,356.12124378,-26.24658154,-54.25,-20.58,14.7,6.76,6.226
117510,6.44,357.45670537,-25.3312897,-24.29,-18.9,8.24,6.589,6.445
118029,6.31,359.12476549,-24.73724204,5.55,9.9,6.49,7.479,6.416
117797,6.23,358.33671573,-24.22922404,51.64,-13.55,10.88,6.455,6.253
636,5.93,1.94523194,-22.50847542,70.1,-34.71,12.45,6.104,5.955
118081,6.45,359.29222947,-20.8336087,-34.96,-14.0,7.15,7.697,6.551
4164,6.44,13.30164021,-24.77697293,104.49,39.95,13.43,7.036,6.587
4104,5.47,13.16917061,-24.00592567,37.32,33.58,6.52,7.129,5.616
3834,5.9,12.3079102,-24.13652681,77.47,-59.62,17.7,7.113,6.001
3056,6.43,9.70310992,-25.10776606,56.47,-21.72,4.47,8.364,6.585
2941,5.57,9.33244613,-24.76722545,1422.09,-17.15,64.38,6.489,5.677
3185,6.14,10.13501584,-23.80399309,635.49,-363.28,35.02,7.03,6.231
2159,5.99,6.81119663,-25.54713325,32.93,-15.26,4.86,7.286,6.091
2852,6.06,9.02876061,-22.84221094,-71.44,-50.35,20.12,6.408,6.093
2381,5.17,7.59446346,-23.78771429,-26.95,13.97,18.08,5.328,5.188
3858,6.27,12.38932382,-23.36210931,-12.25,-14.18,3.8,6.431,6.303
3607,5.49,11.54845521,-22.52206718,197.14,-12.25,9.78,6.737,5.609
3741,5.57,12.00437854,-21.72247464,24.99,-7.23,6.72,5.498,5.554
3505,5.22,11.18515547,-22.00633247,-66.07,81.15,35.92,5.62,5.262
5170,6.12,16.5322074,-23.99236906,-41.03,-33.59,9.31,7.476,6.237
5259,6.36,16.80364889,-23.99625645,74.44,-31.75,13.96,6.647,6.39
6427,6.35,20.62715374,-19.08104977,-58.42,-64.95,16.82,6.881,6.367
4801,6.47,15.41083745,-16.26535068,72.02,-91.55,11.76,8.023,6.596
1728,5.61,5.44264511,-20.05799253,62.63,-12.77,4.21,7.766,5.904
2237,6.44,7.0882067,-20.33477667,-118.11,-112.69,31.01,7.166,6.502
2086,6.24,6.59057887,-18.69360316,21.65,-12.07,4.3,8.354,6.461
1331,6.5,4.1764482,-20.21005714,-6.96,-1.53,5.33,6.366,6.478
1402,6.46,4.38621007,-19.05108585,20.45,-2.36,20.47,6.914,6.504
1170,4.44,3.66013628,-18.93268628,-27.15,-73.78,6.62,6.603,4.648
238,6.25,0.7392741,-20.04607402,100.38,78.95,16.16,6.874,6.308
983,5.29,3.04145374,-17.93821766,60.48,-24.69,5.33,7.214,5.445
696,6.11,2.13953227,-17.57804019,14.92,-47.27,2.42,8.274,6.311
1821,6.43,5.76813086,-15.94261714,76.78,25.04,3.23,8.495,6.622
3717,5.7,11.93000731,-18.06142264,30.18,34.4,8.11,7.395,5.846
3419,2.04,10.89678452,-17.9866841,232.79,32.71,34.04,3.362,2.159
3175,6.49,10.11898738,-16.51659767,41.94,-32.25,6.48,7.628,6.588
3576,6.47,11.42375052,-16.42420509,12.04,-6.07,11.38,6.867,6.529
3849,5.59,12.35647376,-13.56101709,103.34,-105.83,10.02,7.321,5.749
2846,6.45,9.01331466,-14.97289122,-64.72,-59.19,7.03,7.809,6.557
2337,6.15,7.46586901,-14.86402653,147.08,-33.98,23.62,6.598,6.188
3559,6.15,11.36961318,-12.88030968,-32.25,-205.68,31.39,6.906,6.22
3436,6.01,10.9587023,-12.01130744,-0.84,-207.83,18.76,7.432,6.124
3455,4.77,11.04752272,-10.60927365,-6.96,-113.88,15.54,6.066,4.882
115121,6.49,349.763686,-28.38787084,15.77,10.11,4.36,8.53,6.684
114969,6.24,349.28638088,-28.43803072,39.09,-99.84,3.58,8.269,6.436
115312,5.65,350.31462908,-26.98674162,-19.59,-11.2,9.92,6.676,5.747
114366,5.88,347.4359083,-28.08857609,18.93,1.74,4.76,7.575,6.019
113593,6.3,345.10242074,-25.62674394,90.7,-42.22,7.61,7.745,6.426
113562,5.66,345.02402543,-25.16398677,35.14,-79.51,4.62,7.266,5.803
114119,4.48,346.67003033,-23.7431168,59.9,0.53,17.32,5.61,4.579
113673,6.27,345.34594456,-22.79083025,28.41,-25.13,9.97,6.442,6.293
115522,6.46,351.01675838,-21.77422317,-66.12,-77.43,15.99,6.976,6.509
114375,4.71,347.47865379,-22.45759248,35.92,-7.79,6.26,5.506,4.79
114341,3.68,347.36150879,-21.17248555,55.99,31.25,13.96,5.265,3.821
116118,6.24,352.9251745,-21.36944011,-1.02,-7.18,12.49,6.619,6.276
116247,4.7,353.31927128,-20.91452506,-2.55,8.64,10.18,4.734,4.711
117629,5.17,357.83884091,-18.90915459,26.6,-3.56,10.16,5.021,5.163
117218,5.28,356.50350924,-18.67836913,131.86,11.97,15.37,5.6,5.287
117089,5.24,356.05025914,-18.27692862,27.6,-3.76,9.84,5.137,5.227
115709,6.43,351.64765987,-21.74083208,57.58,-1.65,8.24,7.764,6.552
115669,4.38,351.51173897,-20.64186122,-50.13,-62.97,10.57,6.308,4.546
115438,3.96,350.7429228,-20.10034505,-120.27,-96.7,20.14,5.367,4.083
115528,6.18,351.03232585,-18.68812455,165.19,48.6,8.89,7.498,6.305
116889,5.36,355.39380754,-18.02690134,-40.82,-72.28,5.58,7.425,5.532
116901,4.82,355.44082263,-17.81653327,13.93,0.11,5.07,5.83,4.908
116368,5.95,353.7055442,-15.24579181,49.92,-87.88,9.29,7.7,6.101
116624,6.38,354.51242043,-15.09483723,82.29,-111.43,9.65,7.754,6.499
113801,5.97,345.68453003,-20.87039619,-56.81,-129.81,13.01,7.189,6.082
113204,6.36,343.87736753,-20.13936653,43.98,-15.25,4.69,8.201,6.513
113080,6.37,343.52332689,-19.17513859,81.9,-4.3,6.78,8.359,6.552
112529,5.24,341.88828134,-19.61287445,-102.2,-205.95,12.26,6.439,5.352
112211,4.68,340.89688564,-18.83030716,-31.4,-28.02,6.73,6.465,4.837
113148,5.53,343.6900201,-16.27174207,-223.65,-88.58,23.27,6.959,5.659
113136,3.27,343.6626635,-15.82075994,-44.08,-24.81,20.44,3.365,3.277
115144,5.96,349.85043968,-18.07539972,3.96,9.58,2.92,7.965,6.141
113998,6.15,346.30366025,-17.07915256,-41.72,-40.18,5.91,7.946,6.306
115404,5.19,350.66291976,-15.03938012,119.67,17.49,13.75,5.443,5.228
114371,6.43,347.45638262,-14.5105363,30.15,-6.3,9.45,6.442,6.421
113531,6.12,344.89865503,-13.07089129,-6.49,-1.58,4.97,8.022,6.282
115126,5.2,349.77712113,-13.45844256,265.64,-44.87,48.22,,
115015,6.33,349.41691068,-11.71295483,41.21,5.11,8.37,6.398,6.34
114750,6.13,348.66740368,-10.68862744,-6.67,-36.02,3.9,8.115,6.302
602,6.2,1.82613856,-17.38703103,-10.77,17.02,6.24,6.361,6.219
301,4.55,0.93488487,-17.33597002,28.57,-7.28,14.31,4.492,4.539
343,5.78,1.08233885,-16.52888969,53.77,-60.27,11.29,7.193,5.898
118178,6.28,359.58822629,-15.84746438,82.77,-8.13,6.71,7.663,6.397
910,4.89,2.81628415,-15.46732287,-84.2,-269.31,52.94,5.472,4.953
873,5.84,2.67810574,-12.57980381,149.39,-38.22,15.35,7.139,5.975
117494,6.21,357.3815743,-15.86120258,51.67,-30.78,7.68,7.768,6.345
117567,5.7,357.63859626,-14.40143843,38.04,-21.27,7.09,7.664,5.872
117722,5.85,358.12520105,-14.251207,-95.97,-4.18,11.38,7.485,5.986
116957,5.27,355.61588872,-15.44797581,16.19,-23.44,11.65,7.027,5.418
116971,4.49,355.68035357,-14.54474243,98.35,-66.78,21.16,4.442,4.48
116758,4.97,354.94598676,-14.22204281,51.8,-55.58,24.38,5.279,5.009
1803,6.39,5.71480399,-12.20958506,394.27,60.45,49.05,7.209,6.451
1191,5.77,3.72708897,-9.56955053,22.64,-8.45,9.4,5.671,5.75
355,4.99,1.1255098,-10.50949443,-6.49,-11.88,2.03,7.081,5.129
671,5.99,2.07313617,-8.82402541,-34.13,-35.67,9.79,7.307,6.101
1562,3.56,4.85701265,-8.82382948,-14.37,-37.84,11.26,5.128,3.688
1499,6.47,4.67342336,-8.05265094,417.66,-144.2,42.67,7.305,6.541
1158,5.13,3.61496786,-7.78053784,61.01,2.36,5.21,7.226,5.339
116591,5.66,354.41474582,-13.06030596,34.83,25.77,11.5,6.964,5.775
117314,5.74,356.81642211,-11.91089898,-48.26,-93.56,9.42,7.117,5.853
116853,5.89,355.28696291,-11.68066248,68.51,3.24,8.6,7.143,6.001
117541,5.93,357.56103429,-9.9743269,139.84,78.32,10.63,7.4,6.057
117756,5.76,358.21038458,-8.99669856,61.73,-23.61,5.33,7.263,5.884
115839,6.37,352.02140081,-11.44969884,99.58,-22.03,8.83,7.508,6.476
115906,6.2,352.2528732,-9.26603962,-43.49,-26.51,1.48,8.052,6.344
115115,4.99,349.74021218,-9.610731,43.47,-7.8,13.1,4.978,4.999
115033,4.41,349.47584844,-9.1824899,19.63,-9.64,10.13,4.221,4.382
116428,6.4,353.88363333,-7.46447114,0.29,16.48,7.19,7.515,6.499
116060,6.39,352.75478141,-6.28800944,-10.59,-29.68,1.34,8.024,6.529
154,4.37,0.48996506,-6.01397169,46.62,-41.32,7.86,6.483,4.588
840,5.84,2.57853868,-5.24851713,34.98,-29.01,18.18,7.099,5.957
443,4.61,1.33394073,-5.70783255,-8.29,88.19,25.38,5.958,4.738
117420,6.09,357.13533084,-6.38037699,1.42,-20.2,4.51,7.983,6.241
117375,5.49,356.9853611,-2.76161103,96.45,5.5,11.19,6.694,5.607
118209,4.88,359.66837736,-3.55580738,-56.52,-72.34,14.58,6.067,4.987
145,5.13,0.45598912,-3.02747891,18.9,-10.25,7.98,4.964,5.106
635,6.43,1.93373158,-2.54868621,30.12,2.77,6.69,6.28,6.418
664,6.18,2.05038298,-2.44769895,7.25,-4.87,3.25,7.967,6.362
117761,5.93,358.23133386,-3.15537813,77.52,-42.58,6.53,7.315,6.051
7345,5.62,23.65717247,-15.6763527,94.7,-2.67,16.32,5.699,5.626
6589,6.17,21.16631123,-15.66041899,29.88,-20.19,9.76,7.346,6.284
8102,3.49,26.02136441,-15.93955597,-1721.82,854.07,274.17,,
7450,5.41,23.99565496,-15.40021584,19.14,13.53,5.94,7.03,5.548
6670,4.9,21.40503869,-14.59875437,42.54,-17.25,11.31,6.507,5.049
6748,5.51,21.71481835,-13.05653391,14.53,9.01,27.55,5.88,5.547
6822,6.13,21.94348544,-10.90162048,179.15,15.79,9.15,7.954,6.325
9237,6.46,29.6914787,-11.30074034,72.23,-88.47,7.97,7.917,6.59
8497,4.66,27.39662961,-10.68618074,-148.9,-94.47,42.35,5.071,4.698
8645,3.74,27.86504416,-10.33494526,38.78,-38.04,12.59,5.193,3.858
9655,6.43,31.05181354,-11.85976239,55.35,-3.18,3.1,8.38,6.613
10215,6.0,32.8426776,-10.05174603,-27.3,-171.15,20.0,6.475,6.047
9094,6.42,29.29093654,-10.24183649,-368.41,-243.15,29.43,7.457,6.51
9372,5.43,30.11154942,-8.52382616,86.73,-19.32,5.5,7.302,5.67
7916,5.75,25.4366587,-11.32366816,60.1,-411.71,26.83,6.297,5.842
7580,6.24,24.40648858,-9.40405165,249.38,111.02,26.15,6.864,6.302
8143,6.45,26.18195961,-6.76617551,11.07,4.71,6.09,7.489,6.485
8664,6.42,27.90749014,-6.87411986,4.13,-9.39,6.01,8.032,6.542
5364,3.46,17.14693197,-10.181928,215.81,-138.33,27.73,4.963,3.585
5296,5.71,16.94216802,-9.78559168,149.04,16.99,20.97,6.235,5.762
6272,6.16,20.1159902,-11.2388149,-50.54,-75.93,8.53,7.572,6.278
4587,5.62,14.68286462,-11.37993895,-33.16,-15.02,10.35,6.828,5.721
4371,5.35,14.00627513,-11.26650685,-26.79,-8.01,6.24,7.323,5.521
5121,6.09,16.40375279,-9.97923948,-30.48,-34.24,10.58,7.394,6.208
5164,5.58,16.52137513,-9.83936845,30.98,5.89,5.48,5.588,5.579
3909,5.17,12.53218487,-10.64377045,-224.67,-228.44,64.69,5.78,5.228
4257,6.15,13.573262,-8.74054656,16.98,-47.34,8.6,7.322,6.258
4346,5.88,13.92668443,-7.34703997,-6.99,-44.82,6.54,7.884,6.048
5485,6.4,17.54982773,-8.90603998,-19.62,-39.2,8.94,7.708,6.507
5799,5.14,18.59986241,-7.9235004,123.67,277.58,41.01,5.668,5.196
7276,5.75,23.42805448,-7.02514279,176.82,-81.49,33.71,6.537,5.828
6537,3.6,21.00604671,-8.18275372,-78.38,-206.88,28.48,4.978,3.732
6539,6.21,21.01013866,-8.00725234,179.74,-67.31,14.83,6.498,6.242
6564,5.92,21.08535375,-6.91466853,31.05,5.12,22.33,6.398,5.961
8230,5.37,26.49694074,-5.73322696,-9.09,-29.69,6.4,7.352,5.534
8094,6.2,25.97837552,-4.76543961,-23.98,-30.81,4.55,8.207,6.371
7999,4.98,25.68132047,-3.69011692,-11.67,-34.38,2.71,6.797,5.145
7597,6.43,24.46688941,-3.44065222,26.34,-10.55,3.64,8.524,6.637
6687,6.5,21.46803699,-3.92732676,60.72,-26.32,9.88,8.257,6.648
6283,6.26,20.14405465,-3.24700031,-1.93,4.32,6.17,7.53,6.361
7362,6.44,23.71379541,-3.52380859,12.52,-33.28,3.98,8.186,6.586
6605,6.17,21.20281063,-2.84852187,10.79,-28.02,12.17,7.389,6.268
10396,6.43,33.47313991,-9.06468041,1.35,20.53,2.59,8.281,6.587
10642,5.51,34.24578955,-6.4218563,93.21,-106.93,9.58,6.725,5.609
10854,6.5,34.91982842,-4.34558086,31.58,3.25,5.98,6.597,6.506
11261,6.34,36.24328387,-2.78001486,1.77,-6.56,5.05,6.319,6.336
9622,5.61,30.91868509,-4.10336397,6.62,-62.67,4.98,7.686,5.806
10826,6.47,34.83661103,-2.97706055,10.33,-239.48,7.79,7.758,6.642
10305,5.65,33.19717997,-2.3934596,374.41,-73.08,21.71,6.328,5.712
10234,5.94,32.89933984,-1.82534866,-11.27,-33.24,9.2,7.168,6.043
12247,5.65,39.42407297,-3.39606767,38.95,-44.05,10.29,6.953,5.763
12584,6.07,40.45138697,-3.21377678,-11.04,-12.48,4.49,7.572,6.189
12720,6.48,40.87043285,-2.53149459,18.08,17.39,6.87,7.714,6.588
12530,5.72,40.30779517,-0.69534847,218.94,-125.3,46.24,6.342,5.81
12387,4.08,39.87061789,0.3285168,14.44,-2.53,5.04,3.8,4.039
11046,5.42,35.55169522,-0.88474037,-17.62,-45.98,11.68,5.806,5.46
11791,5.36,38.03931801,-1.03481751,-26.47,-32.34,12.27,6.658,5.471
11687,6.0,37.68847239,0.25587583,-51.92,-52.15,11.87,6.211,6.026
11021,5.29,35.48597927,0.39569203,-13.41,-6.81,2.49,7.438,5.494
11474,6.45,36.99970001,1.96088039,-0.75,-14.22,3.43,7.737,6.598
12706,3.47,40.82551897,3.23617162,-146.43,-145.27,39.78,3.598,3.46
11738,5.27,37.87534312,2.26720689,22.75,-10.4,6.85,6.917,5.406
12318,6.21,39.65326455,3.44318549,34.89,7.94,7.46,7.486,6.326
9631,5.96,30.9505127,-0.34014611,82.76,-43.09,9.89,7.03,6.045
9827,6.29,31.62196116,0.03536862,64.17,6.46,5.98,7.43,6.385
9589,5.42,30.7983571,0.12845397,75.85,21.74,11.31,5.621,5.449
8998,6.01,28.97391411,1.84951901,158.44,190.44,25.71,6.718,6.106
9353,5.89,30.03760293,3.09763527,231.21,-255.2,32.18,6.624,5.947
8833,4.61,28.38890233,3.18747844,23.69,23.9,17.11,5.808,4.719
8404,5.91,27.10843265,3.68540364,-9.17,17.68,9.95,7.154,6.014
10723,5.6,34.50510951,1.75689975,365.99,371.16,40.04,6.313,5.665
10273,6.49,33.06566579,2.74552179,13.18,12.15,6.53,7.824,6.608
9487,3.82,30.51166929,2.76376048,33.29,-0.42,23.45,3.729,3.673
10212,5.64,32.83817716,8.57008262,-141.2,-114.26,23.52,6.304,5.696
10324,4.36,33.25004577,8.8467523,-26.23,-14.4,9.01,5.488,4.466
4914,5.4,15.76085267,-4.83635047,-117.05,-102.91,7.95,6.851,5.528
3193,5.9,10.17658814,-4.35180551,-15.29,-14.48,5.66,7.286,6.019
2762,5.2,8.8110039,-3.59275785,407.68,-36.47,47.51,,
2353,5.72,7.50980355,-3.95729662,8.61,-14.51,3.82,7.77,5.911
3552,6.15,11.35043331,-4.6292514,37.13,37.65,2.93,8.283,6.334
5951,5.42,19.15144476,-2.5002128,-100.62,-63.95,12.74,6.542,5.524
5594,5.93,17.93142731,-2.25102487,-57.83,-22.21,7.4,7.774,6.092
5833,5.7,18.70491873,-0.97429411,-14.55,205.45,22.79,6.217,5.751
6226,5.87,19.9512172,-0.5089949,5.35,-13.91,8.27,6.462,5.744
6429,6.5,20.64506808,-0.44964397,23.47,-11.95,5.99,7.875,6.613
6717,6.42,21.61382606,-0.3989861,50.11,-19.66,4.7,8.062,6.567
4147,4.78,13.25204382,-1.1442206,6.49,-16.29,6.28,6.818,4.946
4979,6.06,15.95398626,1.36694516,122.42,-40.69,17.66,6.395,6.109
5315,6.44,16.99825172,1.99409389,143.39,-432.84,21.53,7.521,6.548
5510,5.97,17.63982219,2.44570842,-8.69,-15.94,3.63,7.921,6.13
1939,6.08,6.12362201,-2.2189614,-34.51,-42.42,6.03,7.655,6.213
2787,5.94,8.88645754,-0.50545908,143.36,-61.94,17.97,6.462,5.991
2100,6.16,6.65572204,-0.04953631,69.63,1.49,6.71,7.341,6.302
417,6.32,1.26581912,-0.50290553,44.86,-53.47,6.95,7.712,6.426
2006,5.77,6.35090309,1.93972374,-14.33,-12.89,5.5,6.84,5.866
1421,6.19,4.4485222,1.68870485,90.04,9.15,9.89,7.375,6.288
3992,6.39,12.82629635,3.38517465,22.13,-63.64,7.27,7.758,6.5
2954,6.43,9.37682692,3.13549746,90.32,-60.23,5.65,8.185,6.573
5141,6.35,16.45509251,4.90866194,11.75,-119.26,21.87,6.793,6.39
3765,5.74,12.09388786,5.28338873,758.04,-1141.22,134.04,6.875,5.845
3697,5.98,11.84843074,6.74098135,14.42,-10.26,7.16,7.177,6.083
3760,5.92,12.07226858,7.29991977,111.61,3.41,4.93,7.345,6.043
3786,4.44,12.17039736,7.58520186,83.14,-50.48,10.69,6.391,4.6
6432,6.21,20.65381169,1.72644123,65.45,-44.78,3.89,8.162,6.375
7884,4.45,25.35794814,5.48760445,-22.73,3.61,8.86,6.219,4.594
6061,5.13,19.4499337,3.61452038,-48.38,-22.37,14.83,5.239,5.153
7007,4.84,22.54559597,6.14393314,293.23,-46.36,9.05,6.637,4.997
7505,6.39,24.18134717,7.83150675,4.49,9.13,3.6,8.497,6.605
6868,6.22,22.09520584,7.96137392,110.79,-8.59,8.89,7.641,6.332
7243,6.31,23.32611246,8.20881472,18.89,-31.62,5.58,7.859,6.456
9706,6.44,31.21246935,7.73566461,29.54,-0.24,6.8,7.859,6.547
9809,6.27,31.55113149,8.24814235,-14.16,-11.55,3.71,8.433,6.502
7819,6.34,25.14535993,8.76076486,68.29,1.86,17.99,6.803,6.385
8198,4.26,26.34828629,9.15764102,70.82,38.99,12.63,5.484,4.372
8588,5.92,27.71672491,11.0434459,-69.33,-27.84,23.46,6.285,5.962
9295,6.09,29.85783536,12.29495706,7.9,-33.42,12.12,6.328,6.108
5346,5.51,17.09309979,5.6502213,-248.4,-165.49,27.84,5.91,5.55
5074,6.03,16.2192515,5.65630133,29.08,-16.31,4.52,8.023,6.198
5824,6.04,18.67666596,6.9951961,-13.62,-24.67,7.07,7.428,6.156
5737,5.21,18.43250986,7.57548895,141.66,-55.62,22.09,5.53,5.231
5743,6.44,18.4382284,7.57837574,154.42,-47.11,16.69,6.811,6.283
4655,6.14,14.9569784,6.48323806,20.08,-5.29,3.07,8.302,6.35
4906,4.27,15.73606615,7.89007256,-80.57,25.88,17.14,5.496,4.381
5575,6.49,17.87069076,10.29192297,10.94,-6.07,7.92,7.608,6.586
5204,6.14,16.64007727,12.95597351,13.76,27.14,8.91,7.365,6.242
7535,5.54,24.27483902,12.14151058,-74.9,9.96,29.58,5.95,5.584
7436,6.23,23.94350195,14.66144102,3.89,-7.61,1.42,6.168,6.212
7740,5.98,24.9198664,16.40588595,82.41,-11.56,7.18,7.462,6.115
7097,3.62,22.87080776,15.34583101,25.73,-3.29,11.09,4.866,3.735
7447,5.95,23.97777176,17.43378965,149.18,21.16,16.75,6.25,5.978
6981,6.01,22.47011303,18.35567537,59.05,-2.64,8.61,6.204,6.035
111539,6.39,338.9534264,-17.46031368,-30.42,-45.32,7.01,8.258,6.546
110778,5.55,336.64228154,-16.74214759,209.77,3.96,49.8,6.27,5.587
111086,6.36,337.57220833,-14.58565069,34.25,-34.49,5.15,6.291,6.342
112542,5.68,341.92812904,-14.05640541,29.03,-9.44,12.55,5.656,5.676
110602,5.76,336.11262494,-13.52940359,50.69,14.24,6.01,6.996,5.872
109624,6.04,333.10725718,-14.19384149,26.09,-47.47,23.0,6.48,6.085
110179,5.96,334.75290198,-13.30497087,72.65,-9.91,9.21,7.347,6.084
110000,5.34,334.20018136,-12.83144751,1.84,4.66,6.74,6.796,5.468
111066,6.41,337.5057797,-12.91511781,160.94,0.54,12.33,6.815,6.439
111200,6.39,337.92199244,-10.90546457,71.08,-39.77,14.49,6.733,6.416
111123,4.82,337.66172918,-10.67788619,1.79,-26.26,12.29,4.78,4.821
112716,4.05,342.39795761,-13.59253756,-12.58,-38.8,8.58,6.103,4.222
113031,5.8,343.36954639,-11.61651887,23.03,1.93,4.96,5.69,5.775
112615,6.19,342.12579744,-10.55549675,30.86,7.62,8.64,6.515,6.218
113996,5.44,346.29047874,-7.69381853,123.46,7.07,17.31,5.795,5.47
112168,6.45,340.76418447,-8.31143105,17.25,-3.96,5.28,6.804,6.653
111761,6.23,339.59208979,-7.89755654,71.26,-2.61,7.1,7.223,6.336
112961,3.73,343.15360192,-7.57967878,19.51,32.71,8.33,5.852,3.938
113674,6.23,345.34854619,-7.06113357,-16.16,-7.84,7.79,8.087,6.385
113127,6.2,343.64221027,-7.20454057,-15.11,-35.05,5.35,7.86,6.332
112179,6.4,340.80936458,-6.96291246,26.27,-10.08,8.87,6.367,6.406
109139,4.29,331.60918894,-13.86954013,40.45,-57.16,18.9,4.201,4.274
109472,5.43,332.65610232,-11.56495901,29.74,8.02,5.81,5.283,5.413
110009,5.8,334.21916736,-9.04003734,-58.02,-12.11,9.28,7.298,5.923
110273,5.35,335.04961499,-7.82110592,15.21,1.61,4.39,5.274,5.34
110003,4.17,334.20819329,-7.78323706,118.95,-21.91,17.04,5.418,4.278
108868,5.55,330.81846358,-6.52242698,47.8,8.65,12.02,6.778,5.659
110532,5.92,335.88397901,-7.19444293,-6.21,8.95,7.1,7.191,6.027
111170,6.15,337.82590786,-6.55488734,160.65,-108.63,39.18,6.834,6.22
112078,6.28,340.52494082,-5.10183894,68.82,-53.26,2.44,8.443,6.662
111710,5.04,339.43925419,-4.22776291,-68.36,-120.47,13.92,6.51,5.161
111965,6.32,340.19983525,-3.55413415,-11.22,-43.17,29.86,6.941,6.38
110023,5.75,334.27709235,-5.38721152,-4.2,19.51,9.56,6.85,5.849
110578,5.79,336.02861939,-4.83700102,26.35,-7.77,7.69,5.747,5.778
109647,6.39,333.18289491,-4.72059382,-43.36,-35.13,10.68,6.978,6.455
109466,5.98,332.64043335,-4.26686395,72.36,3.5,11.57,7.227,6.082
111171,6.15,337.82677055,-2.91118194,-9.38,-38.68,6.89,7.539,6.272
111394,5.88,338.51203705,-1.57417924,39.7,-37.28,7.35,7.127,5.991
114855,4.24,348.97198728,-9.08769554,368.56,-17.02,21.97,5.658,4.362
114939,4.93,349.21229368,-7.72646619,-18.66,-15.43,5.09,6.993,5.174
114724,4.22,348.58055219,-6.0485268,46.22,-195.85,14.68,6.267,4.411
115953,6.26,352.38323384,-4.53218332,179.73,-231.95,20.44,7.709,6.386
116106,6.5,352.88082708,-4.08693695,178.65,-192.79,38.11,7.134,6.551
115257,6.17,350.17061468,-5.90782893,-102.57,-60.16,8.14,7.562,6.283
115142,5.56,349.84941462,-5.12430243,200.98,-20.42,28.72,6.026,5.619
113781,6.18,345.63567045,-6.57392844,-7.36,-32.95,2.63,8.216,6.365
113686,5.94,345.38209154,-4.71147966,14.07,7.55,1.23,7.187,6.046
113184,5.72,343.79560112,-4.98787812,29.13,-8.54,11.13,6.871,5.849
113345,6.31,344.32169131,-4.81009168,-17.59,-1.27,7.9,7.521,6.417
114822,5.56,348.89277051,-3.49637244,-12.43,-3.26,14.09,5.634,5.565
115945,6.35,352.36248095,-1.79115943,-14.39,-22.0,3.53,7.803,6.462
116323,5.91,353.5373106,-1.24753498,107.44,-13.24,14.17,6.277,5.926
117887,5.78,358.6943635,0.10934429,-40.93,-14.63,5.07,7.753,6.03
117491,5.77,357.36448204,1.07619547,-0.25,-26.32,12.19,5.968,5.786
117445,6.47,357.20566896,2.21449865,8.81,-35.15,18.09,7.003,6.513
116146,6.39,352.98983817,-1.08592434,8.98,16.17,4.07,7.907,6.517
115476,6.33,350.882937,0.2912976,71.8,11.28,2.27,8.417,6.51
115768,6.26,351.81152185,1.12268705,46.55,-31.92,8.01,7.557,6.375
115738,4.95,351.73293881,1.25583758,85.6,-94.43,20.12,4.987,4.932
116422,6.47,353.86919175,1.31319815,-47.76,-23.21,10.51,7.957,6.598
116495,5.68,354.09727881,2.10207138,-104.5,62.11,32.27,6.207,5.743
116928,4.49,355.51200741,1.7804172,-129.55,-154.87,32.38,4.744,4.521
113421,6.17,344.56477026,-2.39534611,-6.05,-16.03,50.71,7.104,6.256
113433,6.38,344.59838162,-1.41019267,85.47,-6.67,10.28,6.794,6.419
113610,6.22,345.15783182,0.18583971,47.78,10.71,5.1,7.345,6.318
114005,6.39,346.32338622,1.30717903,34.34,-21.23,7.98,7.59,6.492
113521,5.43,344.86417726,0.96309154,90.06,-67.66,11.63,6.691,5.535
111497,4.04,338.83887054,-0.11736123,88.56,-56.1,17.77,3.944,4.026
113167,6.11,343.74780883,1.06489117,20.32,5.48,10.61,6.341,6.129
113622,5.85,345.17873968,3.01200821,5.06,-83.58,5.96,7.611,5.997
114273,5.42,347.17017174,2.12761798,137.43,108.99,11.64,6.571,5.525
114971,3.7,349.28955677,3.28224524,760.35,17.96,24.92,,
115227,5.05,350.08557117,5.38145156,78.53,-59.35,9.56,6.625,5.205
115830,4.27,351.99236589,6.37909727,-123.83,-43.26,20.54,5.647,4.393
113705,6.44,345.43150931,3.5310382,32.33,-52.74,5.71,7.676,6.549
113889,4.48,345.9691938,3.82006998,12.86,-10.13,6.62,4.345,4.474
113360,6.28,344.38651971,3.81016446,67.6,31.69,7.08,7.76,6.407
113904,6.42,346.0033129,6.61632017,-28.43,7.44,12.01,6.904,6.477
114520,5.15,347.93414513,8.72012785,-8.93,-5.05,12.89,5.312,5.17
107487,6.0,326.56774421,-9.2759542,17.6,7.85,2.64,8.135,6.214
107382,5.1,326.25102876,-9.08242443,12.96,-1.65,4.08,6.503,5.203
106786,4.68,324.43767522,-7.85414212,114.29,-24.44,18.26,4.907,4.708
107596,6.17,326.90916827,-5.91684,65.31,15.77,12.74,6.445,6.194
108453,6.33,329.55534953,-5.42466689,41.4,-104.86,17.98,6.777,6.377
108506,6.24,329.72910838,-4.37249443,-0.99,-252.83,27.77,7.508,6.351
108102,5.71,328.54309196,-4.27595735,52.23,-91.47,11.22,7.247,5.842
108144,6.24,328.64957986,-3.30119185,26.66,-33.04,14.35,6.796,6.292
106278,2.9,322.88966951,-5.57115593,22.79,-6.7,5.33,3.949,2.986
106592,5.79,323.82344304,-3.98329291,-9.59,-4.8,7.39,7.212,5.901
109442,6.28,332.58791064,-3.89397811,16.27,-44.24,9.0,6.272,6.284
108874,4.74,330.82845686,-2.15533588,24.81,-11.14,8.56,4.622,4.727
108991,5.29,331.19764106,-0.90623994,-20.05,-42.57,14.1,5.586,5.31
110395,3.86,335.41374983,-1.38735315,129.24,8.9,20.67,3.806,3.844
109984,6.16,334.14029753,-1.59636796,-28.26,-8.86,12.44,6.384,6.182
110091,6.39,334.51790289,-0.23752268,-41.39,-54.73,24.11,6.924,6.441
110960,3.65,337.20750231,-0.02006304,191.32,37.47,31.53,4.643,4.151
109074,2.95,331.44593869,-0.31982656,17.9,-9.93,4.3,4.175,3.051
108691,5.6,330.27087929,0.60474348,7.14,-11.6,4.93,7.273,5.744
105767,5.48,321.3206872,-3.55657786,-12.39,-69.77,7.99,7.405,5.649
105729,6.38,321.21532853,-3.3982351,-6.64,-50.25,14.03,6.783,6.422
105046,6.48,319.16440667,-1.60771816,23.05,-16.94,3.86,7.723,6.594
106758,6.22,324.39072099,-0.39049406,-22.89,-27.76,8.18,6.296,6.224
105819,6.45,321.46481241,0.53430605,50.0,13.84,11.46,6.646,6.483
106544,6.41,323.67817151,1.82918895,13.22,-11.36,2.1,8.318,6.677
104872,6.38,318.65428627,0.09228716,36.4,-12.61,4.76,8.497,6.568
105864,6.12,321.61661904,1.10375193,110.49,-161.72,20.89,6.669,6.169
107144,5.66,325.54214706,1.28527344,-5.89,-8.31,2.06,7.563,5.816
107575,5.63,326.80815996,2.68613092,6.28,-2.83,6.98,5.644,5.632
106944,5.1,324.88868707,2.24376298,-32.7,-84.17,13.55,6.425,5.215
109068,4.86,331.4195499,5.05828453,101.6,101.19,12.38,6.759,5.022
106856,5.66,324.63280732,5.77167281,112.64,28.64,18.74,5.973,5.694
107151,5.3,325.56435406,5.68015144,11.21,-5.78,6.25,7.454,5.504
108090,6.14,328.49050038,6.86477025,79.36,14.05,7.89,7.116,6.234
106783,6.19,324.43171388,6.61839615,57.92,-2.09,12.68,6.222,6.182
107271,6.47,325.9157725,7.52879415,-28.04,-56.51,7.65,7.914,6.602
110672,4.8,336.31921857,1.37739245,18.38,3.35,2.96,4.578,4.776
111062,5.51,337.49145207,4.43205725,-18.89,-151.08,18.93,5.974,5.551
110785,5.76,336.65507484,4.39363758,286.36,52.92,25.34,6.38,5.821
110882,4.78,336.96448769,4.6964107,77.29,-307.36,20.39,6.138,4.915
110298,5.37,335.11485393,5.78949288,20.33,2.1,3.55,5.325,5.371
110986,5.6,337.28313545,9.12908395,51.63,-20.51,5.63,7.666,5.766
113465,6.35,344.67768044,7.34023912,-29.32,-67.77,10.41,6.405,6.347
113186,4.91,343.80676809,8.81609536,81.88,29.03,11.55,4.908,4.906
114347,5.05,347.38106177,8.67717165,3.71,-4.52,4.28,6.906,5.29
114144,4.54,346.75106602,9.40952259,6.73,-12.76,10.13,6.572,4.718
114389,5.39,347.50612955,9.82210111,-17.77,-7.75,5.27,5.297,5.377
113445,6.43,344.64519627,9.35721774,396.72,-147.73,32.32,7.229,6.513
112029,3.41,340.36531181,10.83139111,77.38,-10.98,15.64,3.32,3.402
112935,5.16,343.09902715,9.83555733,521.86,44.1,37.25,5.731,5.212
113503,5.76,344.79915676,11.72894102,26.84,-40.09,12.26,6.106,5.799
112447,4.2,341.67267295,12.17408381,233.06,-492.04,61.54,4.8,4.265
109427,3.52,332.54924902,6.197789,281.96,31.23,33.77,3.644,3.54
108612,6.0,330.03299605,6.7174357,14.53,0.7,3.05,5.847,5.976
110341,6.18,335.23238665,8.18668942,43.67,21.6,31.45,6.718,6.223
109939,6.21,333.99922011,8.54959901,26.08,-10.32,8.25,6.226,6.198
108699,5.65,330.28849736,8.25717124,-7.35,-2.77,5.35,7.531,5.807
109471,5.78,332.65608471,11.6246717,-46.82,-54.38,5.22,7.871,5.965
108766,6.36,330.50570044,10.97380235,10.84,1.53,2.43,6.21,6.346
108875,5.83,330.82925888,11.38655605,16.71,-1.63,6.03,5.76,5.819
108339,5.54,329.23495325,12.07652564,-28.38,-13.92,7.41,5.601,5.549
111601,6.42,339.15140974,11.69662147,-13.72,6.11,8.68,6.454,6.43
111649,6.3,339.27023357,12.57689455,-12.94,-32.49,3.9,8.19,6.46
110386,4.82,335.37946377,12.20517262,6.21,5.54,3.36,4.698,4.804
112067,5.92,340.48916113,14.51644444,94.55,-21.21,12.22,7.339,6.044
111974,5.72,340.21882625,14.54886051,272.25,123.47,30.49,6.643,5.815
109445,6.36,332.59177013,14.62991869,18.95,-25.12,7.69,7.72,6.474
111296,6.35,338.19539967,15.86322196,20.43,17.1,4.67,7.882,6.482
110696,6.26,336.41950724,18.44424558,28.67,28.9,5.74,7.827,6.404
117774,6.29,358.2697873,2.09065153,14.02,-10.9,7.06,6.287,6.292
117683,5.59,357.99095935,2.93041943,14.69,-14.42,2.76,7.607,5.761
117245,4.95,356.59807048,3.48687164,-35.0,-25.0,4.29,8.499,5.323
118268,4.03,359.82750994,6.86359373,148.49,-112.16,30.78,4.515,4.076
117927,6.22,358.78241335,7.07101644,21.77,-18.26,8.08,6.155,6.203
194,5.7,0.62398938,8.48557854,-93.55,-47.5,26.53,6.069,5.735
186,6.33,0.60069792,8.9568336,-0.87,-4.11,7.55,6.555,6.354
2548,5.69,8.09897908,6.95545461,45.91,3.54,12.36,5.679,5.696
1319,6.12,4.14190528,8.24018997,-28.01,-14.69,7.38,7.293,6.223
1645,5.38,5.14943435,8.19024803,-4.5,9.59,8.26,7.152,5.535
2235,6.05,7.08346734,10.1903414,32.79,-203.14,27.51,6.555,6.095
1196,6.02,3.7449237,8.8210228,97.67,-24.96,12.47,6.382,6.053
813,5.54,2.50910252,11.14580908,29.73,1.64,10.04,5.455,5.53
1465,6.07,4.57193855,11.20628336,-32.75,-28.6,7.28,7.385,6.174
1772,6.25,5.6060221,13.48243411,63.78,22.35,5.98,7.845,6.389
116771,4.13,354.98675133,5.62735374,376.32,-437.0,72.51,4.741,4.19
116918,5.89,355.48627544,7.25064591,-27.64,-40.94,9.64,6.02,5.912
117628,5.77,357.83856042,9.31350996,-9.84,-65.52,4.04,7.925,5.992
116768,5.99,354.97911505,9.67732079,89.12,-11.16,17.16,6.248,6.01
117020,5.09,355.84315202,10.33150851,4.93,11.4,3.99,7.289,5.291
117730,5.3,358.15465752,10.94732837,-22.23,-3.51,17.31,5.53,5.332
476,5.55,1.42473238,13.39628227,42.59,-6.51,8.75,6.68,5.646
1067,2.83,3.30895828,15.18361593,4.7,-8.24,9.79,2.585,2.803
117986,6.45,358.97763328,15.23030839,80.67,-7.22,4.37,8.423,6.673
3675,5.51,11.75594336,11.97393464,53.83,-35.12,12.45,6.767,5.618
4520,6.3,14.47714727,13.69587909,-5.97,-5.76,6.24,7.431,6.391
4382,6.46,14.03800933,13.95196746,-1.91,-2.86,6.51,7.693,6.577
5081,5.64,16.27229777,14.94600386,6.94,53.33,18.28,6.131,5.686
2832,6.32,8.97867189,13.20750244,-133.16,-179.03,26.59,6.923,6.379
2734,6.39,8.73086587,13.37126922,-74.19,-54.54,8.15,7.869,6.519
1948,6.48,6.15894159,14.31552048,15.07,-2.6,6.09,7.98,6.609
2903,5.89,9.19713232,15.23175994,0.91,-14.18,3.81,5.686,5.849
3632,5.36,11.63740001,15.47561194,-29.45,-44.22,5.55,7.429,5.593
3810,5.07,12.2446238,16.9411337,-2.33,-201.57,41.8,5.684,5.124
5483,6.07,17.54762035,15.67397125,20.41,-24.51,5.85,8.074,6.228
5778,5.97,18.53186747,16.13354221,-30.59,-26.18,6.52,5.851,5.948
6706,5.35,21.56366085,19.17232096,-26.8,10.16,38.35,5.796,5.392
6732,5.5,21.67352916,19.24056476,50.82,-58.73,10.63,6.925,5.622
6714,6.44,21.59817582,20.07090163,55.53,-40.07,10.71,7.646,6.549
6492,5.97,20.85396862,20.4689899,-5.59,-9.3,3.94,8.205,6.181
5454,5.57,17.45502008,19.6583854,-4.65,9.34,8.09,6.427,5.64
4267,5.8,13.64674999,19.18843611,11.05,-7.69,8.88,5.777,5.797
3685,6.11,11.80650093,19.57868622,107.75,6.66,9.35,6.434,6.144
4558,6.47,14.57874183,21.40450332,-9.65,-3.49,7.62,6.553,6.479
5310,5.56,16.98795829,20.73932115,85.43,-85.81,20.23,5.715,5.581
5571,4.66,17.86330901,21.03467568,41.66,-10.55,7.42,5.966,4.773
5132,5.55,16.42365838,21.46547318,53.93,-12.63,14.67,5.47,5.527
5131,5.33,16.42053152,21.4732162,44.3,-14.32,13.67,5.319,5.317
2178,6.44,6.87922939,16.02545897,89.8,9.88,7.7,6.723,6.465
2224,6.05,7.05288647,16.44510093,18.37,-14.57,2.93,8.126,6.237
2219,5.01,7.01185234,17.89307501,114.91,20.48,6.65,7.113,5.247
2213,6.4,6.99366564,19.51408099,-22.3,-17.33,6.12,7.654,6.501
2568,5.38,8.14750345,20.29443334,136.81,-48.1,12.69,6.751,5.488
729,5.57,2.2597423,18.21202529,140.93,-25.57,11.17,6.902,5.675
1168,4.79,3.65045047,20.2066972,90.66,1.88,10.01,6.837,4.985
1193,6.25,3.73279426,22.28425185,45.06,-11.0,9.18,6.24,6.246
3138,5.36,9.98147468,21.4385644,28.46,-28.51,7.94,6.734,5.487
4463,4.4,14.30178237,23.41775997,-43.72,-46.06,13.44,5.606,4.502
4288,5.46,13.74174956,23.62844595,137.06,-45.58,25.69,6.791,5.611
4317,6.19,13.81107289,24.55709613,23.51,-14.06,5.64,8.242,6.422
3693,4.08,11.83495908,24.26737703,-101.23,-81.89,17.98,5.51,4.216
4366,6.08,13.99384283,27.20935396,-19.87,11.09,11.94,6.244,6.09
2926,6.18,9.28000597,24.01424837,-18.57,-46.04,9.75,7.708,6.303
3269,6.06,10.39989696,24.62906534,104.68,-23.4,7.06,6.401,6.089
3885,5.55,12.47128657,27.71031105,86.54,-10.2,9.4,,
114641,5.85,348.36045184,11.06501583,-9.12,-5.97,9.72,7.119,5.964
115444,5.09,350.76898818,12.3139519,18.98,-17.15,9.88,6.797,5.23
115919,4.54,352.28858456,12.76049243,59.62,25.18,18.34,5.733,4.647
113963,2.49,346.1900702,15.20536786,61.1,-42.56,23.36,2.48,2.487
113994,6.43,346.27665583,16.56334967,-186.48,-210.97,24.78,7.549,6.533
114449,5.68,347.67759102,17.59443802,24.37,-27.28,6.45,7.418,5.831
116592,6.26,354.41525906,16.82550399,132.08,-3.6,8.97,6.288,6.259
116972,6.3,355.68253025,16.33569249,91.06,10.9,8.03,7.525,6.398
116611,5.49,354.48655342,18.40062425,48.52,17.61,13.65,5.493,5.483
117718,5.06,358.12205065,19.12037002,-6.42,-34.22,7.46,7.134,5.264
115407,6.28,350.66875148,20.82874369,19.01,-11.28,6.69,6.242,6.281
116307,6.1,353.48124572,20.84097045,-12.3,-15.15,3.13,8.28,6.329
116264,5.33,353.36703214,22.49881721,9.54,-17.48,5.67,7.322,5.58
113131,6.39,343.64840834,16.94185315,15.09,-8.01,3.37,8.698,6.655
112997,5.86,343.25949461,16.84126106,-20.97,-27.59,10.33,7.346,6.012
114081,6.16,346.57500937,18.51761428,224.28,62.18,23.16,6.709,6.208
114686,6.47,348.49726566,19.63391636,27.18,-7.35,4.1,7.966,6.607
114096,6.44,346.6321134,19.91084131,287.21,4.75,35.32,7.089,6.501
114189,5.97,346.86936478,21.13437231,107.88,-50.08,25.04,6.264,5.989
112358,6.27,341.36746971,19.3664202,-26.07,58.04,9.29,7.622,6.383
111810,5.84,339.71924203,19.52249181,-45.17,-94.22,8.55,7.009,5.945
111884,6.33,339.94588694,19.68114862,-2.07,-9.71,5.13,6.372,6.334
113357,5.45,344.36604441,20.7686841,208.06,60.96,65.1,6.268,5.524
114742,6.36,348.65174653,24.10288514,113.84,5.31,6.47,7.859,6.48
115915,6.45,352.27374695,23.04829,-34.14,-84.94,6.27,7.854,6.576
115623,4.42,351.3444225,23.40401243,193.12,36.47,18.83,5.16,4.495
116187,6.41,353.12096374,23.84367517,-2.02,-27.06,4.7,8.367,6.575
116465,6.44,353.98308975,24.56098741,0.95,10.17,2.6,8.653,6.642
115250,4.58,350.1592632,23.7403592,30.48,-9.14,19.5,4.803,4.609
115806,5.99,351.91820403,25.1673687,27.28,-36.06,8.89,5.908,5.98
115389,6.38,350.61907358,25.91850998,2.24,-10.96,3.02,8.413,6.552
114155,4.76,346.77807997,25.46833959,0.26,-33.31,6.07,6.434,4.905
114526,6.19,347.95547912,26.84757838,-190.51,-111.14,13.48,7.384,6.305
114607,6.34,348.26669268,29.44162201,-30.41,-40.03,7.73,7.515,6.448
114725,6.41,348.59050295,29.77185,-5.74,-7.61,8.87,6.945,6.458
117710,6.13,358.09759194,21.67111367,-50.39,-5.88,5.96,8.22,6.315
118048,6.18,359.17298182,22.64810699,-22.89,-6.47,5.41,8.291,6.363
716,6.24,2.21695394,25.46285169,104.61,54.77,7.78,7.488,6.355
118131,4.63,359.43979002,25.14147936,-36.06,-32.25,7.54,6.681,4.837
34,6.43,0.09946973,26.91823821,42.2,-53.47,12.71,7.04,6.491
399,6.25,1.23302998,26.64879958,112.32,-14.52,5.34,8.045,6.41
171,5.8,0.54018776,27.08448905,778.59,-918.72,80.63,,
410,6.47,1.25472644,27.67479979,83.36,-6.57,7.63,7.669,6.574
1076,6.24,3.34972158,26.98762497,-15.68,-32.71,8.08,7.087,6.344
1215,6.35,3.79397762,27.28347715,14.69,-15.37,7.92,6.342,6.346
2583,6.26,8.20454088,28.28022584,-4.2,6.08,6.95,7.504,6.384
3031,4.34,9.63958024,29.312369,-229.41,-254.08,19.34,5.439,4.447
3092,3.27,9.83165567,30.86122579,115.38,-83.05,32.19,4.945,3.419
2355,5.2,7.53056566,29.75169567,43.56,-57.18,17.62,5.532,5.245
728,6.47,2.25065511,28.24755645,5.9,-5.62,8.65,6.771,6.498
677,2.07,2.09653333,29.09082805,135.68,-162.95,33.6,2.003,2.05
544,6.07,1.65221045,29.02193518,379.94,-178.34,72.98,7.008,6.155
1208,6.34,3.77886512,31.53573771,33.23,-5.37,2.47,8.387,6.516
1630,5.89,5.10163324,30.93561514,15.27,-0.64,5.6,5.742,5.86
1493,5.88,4.65924059,31.51723388,58.09,-2.91,6.0,5.858,5.874
1657,5.79,5.18974442,32.91122853,-29.44,-17.29,5.05,7.915,5.996
1123,6.22,3.50952703,33.20608481,-7.7,-18.77,11.13,6.231,6.222
116119,6.41,352.92937294,28.40352227,-29.93,-13.78,6.78,6.441,6.408
117500,5.95,357.41396883,28.84232813,62.75,25.01,12.22,6.196,5.981
117073,4.93,355.99765846,29.36155278,71.44,-40.78,13.91,6.12,5.038
115271,5.58,350.20626846,30.4150884,77.44,-68.83,7.49,7.562,5.755
115591,5.56,351.21175378,32.38487495,16.51,2.76,6.44,5.459,5.546
116310,4.97,353.48813881,31.32532196,50.22,-18.45,5.95,6.79,5.141
116505,6.35,354.12715115,32.9041973,-5.58,7.12,12.99,6.899,6.394
116355,5.63,353.65919426,33.4972759,-4.54,21.66,10.68,6.964,5.745
118281,5.81,359.87222432,33.72413297,-59.03,-104.99,34.47,,
394,6.09,1.22172791,34.65955259,769.11,100.49,27.18,6.87,6.176
699,6.21,2.17092314,36.62742794,-114.72,-124.6,30.26,6.808,6.271
117503,5.86,357.42066699,36.42539712,0.2,-47.81,7.41,6.868,5.96
27955,5.55,88.71872485,-39.95790952,-12.71,21.58,6.41,7.528,5.739
28010,4.97,88.87454313,-37.12060931,36.65,-24.08,9.93,6.376,5.086
29034,5.0,91.88180046,-37.25292114,0.9,0.3,4.28,4.873,4.983
29807,4.37,94.13806399,-35.14073157,0.39,87.58,17.83,5.631,4.478
28855,5.8,91.36320378,-35.51368651,13.88,16.09,12.4,5.829,5.8
28992,5.82,91.76528547,-34.31202171,2.83,0.44,3.1,5.675,5.829
27766,5.62,88.13817716,-37.63099079,30.75,-29.76,10.14,6.957,5.737
28199,4.36,89.38421613,-35.28330688,-2.65,11.19,3.82,4.149,4.333
27628,3.12,87.7398034,-35.76929225,55.74,404.68,37.94,4.627,3.242
27325,6.29,86.82787287,-35.67422033,-3.71,59.87,6.38,7.86,6.421
26868,5.29,85.56329561,-34.66793677,5.06,51.3,8.99,5.244,5.282
28524,5.54,90.31789213,-33.91177131,5.44,-26.39,5.87,7.599,5.719
28756,5.65,91.08448552,-32.17272393,-15.62,120.75,3.01,5.397,5.612
27810,4.88,88.2786848,-33.8014395,-4.52,32.4,9.55,4.696,4.849
28138,6.44,89.20418412,-31.97627815,3.25,12.68,4.2,7.818,6.551
28098,5.52,89.08726177,-31.38245487,1.39,5.94,2.23,5.982,5.564
30069,5.76,94.92063879,-34.39659537,4.39,1.84,8.24,5.649,5.742
30143,5.55,95.15099685,-34.14419295,0.42,19.94,1.62,5.295,5.506
30277,3.85,95.52852147,-33.43627251,-24.19,-52.48,13.75,4.939,3.943
31086,6.31,97.85002981,-32.86856538,-17.02,6.94,3.3,8.495,6.53
30788,4.47,97.04257272,-32.58012947,-13.78,24.24,8.03,4.269,4.446
30840,5.74,97.16351878,-32.37129738,-2.14,7.55,3.96,5.54,5.724
30376,6.31,95.81043243,-31.79031451,-43.21,0.81,9.81,7.445,6.417
31190,5.73,98.16241008,-32.03045378,-2.84,2.87,3.89,5.475,5.683
31870,5.7,99.92777365,-30.47002424,-7.33,-191.92,13.54,7.173,5.834
30122,3.02,95.07827982,-30.06337656,8.0,3.81,9.7,2.803,2.988
28899,5.79,91.52304862,-29.75852227,10.94,-41.69,12.25,5.838,5.793
30503,6.37,96.18328956,-28.77981914,-164.83,-120.68,45.38,7.141,6.439
31037,5.92,97.69288857,-27.7695891,-7.55,5.87,2.89,5.707,5.889
30711,6.05,96.79782098,-25.85597162,-171.52,-215.83,33.48,6.698,6.117
30436,5.61,95.98297443,-25.57752992,3.57,-40.92,4.68,7.65,5.791
26634,2.65,84.91224975,-34.07404941,-0.1,-24.05,12.16,2.541,2.643
26796,6.35,85.36217359,-33.4007116,4.96,-12.26,7.55,6.301,6.34
27204,5.18,86.49955386,-32.30637997,3.01,-22.62,2.52,4.816,5.121
26649,5.44,84.95771446,-32.62913912,-15.92,-31.62,8.54,6.6,5.537
26219,5.76,83.81439488,-33.08000909,28.7,117.16,10.28,7.196,5.882
27705,6.47,87.99828407,-29.44939942,-1.57,-10.96,4.7,8.364,6.621
27901,6.34,88.5585207,-29.14710228,-32.6,-42.55,17.84,6.781,6.384
26862,6.18,85.54826244,-30.53546199,-5.74,8.08,5.76,6.202,6.177
27303,6.22,86.76908719,-28.6389386,-5.31,10.32,5.4,6.043,6.195
26460,5.28,84.43601282,-28.68979391,-37.99,42.58,23.54,5.844,5.332
26309,6.26,84.04282744,-28.70800575,25.52,-3.92,17.68,6.457,6.282
26412,6.15,84.31872154,-27.87119898,20.78,-67.08,22.44,6.52,6.181
29294,5.72,92.64452684,-27.15420421,-9.1,-57.18,9.84,7.085,5.822
28675,5.03,90.81483793,-26.28475048,66.18,84.77,8.41,6.777,5.188
28520,6.04,90.304605,-25.41771238,-12.13,-20.7,8.99,6.084,6.054
29233,6.27,92.44648871,-26.70111783,-17.97,13.09,7.49,7.557,6.39
29347,6.08,92.80690013,-26.4821137,0.82,5.42,4.83,6.042,6.07
29568,6.37,93.43885743,-23.86220749,-47.06,110.9,59.9,7.237,6.445
28943,5.46,91.63376334,-23.11077641,-10.39,-28.58,6.86,5.549,5.469
29234,5.71,92.44961008,-22.77449062,87.66,60.76,18.48,6.229,5.761
27670,6.16,87.86923616,-22.92684343,-4.02,-42.45,7.36,7.448,6.268
27533,5.87,87.47295636,-22.97192372,-15.31,21.41,5.34,5.932,5.871
28118,6.37,89.14345845,-23.21538334,12.62,30.02,6.53,7.734,6.483
29150,5.49,92.24111381,-22.42728352,-3.85,-52.83,12.77,5.478,5.482
28984,5.74,91.7396542,-21.81229045,-6.12,-3.67,3.5,7.836,5.97
28085,5.95,89.05915111,-22.84005515,117.77,32.79,11.18,7.397,6.08
32322,6.43,101.21648345,-27.34238072,-6.18,293.89,37.6,7.067,6.499
33040,6.33,103.25127657,-26.95747344,-9.4,-65.27,3.93,8.239,6.586
33575,5.59,104.64959747,-25.41416976,-6.65,5.27,3.13,5.372,5.56
33804,5.64,105.27478853,-25.21564581,-4.58,4.65,3.17,5.419,5.608
33478,5.45,104.39153761,-24.63105594,-96.27,88.42,25.94,5.893,5.494
33977,3.02,105.75613986,-23.83330131,-1.56,4.28,1.27,2.926,3.026
32827,6.32,102.65400772,-25.77840876,-4.2,6.08,2.71,6.074,6.287
33126,6.23,103.4810651,-24.53875948,-4.22,1.44,6.91,6.244,6.227
33152,3.89,103.53314518,-24.18422296,-3.46,5.02,1.65,6.143,4.04
32744,6.31,102.4333394,-24.07603332,0.99,-13.59,5.58,6.256,6.196
33316,5.29,103.94554133,-22.9414495,-3.24,4.18,1.51,5.093,5.276
31859,6.05,99.90092445,-23.69564336,4.4,-7.84,5.31,6.017,6.043
31736,6.48,99.59545789,-23.58030165,-1.9,-8.14,4.89,7.305,6.563
31125,4.34,97.96403433,-23.41843727,-2.72,6.45,1.59,4.038,4.296
31416,4.54,98.76408302,-22.96483318,13.11,16.52,7.92,4.501,4.525
32368,6.04,101.34740523,-23.46248865,-19.7,23.38,6.63,7.593,6.17
32144,6.26,100.69199298,-22.4488355,-54.07,100.9,20.45,6.621,6.269
31593,6.35,99.17112193,-22.61475069,-8.05,7.74,4.34,6.179,6.313
31469,6.32,98.87838592,-22.10900153,9.62,-21.39,6.35,7.632,6.428
32504,6.07,101.75621912,-21.01541689,-15.17,6.24,4.88,5.862,6.044
34360,5.75,106.8441212,-23.84073435,-2.55,5.11,1.1,5.603,5.739
34940,6.34,108.45161454,-22.90578603,-3.57,3.19,2.07,6.109,6.313
34914,5.99,108.35003994,-22.67414589,24.69,-39.1,4.18,7.929,6.15
34142,6.09,106.19601008,-22.03160173,14.49,-35.48,9.89,7.682,6.218
33666,6.26,104.91356967,-21.60289593,-2.93,4.87,2.33,6.027,6.215
34758,5.84,107.92337859,-20.88311563,-9.3,21.62,6.67,5.789,5.83
35727,4.94,110.55637515,-19.01658444,-1.66,-6.43,6.31,4.891,4.952
35975,6.24,111.21201745,-19.01228875,-3.04,3.83,1.83,6.592,6.308
35442,6.06,109.75800519,-19.28031128,-2.47,3.06,-0.44,6.792,6.163
33092,4.82,103.38712732,-20.22426366,-5.14,4.07,2.02,4.547,4.785
33248,5.8,103.76140934,-20.40485094,0.38,-10.35,5.39,5.853,5.8
33302,4.66,103.90582904,-20.13659348,51.35,39.75,34.21,5.113,4.722
33703,6.32,105.03452285,-20.15843758,-5.93,5.26,2.73,6.14,6.289
33077,5.65,103.32851233,-19.03277877,-48.87,6.49,9.9,5.984,5.684
33079,6.13,103.34102903,-18.93292926,-9.98,35.16,7.12,6.338,6.149
33347,4.36,104.03427636,-17.05424675,-2.46,1.91,1.06,4.292,4.377
34617,6.23,107.53898709,-18.68559657,11.68,-16.71,20.08,6.696,6.267
34561,6.0,107.3890235,-16.23450762,-1.28,-0.58,-0.09,6.056,6.057
34045,4.11,105.93955493,-15.63325876,-0.81,-11.2,8.11,3.96,4.086
30141,6.49,95.14654493,-23.63780374,-20.73,-65.68,5.1,7.95,6.616
29843,6.05,94.26466059,-22.71460054,127.42,-258.64,25.06,6.746,6.126
30062,6.29,94.90913958,-22.10314387,-37.05,10.28,4.16,8.205,6.437
30011,5.79,94.74573891,-20.92562047,-3.32,3.9,1.77,5.579,5.751
31266,6.39,98.36118059,-20.92389414,-17.73,-27.54,8.85,7.407,6.487
31592,3.95,99.17082883,-19.25570928,62.32,-69.91,50.41,5.316,4.07
30988,6.44,97.54922429,-19.21483605,6.41,-21.99,2.59,8.627,6.64
31564,5.71,99.09524032,-18.65994454,-11.82,16.82,11.79,6.749,5.79
31700,4.42,99.47260802,-18.23745713,-6.86,-8.47,7.03,5.924,4.562
29941,5.51,94.55721559,-19.96699189,-5.84,7.22,3.28,5.288,5.477
29679,5.88,93.78500463,-20.27226037,2.37,30.66,3.51,7.58,6.022
29048,5.28,91.92345906,-19.16600403,12.79,56.67,4.59,7.435,5.475
29692,5.99,93.82379533,-18.47701325,19.43,-61.46,15.66,7.341,6.102
29178,6.36,92.334149,-18.12633349,3.51,-21.33,7.96,6.305,6.352
30324,1.98,95.6749475,-17.95591658,-3.45,-0.47,6.53,1.747,1.933
30836,5.76,97.15587229,-17.46603282,16.89,9.83,7.69,7.203,5.888
32349,-1.44,101.28854105,-16.71314306,-546.01,-1223.08,379.21,,
29895,5.15,94.42388578,-16.81591325,-14.87,2.07,5.75,6.815,5.292
29771,5.97,94.03206851,-16.61800865,-9.19,0.9,3.9,5.749,5.942
30420,6.27,95.94226257,-15.07126137,0.07,1.77,2.07,8.236,6.414
32809,5.77,102.59072133,-17.08455798,-6.8,1.27,2.1,7.616,5.939
31758,6.01,99.64763095,-16.87348646,-8.37,-24.83,7.08,6.056,6.016
32411,5.3,101.49750507,-14.79608441,-11.02,-17.63,8.19,5.384,5.308
32677,5.39,102.24057628,-15.14471091,-0.56,-6.04,5.37,5.277,5.381
32492,5.28,101.7128908,-14.42599569,-3.14,10.24,5.08,5.244,5.275
33345,5.0,104.0276949,-14.04344644,-1.7,6.89,3.59,6.401,5.091
31827,4.82,99.81965168,-14.14574673,4.58,-7.0,2.07,6.777,4.993
30669,6.32,96.67773299,-14.60340061,2.24,-11.68,5.82,7.912,6.437
31599,5.95,99.19416835,-13.32097688,-2.16,-24.25,4.24,8.007,6.131
31674,6.11,99.41994734,-12.98481239,9.26,-124.82,11.75,7.369,6.22
31024,6.16,97.64536676,-13.14817605,-4.86,1.45,2.84,,
33160,4.08,103.54783633,-12.03859273,-139.04,-14.47,12.94,5.955,4.24
32474,5.66,101.66259605,-10.10736196,-10.77,0.77,6.09,5.602,5.649
25180,6.49,80.79991836,-26.70548911,21.51,22.95,19.08,7.072,6.543
24831,5.98,79.84869643,-27.3688642,-3.46,-8.09,7.31,5.944,5.971
24505,5.06,78.85152247,-26.94343723,10.88,-29.41,11.98,4.969,5.047
24114,6.4,77.68580376,-25.91052699,-1.45,26.48,4.5,8.013,6.535
25045,5.06,80.44278196,-24.77294996,-20.55,-12.99,11.09,5.83,5.089
23668,5.71,76.31745462,-26.15223983,10.48,-62.1,13.58,7.219,5.837
23430,5.01,75.54069171,-26.27484321,85.79,-76.63,13.45,6.381,5.129
23554,5.61,75.97189741,-24.38805735,25.69,-38.42,16.65,5.721,5.599
23474,5.74,75.68726911,-22.79508768,61.22,14.58,6.22,7.298,5.875
24927,4.7,80.11213225,-21.23973932,10.78,-9.91,7.11,4.672,4.724
23685,3.19,76.36521705,-22.37085673,19.27,-72.35,14.39,5.116,3.351
27072,3.59,86.11656241,-22.44748663,-292.42,-368.45,111.49,4.18,3.65
26865,5.88,85.5581599,-22.37373687,-0.16,8.88,4.26,5.975,5.886
27654,3.76,87.82980343,-20.87751376,228.96,-647.96,29.05,5.029,3.889
27075,6.34,86.11835896,-20.1266631,-18.24,37.05,39.15,7.036,6.407
26966,5.73,85.84024542,-18.55744324,18.45,-13.2,14.45,5.716,5.729
25532,6.08,81.9020376,-21.37579099,18.41,32.16,8.59,7.393,6.185
25853,5.53,82.7817652,-20.86355455,5.07,-43.02,12.0,5.546,5.534
25606,2.81,82.06135971,-20.75923214,-5.03,-85.92,20.49,3.868,2.925
25397,5.78,81.49926259,-19.69535296,3.43,-19.06,23.24,6.324,5.868
24825,6.37,79.82264928,-18.51994134,2.26,8.98,4.12,6.175,6.329
26602,6.4,84.81761707,-17.8494151,-6.97,2.78,2.5,6.274,6.384
26866,6.15,85.56036023,-17.53038891,-16.77,5.16,5.46,7.954,6.3
26821,6.22,85.42297149,-16.72584331,-3.83,5.38,2.67,6.033,6.189
25985,2.58,83.18255798,-17.82229227,3.27,1.54,2.54,2.879,2.62
22086,5.72,71.26729443,-21.28334113,16.86,-17.14,5.2,7.642,5.872
23362,4.91,75.35649111,-20.05188078,36.68,-15.47,15.6,4.84,4.89
23818,6.47,76.79074687,-19.39252388,-41.74,269.68,26.44,7.271,6.533
21763,4.32,70.11039135,-19.67125686,28.21,-97.09,9.03,6.395,4.527
21363,6.12,68.75269677,-19.92152085,103.0,56.28,9.88,7.639,6.254
22028,5.53,71.033124,-18.66654311,52.09,-17.64,11.06,5.565,5.53
22860,5.71,73.77841969,-16.74064825,4.88,-8.94,6.85,6.887,5.801
22881,5.71,73.82767537,-16.41785525,11.79,36.48,11.3,6.803,5.815
23166,5.65,74.75599103,-16.37633681,-121.61,127.52,23.17,6.181,5.721
22263,5.49,71.90088443,-16.93486728,130.41,169.2,75.1,6.267,5.557
22325,5.76,72.13553607,-16.32958093,7.09,39.68,24.06,6.406,5.821
22479,5.03,72.54828803,-16.21728342,44.95,51.26,13.4,6.304,5.142
24786,5.96,79.7093162,-18.13019946,385.0,61.32,40.11,6.651,6.023
25059,6.47,80.480442,-17.60364666,6.06,6.33,7.07,8.031,6.602
25280,5.64,81.11861918,-16.97574213,34.67,-15.86,14.84,5.641,5.644
24305,3.29,78.2328046,-16.20542901,45.66,-16.13,17.69,3.162,3.269
25202,5.25,80.8756493,-13.92734983,1.07,-0.92,1.8,4.964,5.201
23908,6.38,77.05524386,-15.09535837,-1.82,1.87,4.59,7.512,6.492
24394,6.22,78.49975985,-14.60686727,11.49,-1.83,13.31,6.669,6.267
23060,6.15,74.43618811,-14.23189027,-0.23,-12.22,3.28,5.87,6.112
23551,6.42,75.96718238,-14.37023813,1.23,3.12,2.47,6.17,6.383
23777,6.04,76.65304818,-13.12265846,20.17,14.81,8.98,6.003,6.041
24679,5.48,79.41769273,-13.51970778,-7.59,-48.49,20.69,6.684,5.591
24845,4.29,79.89385817,-13.17677698,-2.49,-4.74,3.03,3.975,4.246
24327,4.36,78.30785422,-12.94128833,-12.22,-1.32,5.83,4.301,4.411
24873,5.29,79.99596151,-12.31560456,-12.12,7.97,9.83,5.147,5.268
23874,6.33,76.95758678,-12.59244155,-21.91,-88.9,4.27,8.446,6.54
23831,5.97,76.853675,-12.49100914,136.07,-107.12,27.6,6.702,6.029
24244,4.45,78.07453075,-11.86914287,24.95,-31.22,13.53,4.34,4.447
24169,5.6,77.84521813,-11.84922715,31.76,56.93,7.3,7.422,5.84
24560,6.45,79.04399535,-11.35256415,-0.3,4.45,3.89,7.263,6.532
28816,4.92,91.24638576,-16.48442713,-5.57,-3.17,3.05,5.197,4.992
29993,6.04,94.7032932,-15.02499416,0.99,16.67,4.42,8.219,6.247
29735,5.0,93.93699498,-13.71838696,12.26,-11.08,8.7,4.903,4.99
28910,4.67,91.53889172,-14.93528629,-16.87,13.16,19.14,4.727,4.674
29205,5.56,92.39389063,-14.58469045,-15.74,29.55,15.35,7.038,5.685
28622,6.2,90.6408553,-14.49718594,11.71,11.83,7.52,7.385,6.294
27308,6.18,86.78254305,-16.23805509,-9.13,-9.69,4.91,7.294,6.259
28103,3.71,89.10132627,-14.16803805,-42.23,139.02,66.47,4.108,3.751
27517,5.49,87.4023119,-14.48354987,-20.98,-47.58,10.51,6.528,5.551
27288,3.55,86.73895728,-14.82194717,-14.84,-1.18,46.47,3.686,3.557
28434,6.21,90.07359834,-12.89991193,-6.53,-50.29,16.7,6.619,6.241
27938,5.62,88.68160633,-11.77426082,75.57,28.25,4.37,7.631,5.8
28574,4.92,90.46010757,-10.59793918,-6.88,3.59,3.33,4.841,4.976
30468,6.12,96.0857525,-12.9619484,-3.3,3.65,1.7,6.014,6.111
31084,5.16,97.84591544,-12.39190922,42.1,-17.87,9.51,6.808,5.302
30190,6.32,95.27262116,-11.81732932,3.02,1.98,2.49,8.551,6.528
30214,5.48,95.35299081,-11.77324372,-4.25,2.37,1.95,5.557,5.583
30457,5.21,96.04313846,-11.53000982,-55.56,-32.11,7.76,6.813,5.349
30407,6.11,95.89966506,-9.87473901,-2.82,4.8,1.59,8.495,6.369
31205,6.3,98.19534629,-11.16639661,-15.95,6.22,8.25,7.703,6.385
32064,5.21,100.48485939,-9.16742468,34.99,-46.05,8.63,7.197,5.384
30986,5.92,97.54700158,-10.08150589,-7.27,-2.27,0.52,7.683,6.07
31121,5.43,97.95861449,-8.15818115,-9.21,-22.16,3.75,7.19,5.574
29996,5.36,94.71075178,-9.38996323,4.34,-22.68,6.38,6.974,5.499
29705,6.09,93.85898495,-9.0357511,-13.31,-2.47,4.27,5.986,6.072
28854,5.88,91.36258158,-10.24265912,21.43,26.03,16.96,6.303,5.92
30028,6.22,94.78309489,-8.58601705,-19.59,2.21,8.17,6.161,6.22
30073,5.27,94.92833719,-7.82291023,-4.31,0.7,3.96,5.023,5.228
30608,6.4,96.4951186,-7.89497456,-0.36,-3.51,5.86,6.581,6.427
30675,6.35,96.6868717,-7.51190723,4.54,-11.8,7.97,6.276,6.321
30867,3.76,97.20447548,-7.03305042,-7.0,-4.97,4.72,3.6,3.742
25486,6.3,81.76980376,-11.90084379,17.19,-49.3,37.26,6.954,6.362
26395,6.1,84.28650077,-11.77546037,20.52,-22.66,15.14,6.167,6.101
26728,6.46,85.19246778,-10.4086637,-1.59,-0.03,6.08,6.296,6.442
27341,6.04,86.86207374,-10.53291673,-11.46,-16.97,4.99,6.217,6.069
28325,5.04,89.76794851,-9.55813955,8.45,-45.52,9.93,5.263,5.056
27713,5.95,88.03221102,-9.04197853,-2.97,32.31,8.6,6.07,5.973
27366,2.07,86.93911641,-9.66960186,1.55,-1.2,4.52,1.906,2.037
26623,6.49,84.87849027,-9.7066069,5.51,-8.86,5.76,6.35,6.467
25329,5.6,81.25725926,-10.3288454,3.16,-17.09,5.13,7.625,5.772
25187,5.99,80.82713053,-8.41558811,-1.73,-2.91,6.61,5.907,5.967
25247,4.13,80.98681839,-7.80795569,-13.91,-44.8,18.71,5.357,4.244
26563,4.77,84.72121589,-7.21270844,-15.0,-49.55,21.24,4.956,4.8
26926,5.97,85.72461574,-6.79631491,12.26,60.59,19.94,6.477,6.017
25923,4.62,82.98275119,-7.30152625,-0.54,-4.44,2.11,4.282,4.572
26104,6.45,83.51033175,-7.02365188,-12.36,-40.49,5.12,7.886,6.572
25786,6.33,82.5864708,-7.43481174,0.66,0.18,2.68,6.077,6.295
25869,6.23,82.83705135,-6.70838162,1.62,1.13,1.85,5.991,6.181
26535,5.96,84.65821979,-6.57395768,0.39,-0.42,2.08,5.671,5.919
26345,5.71,84.14872314,-6.06475248,0.0,0.35,1.7,5.424,5.678
26197,5.67,83.75419279,-6.00926927,1.02,-0.27,0.55,5.369,5.606
26199,4.78,83.76117163,-6.00202867,0.59,0.68,1.75,4.455,4.724
26241,2.75,83.85825475,-5.90989984,2.27,-0.62,2.46,2.499,2.74
26427,6.03,84.36398372,-5.93838575,2.51,-2.18,2.4,5.75,5.992
26235,4.98,83.84541591,-5.41606331,1.68,1.5,1.72,4.881,4.902
26221,5.13,83.81860863,-5.38969624,-0.92,0.13,-1.85,,
26220,4.98,83.81592896,-5.38731536,-0.92,0.13,-1.85,,
28321,6.15,89.75445275,-9.38225809,18.42,14.21,10.32,6.54,6.189
29140,6.46,92.19883451,-6.82139251,-30.2,8.07,8.98,7.569,6.566
28744,5.19,91.05626466,-6.7089502,-3.55,3.62,3.55,5.15,5.243
27658,5.36,87.84159736,-7.51800251,0.75,-0.18,1.94,5.096,5.32
29323,6.15,92.75506934,-6.75419311,-4.68,-11.56,5.91,,6.172
29417,5.06,92.96590078,-6.55028276,-3.54,-1.83,2.71,4.804,5.026
29651,3.99,93.71390194,-6.27472737,-6.18,-20.06,5.06,5.712,4.129
29210,6.16,92.40089482,-5.71143334,64.76,1.8,16.39,6.572,6.2
29711,5.99,93.8735826,-4.91463574,22.68,-34.41,15.03,6.113,6.013
29629,5.83,93.65294439,-4.56846315,-6.5,2.35,5.28,5.624,5.804
28949,5.37,91.66141788,-4.1938248,-6.79,-4.65,1.53,5.206,5.346
29401,6.18,92.93216682,-4.66543156,-7.12,-3.38,5.52,6.092,6.189
29575,5.83,93.47601857,-3.74142288,-18.42,20.25,10.36,6.995,5.931
28019,6.28,88.89740347,-4.78851544,-13.93,-29.49,10.17,6.348,6.282
28011,5.87,88.87564797,-4.61649597,27.05,-20.54,10.71,7.371,5.998
27212,6.24,86.51192813,-4.26831821,9.51,-68.35,8.78,7.517,6.325
26477,6.16,84.47244552,-4.81403616,-2.46,0.87,2.91,6.119,6.179
27435,5.97,87.14543446,-4.09408727,62.39,-230.65,64.25,,6.39
28413,4.53,90.01393918,-3.07407681,6.87,-72.71,7.77,6.11,4.67
28252,6.21,89.54876554,-0.99396796,11.25,-20.58,8.16,7.697,6.325
36186,5.6,111.78329832,-17.86486511,-3.27,1.56,11.63,5.993,5.653
37289,6.4,114.85081931,-16.84725474,0.13,-15.29,4.89,8.321,6.557
35951,5.18,111.16745993,-16.20142374,-4.65,-20.15,3.45,5.151,5.192
36395,6.05,112.34156903,-14.99809455,-187.77,-231.28,29.31,6.522,6.025
37379,4.98,115.09671685,-15.26385208,-2.27,-28.04,4.82,7.012,5.149
38206,6.34,117.41657954,-14.08535729,-5.81,-0.9,3.47,8.553,6.55
37843,6.06,116.37142428,-14.69048507,-15.08,-21.41,9.09,6.095,6.049
37891,5.03,116.48698643,-14.56382026,-11.17,6.28,13.8,5.43,5.078
36981,5.66,114.01623979,-14.49277322,-6.29,0.88,1.97,5.57,5.649
36773,4.82,113.44986614,-14.52390109,-7.73,3.62,0.97,6.724,5.118
36736,6.21,113.34244701,-14.33830668,-3.5,-0.1,2.16,6.125,6.197
35487,5.7,109.86700585,-16.39491266,165.37,-136.41,22.71,6.119,5.754
35180,5.46,109.06075146,-15.58565483,-44.29,-14.07,11.79,5.563,5.463
35615,5.59,110.24288294,-14.36048847,-10.5,-0.35,5.86,6.799,5.689
35998,5.79,111.28515547,-13.75197556,-202.9,-0.91,28.72,6.273,5.83
36251,5.79,111.96526084,-11.55686168,-2.13,-2.31,3.23,6.558,5.925
36396,5.75,112.34212843,-10.326657,-6.96,-2.73,3.52,7.837,5.919
38382,5.16,117.94309895,-13.89719057,-68.46,-344.83,59.98,5.911,5.232
38184,6.23,117.37003744,-13.35292144,-2.38,-10.94,1.74,6.125,6.216
38372,6.37,117.92035359,-12.81939332,8.25,-4.96,13.37,6.816,6.41
37951,6.39,116.68633286,-12.67531262,-10.32,-0.08,3.39,6.381,6.39
38048,5.48,116.98659214,-12.19289276,-104.67,77.39,33.06,6.171,5.672
38307,6.16,117.73016385,-11.12852084,-0.88,-33.2,7.93,7.618,6.283
39675,6.25,121.61423328,-9.24446994,-5.84,5.19,4.11,6.173,6.206
37375,6.43,115.08758062,-11.75251794,-8.32,-14.0,6.06,8.04,6.562
38253,5.6,117.54406881,-9.1834416,0.02,0.1,2.32,7.502,5.773
37447,3.94,115.31198612,-9.55108315,-74.8,-19.64,22.61,5.263,4.056
37000,6.27,114.06945503,-8.31131007,46.4,3.17,5.26,8.28,6.462
37394,6.01,115.14796501,-8.18535824,21.28,-29.37,10.51,6.207,6.041
37901,5.49,116.50900614,-6.77228458,48.91,-93.07,13.68,7.292,5.661
38474,5.76,118.19946278,-5.42818693,-21.36,-28.8,24.45,6.248,5.812
34297,6.48,106.64986453,-12.39395311,-3.72,1.75,0.66,6.324,6.466
34888,5.77,108.27998092,-11.2513606,-2.75,8.04,4.93,7.729,5.938
34301,5.41,106.6698695,-11.29401875,-3.27,1.96,1.15,5.413,5.421
34234,6.5,106.45684067,-10.6600828,-2.65,1.21,0.92,6.375,6.466
34536,6.23,107.33437727,-10.34657429,-0.64,3.68,0.56,6.205,6.23
35127,5.95,108.93009963,-10.58360286,29.2,-1.01,8.12,7.45,6.072
35707,6.42,110.50853709,-8.97941188,9.39,14.23,-0.81,6.165,6.383
34999,6.02,108.61773082,-10.31624854,-3.85,1.55,1.34,5.781,5.979
34982,5.9,108.56467751,-9.94753938,-4.69,2.8,1.39,7.892,6.076
34066,6.44,105.98941087,-10.12376711,-5.44,0.71,2.56,6.348,6.427
33754,6.49,105.1639126,-9.20297055,-0.87,1.64,1.11,6.68,6.532
33729,5.95,105.09900277,-8.40682482,-7.18,1.69,2.97,5.853,5.931
33420,6.31,104.25040195,-8.17926621,-2.05,-11.84,3.57,7.078,6.407
36640,5.9,113.02423825,-8.88091851,-92.2,-167.52,33.4,6.55,5.984
36399,5.86,112.35670842,-7.55147431,50.78,125.93,35.95,6.429,5.92
36055,5.98,111.46334907,-5.77495377,-6.02,-2.92,1.72,7.145,6.075
36526,6.24,112.71307331,-5.22648597,-6.36,-3.18,0.39,7.777,6.363
37088,5.14,114.31971063,-4.1110225,-67.41,17.74,16.11,5.668,5.186
35301,6.29,109.38198949,-6.6800262,-25.31,12.09,1.93,8.423,6.49
35749,5.83,110.60582057,-5.98280807,-12.53,-8.44,3.59,6.245,5.872
34622,4.91,107.55700787,-4.23763568,0.0,217.85,15.45,6.21,5.032
34975,5.8,108.54529505,-3.90175914,-34.21,-8.09,5.32,8.04,6.149
36388,5.6,112.32781398,-1.90530704,-11.58,-9.0,2.0,7.551,5.758
35737,6.23,110.5774652,-2.97915985,-0.72,-6.33,5.52,7.067,6.318
41080,5.92,125.72542177,-7.54313579,-9.84,6.28,3.92,8.053,6.125
40107,5.36,122.88762397,-7.77247623,-42.98,-25.84,10.32,6.502,5.446
41036,6.14,125.62582952,-6.17915957,-59.21,0.8,15.36,6.425,6.174
40859,6.12,125.07088469,-5.32982448,14.92,-43.27,6.32,7.843,6.253
41214,6.03,126.15175238,-4.71686289,25.73,-56.3,15.46,6.581,6.076
41375,5.6,126.61345247,-3.98729976,-34.28,-73.76,18.83,5.861,5.617
41307,3.91,126.41529546,-3.90636482,-66.05,-24.2,26.09,3.891,3.886
41211,5.61,126.14640836,-3.75117744,-211.0,-25.83,36.75,6.166,5.668
39326,6.34,120.60819024,-6.33710792,6.27,-11.25,9.18,7.073,6.4
39198,6.45,120.26436586,-6.41908231,-76.2,-46.23,15.01,7.498,6.547
39079,4.93,119.93410303,-3.67957835,-55.17,-1.84,13.06,6.49,5.07
39863,4.36,122.14857362,-2.98377649,-16.79,-3.89,1.76,5.593,4.466
40263,6.48,123.34080229,-1.16589834,-28.75,5.39,6.28,7.629,6.573
42951,6.41,131.33652137,-2.60102981,3.77,-13.23,11.5,8.061,7.527
43026,5.7,131.51021822,-2.04876829,39.64,46.73,11.71,7.11,5.815
42028,5.8,128.50682149,-2.15160482,-33.38,20.68,10.0,5.807,5.8
41564,6.42,127.12149299,-2.51710024,-10.34,-10.59,11.73,6.82,6.453
43142,5.28,131.81253189,-1.89705972,-37.64,11.12,9.61,5.349,5.285
43246,6.42,132.15617274,-1.04483247,-50.89,-1.35,7.12,7.911,6.548
40858,6.18,125.05406858,-0.90910329,39.29,-86.53,24.5,6.914,6.243
41299,5.74,126.39812618,2.10224935,-21.42,-16.4,5.42,7.716,5.901
42799,4.3,130.80619315,3.39866539,-19.14,-1.29,6.99,4.052,4.256
42142,6.35,128.85398701,2.74344025,-1.5,3.8,5.92,7.647,6.443
42402,4.45,129.68936993,3.34147477,-19.03,-16.29,9.25,6.024,4.582
39172,6.41,120.18390745,-2.88192476,-5.69,2.99,1.05,6.346,6.467
39211,4.69,120.30540155,-1.39242418,65.97,-75.73,6.9,6.63,4.852
39625,6.4,121.45683895,-0.57332266,-13.47,1.09,4.58,7.756,6.514
38306,6.38,117.72258006,0.07954261,17.04,5.47,7.88,7.984,6.516
37614,6.17,115.7725736,0.18936449,0.94,-12.89,7.2,7.547,6.322
38870,6.35,119.31829276,1.1270223,-164.71,2.9,17.09,6.948,6.416
38373,5.12,117.92498666,1.76687765,-13.97,-3.78,7.76,4.975,5.104
38962,5.3,119.58644862,2.22452544,-162.54,99.28,12.33,6.472,5.394
39311,4.39,120.56647202,2.33431429,-28.04,105.49,12.49,6.029,4.531
37705,6.46,116.03185066,2.40544316,-18.14,-8.6,7.53,6.731,6.495
38406,6.3,118.02983762,3.27753363,49.07,-79.02,7.77,8.261,6.54
38300,6.17,117.69733913,3.27732483,57.66,-29.54,8.48,7.612,6.3
42008,5.89,128.4311946,4.75701524,-14.3,-6.17,0.6,7.236,5.982
40818,6.04,124.957701,3.94808579,26.42,-22.09,5.63,7.265,6.156
39213,5.65,120.30795569,4.87977849,-32.14,18.55,9.42,5.661,5.647
38794,6.16,119.09962936,4.48558456,-6.42,-7.32,3.86,7.391,6.27
40617,6.28,124.38191524,8.86632545,-13.49,-6.5,3.07,7.514,6.378
40526,3.53,124.12895101,9.18566295,-46.8,-48.65,11.23,5.477,3.696
32558,5.08,101.90509833,-8.99850109,-4.21,-0.61,2.49,7.466,5.304
32838,6.31,102.67628645,-8.04100355,-8.95,2.98,9.89,6.343,6.309
33154,6.39,103.53582454,-5.85220154,-11.21,5.6,5.8,6.663,6.478
33878,5.22,105.48497076,-5.72208135,-14.49,6.58,4.78,7.403,5.412
34086,5.63,106.02187558,-5.323971,-3.57,-3.2,2.5,7.267,5.758
33719,6.29,105.07543371,-5.3673572,-115.76,80.35,35.63,6.988,6.358
33971,4.99,105.72824798,-4.23923814,-4.73,2.81,2.92,4.722,4.944
32990,6.3,103.09530858,-5.31624393,-22.04,-13.7,6.84,7.519,6.399
33243,6.03,103.74550117,-2.80358713,-5.25,-0.45,2.59,7.427,6.144
31167,5.6,98.0963736,-5.86871833,-0.87,-41.78,23.13,5.916,5.636
31583,5.52,99.14720939,-5.21110831,2.99,-14.33,3.91,5.405,5.501
30772,5.06,96.98988336,-4.76214677,-4.23,-3.14,2.41,4.816,5.017
30660,6.16,96.64352725,-4.59739332,-3.72,-2.6,2.69,5.962,6.126
30700,6.5,96.75365905,-4.35564885,-4.99,-4.12,3.02,6.315,6.471
32698,5.75,102.31839228,-2.27202783,-8.82,-4.33,5.84,5.625,5.743
31733,6.14,99.58526906,-2.54391246,-14.45,6.48,4.42,8.05,6.295
32617,5.75,102.07953302,-1.31883901,-37.74,-34.33,24.95,6.085,5.779
33873,6.2,105.47045579,-1.34578762,13.72,-39.27,7.69,7.891,6.338
35712,5.99,110.51448965,0.17712559,1.92,-2.01,0.61,5.886,5.967
35751,6.43,110.61790366,0.70095228,38.32,-49.85,14.51,7.703,6.544
34769,4.15,107.96608486,-0.49278056,-0.22,6.68,8.7,4.155,4.149
35080,6.42,108.83088379,-0.16129299,-8.17,4.01,6.15,,
34724,5.44,107.84846508,-0.30190562,-27.37,-9.12,12.49,5.792,5.466
33210,6.2,103.67517925,-1.75648542,1.0,-0.14,0.71,6.836,6.317
33184,5.44,103.60273751,-1.1269609,14.01,-14.27,6.73,5.64,5.465
32851,5.78,102.70757903,-0.54042726,22.12,-187.07,33.45,6.234,5.82
34987,5.36,108.58360689,3.11142128,-5.21,-3.01,4.35,6.913,5.486
30595,6.33,96.44641262,-3.88902523,-7.84,-2.98,3.15,7.633,6.435
30627,6.42,96.54001992,-3.51584922,-92.14,65.1,6.08,7.753,6.538
30093,4.91,94.9983516,-2.94449028,-7.31,-1.0,6.44,7.006,5.104
30666,5.87,96.66496281,-1.50726444,-10.11,-29.4,14.26,5.959,5.881
30545,5.88,96.31836214,-0.94535265,238.3,-218.04,30.22,6.544,5.938
31278,5.09,98.40800314,-1.22011054,2.14,-17.68,6.08,4.916,5.069
31992,5.79,100.27268782,0.4953354,-7.48,-5.04,2.82,5.656,5.769
30720,5.55,96.8149602,-0.27598684,1.62,-5.19,4.35,7.365,5.71
30717,5.19,96.80733207,0.29926632,2.9,-8.25,3.43,6.724,5.321
31446,5.78,98.81595606,0.89022204,-3.36,-2.33,1.14,5.767,5.789
29716,5.62,93.89315534,-0.51165873,-158.04,-218.33,28.02,6.209,5.675
29746,6.37,93.97490252,1.16900467,-6.51,30.36,10.76,6.887,6.407
30798,6.48,97.06987797,1.91271649,-6.72,-15.28,6.67,6.404,6.457
30906,6.17,97.31172004,2.64629152,-2.2,-39.94,3.83,8.175,6.363
30728,5.55,96.83531772,2.90825624,-43.38,13.01,11.15,6.874,5.662
30217,6.3,95.35741582,2.26858774,-15.9,-26.84,9.76,6.591,6.317
30382,6.41,95.8270415,3.76451254,1.61,-9.56,2.97,6.219,6.368
32682,6.16,102.26523768,1.00207185,-0.95,-2.96,1.65,5.968,6.131
32578,4.48,101.96523679,2.41218914,-12.97,-12.36,8.74,5.912,4.598
32931,6.37,102.91405812,3.04206333,4.19,-29.65,10.95,6.44,6.373
31766,6.23,99.65911442,1.61352424,0.12,-2.41,0.96,6.332,6.244
31672,6.17,99.41812228,2.70427865,-39.41,-49.44,6.87,7.571,6.294
32177,6.18,100.7775365,3.03382319,9.28,-9.25,3.94,7.978,6.339
32226,5.88,100.91102453,3.93253483,-0.6,-2.88,-0.14,5.812,5.868
33603,5.96,104.73761182,3.60236429,-3.59,-3.65,3.52,7.306,6.067
31697,6.14,99.4696009,4.95666675,-0.12,1.31,-0.68,6.284,6.191
31159,5.88,98.08010878,4.85599529,-35.56,1.57,6.3,7.118,5.96
30419,4.39,95.94207368,4.59283881,-20.88,10.75,25.39,4.644,4.433
31646,6.05,99.35017866,6.13538051,-1.84,0.68,-0.74,6.075,6.061
32067,6.36,100.49679354,6.34541897,0.81,2.35,-0.08,6.259,6.357
32533,4.77,101.83268467,8.03728277,-23.34,-11.84,6.73,6.6,4.931
32463,5.92,101.63507823,8.5871691,-4.99,-6.76,2.92,5.696,5.884
36641,5.24,113.0247923,1.91448227,-2.12,-0.56,4.14,5.508,5.267
36723,5.59,113.2986465,3.29027472,-15.73,42.84,23.44,5.979,5.621
36812,5.83,113.56622524,3.37173632,-3.19,-4.53,4.82,5.806,5.828
37478,5.95,115.39648613,3.6248275,-2.2,-20.11,6.47,5.914,5.952
38303,6.49,117.71294838,4.45939601,-15.07,48.39,8.43,7.691,6.598
37634,6.5,115.83835851,4.94580067,-23.34,-16.04,5.07,8.27,6.651
37279,0.4,114.82724194,5.22750767,-716.57,-1034.58,285.93,,
37031,5.89,114.14487545,5.86210427,-108.76,27.66,22.92,6.623,5.974
35476,5.9,109.84321714,2.74071985,-2.18,-10.75,6.27,7.249,6.012
34789,6.15,108.03126799,5.47436198,-20.41,-6.33,4.33,7.641,6.289
34768,6.07,107.96412663,5.65471549,-12.25,-5.19,4.17,6.048,6.07
36265,5.22,112.00865288,6.94207694,-3.38,-44.85,9.28,5.507,5.261
35509,5.91,109.94837319,7.14309133,61.2,-59.18,16.86,6.547,5.967
36188,2.89,111.78780121,8.28940893,-50.28,-38.45,19.16,2.794,2.878
36284,4.33,112.04095607,8.92550376,-59.29,10.76,8.2,6.182,4.492
38945,6.42,119.52459597,7.21355485,-11.96,-10.26,3.87,6.41,6.417
38712,5.86,118.88099024,8.8630571,-6.92,-89.51,26.21,6.283,5.893
39271,6.22,120.46137519,8.91393208,-1.32,24.2,16.77,6.904,6.29
40085,6.08,122.81918033,9.82126887,-6.92,-15.99,3.74,5.934,6.069
38868,6.03,119.31617316,8.64127641,-3.43,-23.23,11.08,7.293,6.137
37921,5.25,116.56757952,10.76831128,-30.87,-24.45,10.44,5.269,5.249
38196,6.42,117.38465527,12.8142954,-6.84,-18.53,6.38,7.673,6.528
38147,6.07,117.25755784,13.37188806,38.53,-7.86,4.94,7.852,6.23
34338,6.1,106.77700298,4.91059836,-16.25,-6.74,4.6,5.939,6.079
33644,6.34,104.83408286,7.31698612,-8.81,-7.77,2.58,6.191,6.32
33584,6.25,104.66221582,7.62235151,-30.69,-21.19,13.69,6.376,6.267
34387,5.74,106.95618723,7.47129491,6.69,-33.29,5.74,7.251,5.872
34215,5.78,106.4125041,9.18583678,41.94,-14.99,5.8,7.76,5.934
35120,5.78,108.91423401,7.97773709,23.64,2.2,5.4,7.813,6.004
36041,4.99,111.41207798,9.27611835,-2.95,-8.65,3.3,6.282,5.104
33297,6.28,103.89428792,8.32428996,-23.05,-1.88,9.74,6.336,6.279
33024,5.75,103.2061973,8.38044841,-32.9,-30.86,15.98,6.064,5.779
34002,5.96,105.82470567,9.13834729,-23.58,3.06,12.59,6.134,5.976
33372,5.9,104.10767805,9.95659959,-16.05,-8.98,5.81,5.791,5.896
33082,6.3,103.34333787,10.99694209,-0.45,-120.13,7.83,7.526,6.393
34033,5.14,105.90863811,10.95184577,-2.03,-11.98,4.39,6.952,5.283
35005,5.71,108.63604311,12.11586588,-50.09,-17.02,9.85,6.996,5.816
33465,6.26,104.35661187,11.9075614,0.63,-3.14,0.5,6.692,6.318
34055,6.01,105.96501258,12.59425915,-6.69,-6.87,2.58,8.059,6.182
36796,6.28,113.52075734,10.56811357,-30.67,-15.31,7.76,6.302,6.278
36123,6.38,111.61586607,10.60806626,-35.9,0.21,10.33,6.478,6.385
36141,6.39,111.67173733,11.00885807,-5.49,-10.39,2.58,6.215,6.36
36553,6.38,112.78664351,11.20301302,-17.74,-14.15,4.58,8.039,6.518
35987,5.37,111.24245464,11.66955984,-16.29,-14.91,10.28,5.502,5.381
36425,4.55,112.44909205,12.00661101,1.26,-19.26,5.82,6.213,4.685
37723,6.4,116.05860871,12.86011602,-14.56,-18.44,3.72,8.238,6.561
37508,5.79,115.46611813,13.48051383,-35.61,-24.95,4.15,7.962,5.992
37404,6.23,115.1966087,13.77126983,-2.73,-7.88,3.15,8.046,6.367
37521,5.55,115.51341314,14.20852972,-0.98,-10.81,3.19,7.688,5.759
35933,6.47,111.11520374,15.51719894,-1.48,-1.52,0.67,6.208,6.428
35548,6.45,110.02849829,15.14297247,2.59,-18.13,2.98,6.462,6.453
35350,3.58,109.52336162,16.54047526,-46.09,-37.9,34.59,3.723,3.593
36340,6.23,112.19690819,15.10985983,-7.54,-15.35,4.24,6.173,6.222
36760,5.27,113.4020791,15.82669239,-29.28,-12.62,8.69,5.335,5.274
36616,5.45,112.95154548,17.08622915,42.65,-75.39,10.81,6.905,5.57
21685,5.46,69.83182532,-14.35888729,121.08,-125.41,16.42,6.802,5.577
21594,3.86,69.54529558,-14.303587,-77.86,-178.06,29.84,5.288,3.994
21110,6.25,67.85775563,-13.64411979,-17.46,-42.03,8.16,6.359,6.263
20997,6.22,67.54163691,-13.59237369,17.9,0.6,7.54,7.51,6.326
20922,5.61,67.27885535,-13.04836725,0.3,-0.95,2.07,5.336,5.569
21644,4.99,69.72330721,-12.12307828,-65.1,-17.68,14.34,5.099,5.013
21239,6.06,68.34202729,-10.78540651,-0.82,30.04,3.45,7.863,6.215
22439,6.27,72.42631902,-13.76924994,-119.98,-172.43,28.28,6.793,6.322
23231,4.78,74.98213784,-12.5372045,40.37,-86.89,11.21,5.104,4.809
23972,4.25,77.28659571,-8.75407607,0.0,-2.01,1.86,4.015,4.23
23916,5.8,77.08411634,-8.66527389,3.68,-20.78,4.29,5.69,5.792
23221,5.39,74.96017027,-10.26299266,19.49,-136.75,18.29,6.382,5.48
21297,5.24,68.54913224,-8.96998497,-36.27,-112.18,4.96,7.16,5.403
21986,5.98,70.89469925,-8.79424587,28.84,-29.27,8.04,6.748,6.048
22024,5.78,71.02215847,-8.50357425,4.44,1.51,2.43,5.678,5.767
23364,4.8,75.35977051,-7.17397802,-0.23,5.16,3.41,4.567,4.757
22336,5.77,72.1508432,-5.67343877,312.68,-249.28,37.73,6.548,5.839
22701,4.36,73.2236682,-5.45275591,-18.01,25.03,14.39,4.691,4.406
19011,5.62,61.09461008,-12.79233884,15.85,17.95,8.12,6.99,5.735
18647,5.61,59.87555244,-12.57433214,-1.4,-38.11,3.66,7.54,5.765
19777,4.87,63.59872149,-10.2558889,-7.61,-162.11,15.8,6.35,4.985
19590,6.45,62.9837506,-8.83750229,61.57,6.96,6.09,7.653,6.552
18455,6.18,59.15792309,-9.75085732,51.1,5.43,9.41,6.504,6.217
19121,6.27,61.48538995,-8.85608374,22.85,-8.62,12.26,6.352,6.263
19511,5.7,62.69890202,-8.81982097,48.06,2.84,10.06,7.045,5.8
19849,4.43,63.8234923,-7.64455846,-2239.33,-3419.86,198.24,,
19483,5.44,62.59383269,-6.92382327,3.44,-11.99,8.65,6.626,5.546
19587,4.04,62.96638834,-6.8377787,11.92,81.28,25.98,4.441,4.073
21296,5.2,68.54850732,-8.23135939,-22.42,2.88,4.05,7.387,5.393
21298,6.09,68.55919586,-6.83771702,-23.27,-37.78,6.36,7.909,6.227
21278,5.71,68.47804057,-6.73889608,-2.65,-4.76,4.18,5.567,5.706
20271,5.85,65.17846608,-7.59249081,4.47,-1.1,4.31,5.688,5.83
21428,6.34,69.00696699,-3.6116221,1.1,-7.86,3.73,6.216,6.326
19996,5.95,64.33012941,-6.47215975,-15.13,-7.31,5.92,7.314,6.061
20360,6.45,65.40629627,-6.28413788,5.14,-13.89,6.54,6.519,6.446
20263,6.15,65.16078257,-6.24585928,92.46,-55.7,15.83,7.269,6.246
20507,5.17,65.92033483,-3.74533244,-47.92,-56.73,15.66,5.27,5.179
21192,5.76,68.15642848,-3.20950026,17.97,-16.69,7.61,5.606,5.741
21444,3.93,69.07975243,-3.352448,1.73,-4.54,5.56,3.688,3.901
21547,5.22,69.40044421,-2.47339212,43.32,-64.23,33.6,5.559,5.251
24436,0.18,78.63446353,-8.20163919,1.87,-0.56,4.22,0.312,0.283
24674,3.59,79.40166225,-6.84438616,-15.31,-9.57,5.88,3.451,3.575
24294,5.9,78.20048421,-6.05711381,21.87,-31.5,7.31,7.127,6.004
25401,6.24,81.50983378,-5.51850419,7.48,1.11,4.89,6.175,6.231
26268,5.24,83.91452109,-4.8560862,-1.44,8.05,8.8,5.555,5.272
26237,4.58,83.84650694,-4.83834045,4.29,-7.15,4.15,4.351,4.571
26234,6.24,83.84298392,-4.42432372,-0.48,1.52,2.89,6.056,6.231
24925,6.4,80.11003844,-5.36751687,-4.11,-4.72,4.8,6.35,6.407
25708,5.8,82.3487568,-3.44637074,-28.01,-9.45,6.98,7.267,5.93
25667,6.39,82.2371307,-3.30741204,-3.29,-6.96,4.28,6.382,6.382
23311,6.22,75.20282168,-5.75097923,550.74,-1109.3,113.46,7.609,6.344
23875,2.78,76.96264146,-5.08626282,-83.39,-75.44,36.71,2.976,2.808
23794,5.12,76.69019503,-4.65516319,10.05,0.0,11.65,5.037,5.092
23941,5.11,77.18194475,-4.45624625,55.62,16.03,39.99,5.639,5.17
22958,5.5,74.10078852,-5.17135066,-5.67,-2.32,4.41,5.334,5.477
23475,5.86,75.68904194,-4.2101255,42.23,2.02,10.48,7.428,5.995
23643,6.04,76.2271905,-3.03967236,1.61,-0.98,1.06,5.88,6.017
25281,3.35,81.11923774,-2.39713844,-0.54,-3.21,3.62,3.165,3.359
24162,5.89,77.82970507,-2.49078592,81.46,1.44,26.04,6.447,5.949
24130,6.24,77.74156183,-2.25374808,85.61,-150.55,20.66,7.498,6.35
24493,6.15,78.82717763,-1.40906138,-35.52,8.78,21.77,6.62,6.195
24847,6.33,79.89701156,-1.4118959,2.16,1.64,1.75,6.173,6.315
26624,5.99,84.87980519,-3.56470944,-3.88,2.1,24.16,6.323,6.015
26263,6.4,83.89960025,-3.25283754,0.85,-1.0,1.25,6.248,6.385
26820,6.41,85.41795123,-2.89651493,50.55,23.66,11.95,6.791,6.454
26713,6.22,85.15539545,-2.8252412,1.7,1.95,1.94,5.953,6.177
26549,3.77,84.68652211,-2.60006791,4.61,-0.4,2.84,3.51,3.765
26727,1.74,85.18968672,-1.94257841,3.99,2.54,3.99,1.566,1.697
26953,6.31,85.78881564,-1.61317771,4.86,-29.07,4.8,8.234,6.483
25980,5.34,83.1723102,-1.59183293,-2.03,0.74,1.27,5.095,5.311
26736,4.95,85.21131577,-1.12878569,-1.85,-0.68,1.56,4.679,4.902
26108,5.92,83.51689842,-1.47020476,-13.93,-19.99,3.87,7.937,6.091
26311,1.69,84.05338572,-1.20191725,1.49,-1.06,2.43,1.553,1.692
26063,5.36,83.38102882,-1.15607162,-0.55,-0.49,1.76,5.13,5.332
26106,6.24,83.51620482,-1.03571938,2.94,-2.89,2.63,6.015,6.206
27939,5.99,88.68349348,0.96861499,-2.9,0.01,3.94,7.73,6.126
26762,5.93,85.27328514,0.33768602,12.3,27.76,19.46,6.287,5.959
27253,5.95,86.64566124,1.16853796,-80.05,-141.79,23.57,6.894,6.017
25368,6.44,81.40207153,-1.49129225,1.46,-0.54,4.12,6.213,6.402
25737,4.71,82.43325647,-1.09217557,0.19,-26.08,7.15,6.768,4.883
25732,6.49,82.42330541,-0.80241717,48.34,-39.16,8.33,6.795,6.528
25282,5.07,81.12046283,-0.89166902,-5.03,140.19,18.93,6.293,5.18
25240,6.13,80.96388815,-0.86662418,-5.64,0.95,17.23,6.695,6.143
25930,2.25,83.00166562,-0.2990934,1.67,0.56,3.56,2.006,2.195
26149,6.25,83.62203574,-0.01233696,-4.53,-3.24,2.65,7.516,6.355
25976,6.15,83.15820239,0.01196223,18.85,-12.12,2.18,8.222,6.353
25028,5.68,80.38268211,-0.41649397,-0.28,1.18,3.03,5.502,5.641
25044,4.72,80.4406153,-0.38246922,0.45,1.67,2.53,4.5,4.686
25223,5.69,80.92628584,-0.15981294,1.21,-2.09,4.03,5.433,5.66
25378,6.18,81.44590528,0.52024371,2.33,0.04,2.06,5.936,6.128
25582,6.41,82.00612814,1.29824815,-0.25,1.11,2.81,6.168,6.364
25302,4.89,81.18677704,1.84644611,0.12,-0.6,2.94,4.652,4.855
26885,4.9,85.61943491,1.47466498,-55.34,-14.85,10.8,6.397,5.029
25751,5.77,82.47822116,1.78926104,1.64,-0.34,2.6,5.51,5.723
25505,6.36,81.81415869,2.34120488,5.87,-2.02,7.67,7.579,6.459
25861,5.46,82.81054942,3.2921351,1.28,-0.89,2.08,5.144,5.336
26126,5.32,83.5699587,3.76693355,-29.35,-15.82,9.45,5.404,5.338
26594,4.5,84.79644123,4.12146667,0.76,0.07,2.01,4.39,4.52
23296,6.31,75.16589851,-2.06602481,-12.94,-3.1,20.17,6.646,6.338
23092,6.34,74.54543641,-2.21276853,12.31,12.71,7.18,6.472,6.35
22109,4.01,71.37558764,-3.25462465,17.27,-13.51,6.13,3.839,3.99
22189,6.33,71.60063178,-2.9543984,20.19,-55.09,11.76,6.395,6.331
23041,6.25,74.32171783,-1.06719185,-36.3,-27.09,11.91,6.749,6.285
24041,6.11,77.51358512,-0.56519928,2.14,-50.78,10.37,7.514,6.233
22840,5.98,73.71128549,0.46717846,-0.49,-4.89,3.38,5.828,5.963
23408,5.91,75.45979252,0.72216704,4.84,-22.75,6.55,7.563,6.054
23680,6.1,76.34880992,1.17763581,3.88,-3.81,4.66,10.572,6.268
23419,6.45,75.50011262,1.60884108,-5.37,9.84,6.42,6.391,6.492
21718,6.11,69.94670263,-1.05243771,22.83,-8.78,5.64,7.306,6.207
21139,4.91,67.96945612,-0.04399115,-3.76,-8.17,3.93,6.645,5.051
21515,5.32,69.30698431,0.99832711,-4.91,-5.34,3.85,5.171,5.296
23123,4.47,74.63709525,1.71403506,-1.59,-7.93,3.42,6.281,4.623
22797,3.71,73.5628985,2.44067149,1.43,0.23,2.43,3.477,3.674
22730,5.33,73.34481369,2.50826491,29.67,-16.4,5.11,7.426,5.518
22354,6.04,72.18594025,3.58856374,-1.25,-15.39,4.61,7.579,6.163
24377,6.33,78.44687015,0.56046647,9.14,-17.69,3.92,8.173,6.497
24203,5.88,77.93896,1.03705465,0.95,-11.12,3.56,6.968,6.114
24607,6.42,79.17102659,1.94734447,-10.86,-6.61,5.36,6.413,6.41
24349,6.08,78.3814722,1.96768435,6.06,-0.05,3.71,6.585,6.154
25288,6.33,81.15042015,2.35316729,-0.3,-1.01,2.66,6.128,6.29
24817,5.34,79.79678985,2.59593601,-18.14,-53.3,16.47,5.831,5.382
24960,6.43,80.18226466,2.54473026,31.6,20.48,7.86,7.758,6.54
24331,4.46,78.32283171,2.86125346,3.05,4.94,9.49,6.061,4.619
25473,4.59,81.70928405,3.09567718,0.34,-1.11,2.3,4.336,4.574
25142,4.99,80.7083388,3.54444809,-2.0,1.8,3.39,4.778,4.956
25785,6.21,82.58297186,4.20485626,17.38,-25.34,5.68,7.866,6.343
25011,6.49,80.3304491,4.01197792,-1.62,-12.18,2.62,6.376,6.508
25205,6.34,80.87951408,5.32304571,-30.42,16.63,13.32,6.497,6.353
25813,4.2,82.69603301,5.94821792,6.57,-32.45,11.3,4.057,4.209
25336,1.64,81.28278416,6.34973451,-8.75,-13.28,13.42,1.468,1.629
25453,6.41,81.66176734,6.86873694,9.64,-32.53,10.68,6.388,6.402
22923,6.5,73.99317516,5.39905815,-18.89,-13.98,6.66,6.538,6.497
24450,5.5,78.68355139,5.15612934,-7.01,8.74,5.45,7.267,5.648
16989,5.86,54.62189268,-7.39170945,-1.06,-63.16,8.35,7.099,5.958
18606,5.85,59.71842188,-5.46952376,-46.75,-174.03,22.88,7.116,5.948
18141,5.48,58.17355849,-5.36124167,3.24,-7.1,6.49,5.363,5.467
18255,4.46,58.57286091,-2.95473348,26.42,1.49,9.46,5.268,4.527
17027,5.97,54.75469049,-5.62570656,-13.53,-207.06,28.44,7.122,6.066
17167,5.53,55.15972132,-5.21069726,0.14,-3.64,4.41,5.343,5.503
16779,6.49,53.9885409,-5.12494411,-5.41,-4.08,4.18,7.882,6.615
16341,4.74,52.65437447,-5.07516332,13.31,7.34,8.57,4.618,4.718
17950,6.47,57.56710121,-1.52263503,102.33,25.09,22.22,6.987,6.538
17086,6.22,54.90980877,-3.3928423,-14.3,-68.94,9.73,7.548,6.337
17457,5.24,56.12711667,-1.16307844,3.62,-5.26,4.99,5.127,5.22
17120,6.12,54.99812309,-1.12121089,33.46,-6.42,7.74,7.385,6.232
17506,5.56,56.23526063,-0.29671559,60.54,-1.86,9.28,7.425,5.721
18788,5.28,60.38347446,-1.54962625,27.96,-13.79,7.2,5.097,5.252
19725,6.45,63.40894148,-1.1497257,4.63,-4.66,2.33,6.272,6.417
20341,5.86,65.36270888,-0.09786658,-19.81,-124.66,6.98,7.596,6.012
18859,5.38,60.65273634,-0.26831052,151.2,-252.03,52.0,6.0,5.441
17805,5.91,57.16215134,0.22787124,65.55,-6.01,6.58,7.525,6.051
18993,5.36,61.04078184,2.82725258,149.52,-125.67,28.87,5.954,5.409
19434,6.49,62.42931953,3.3228449,-50.92,-60.89,15.96,7.007,6.537
15383,5.62,49.5928283,-0.93014105,251.68,-60.59,14.68,6.745,5.53
16852,4.29,54.21882896,0.40283316,-232.69,-482.0,72.89,4.985,4.359
16846,5.82,54.19711994,0.58815498,-32.98,-163.45,34.52,6.938,5.923
14954,5.07,48.19301506,-1.19593294,193.43,-69.23,44.69,5.754,5.131
15800,6.47,50.90128167,0.91031067,-5.1,-92.18,8.83,7.968,6.606
16226,6.41,52.26585232,3.2486866,-2.39,7.27,7.16,7.393,6.506
15457,4.84,49.83974536,3.36997055,268.88,93.53,109.18,5.678,4.922
15619,5.7,50.27821082,3.67568149,56.05,-25.17,11.23,6.903,5.785
17103,5.55,54.9630986,3.05684307,-36.61,8.32,8.14,6.749,5.658
18957,5.32,60.93584928,5.43563754,1.23,-5.4,3.12,5.207,5.3
18481,6.09,59.25706793,6.04013209,37.24,-67.99,13.26,6.163,6.089
15807,6.37,50.91247448,4.88211155,-6.83,-2.56,2.92,7.453,6.491
16358,5.93,52.68914607,6.18874381,42.38,-16.79,6.31,7.12,6.025
16695,6.49,53.70456368,6.41773268,-23.43,-17.03,7.43,7.259,6.557
17563,5.34,56.41846008,6.05002905,20.61,-15.61,5.54,5.206,5.322
17595,5.91,56.5390162,6.80365522,-1.82,-55.42,9.68,7.162,6.028
18089,5.66,58.00093529,6.53491424,7.6,-2.8,4.63,5.73,5.694
20884,5.53,67.13378878,1.38087416,17.66,-21.97,8.47,5.398,5.517
20848,6.14,67.01508838,1.85858198,28.61,9.55,9.33,7.445,6.261
20771,6.23,66.75273055,2.0795598,73.76,-61.95,8.26,7.625,6.345
21295,5.67,68.53448353,5.56863495,-15.58,-7.77,7.99,5.754,5.687
20698,6.37,66.50556292,4.37348976,22.87,-16.01,5.17,8.324,6.515
20268,5.76,65.17188935,6.13090686,-13.06,-44.79,7.62,6.924,5.861
19554,5.71,62.83414887,5.52303505,146.86,5.0,25.89,6.132,5.748
19859,6.32,63.8702703,6.18712133,-109.37,-108.35,47.2,7.024,6.383
21152,6.37,68.01975915,5.41001999,114.15,6.17,23.13,6.867,6.411
20715,6.06,66.58792035,8.59028189,3.43,-5.46,5.46,6.05,6.066
22549,3.68,72.80152507,5.60510146,-3.62,1.03,2.59,3.471,3.652
22938,6.42,74.0376021,7.90480028,-92.81,-42.94,17.02,6.876,6.466
22449,3.19,72.45890935,6.96124744,463.44,11.62,124.6,3.745,3.241
22834,5.33,73.69914124,7.77916325,-21.74,-27.14,7.39,6.896,5.465
22509,4.35,72.65300943,8.90025258,-0.87,-31.57,16.84,4.378,4.355
23879,5.33,76.97030487,8.49857348,34.96,-59.49,16.84,5.753,5.39
23852,6.15,76.90965166,9.47270928,-5.61,-382.35,35.34,6.921,6.239
23983,5.43,77.33168451,9.82959768,63.54,-7.87,18.54,5.739,5.457
21670,5.38,69.77542864,7.87098753,91.87,-4.56,19.44,5.696,5.401
21269,6.01,68.45074507,9.41362272,-6.14,-22.96,6.93,7.363,6.131
21402,4.25,68.91347315,10.16091706,44.89,-52.42,21.68,4.465,4.269
22044,5.39,71.10737323,11.14616933,98.87,-13.47,20.73,5.696,5.415
22597,6.11,72.93075895,9.97509562,2.38,-7.3,4.63,6.179,6.113
22845,4.64,73.7237672,10.15114511,40.08,-128.37,27.04,4.76,4.665
22833,5.18,73.69544409,11.42597336,-16.31,13.63,13.54,5.332,5.198
22157,5.35,71.50708664,11.70560822,67.48,-7.09,12.24,5.597,5.376
22957,4.06,74.09300449,13.51457755,-77.77,-45.97,19.26,5.587,4.211
22607,6.3,72.9580173,13.6551941,106.84,-16.0,23.91,6.857,6.314
22667,4.71,73.13318214,14.25077828,-2.62,-56.13,6.02,7.037,4.941
18907,3.91,60.78907003,5.98930909,5.52,-1.63,25.24,3.956,3.903
19719,5.29,63.38794242,7.7160341,-3.99,4.45,27.04,5.716,5.326
18975,5.45,60.98543787,8.19720135,168.35,27.98,27.8,5.891,5.492
19860,4.27,63.88352173,8.89240989,20.39,-21.75,7.5,4.196,4.273
20522,5.1,65.96599009,9.46098377,-21.02,-6.65,8.23,5.218,5.122
19740,4.84,63.48496228,9.26389844,-9.42,-30.6,8.78,5.944,4.978
19799,5.22,63.65099178,10.01143911,-6.57,-13.44,6.88,5.1,5.199
19720,6.24,63.39397797,10.2125193,26.34,-25.19,6.49,6.272,6.249
20188,6.31,64.90594457,10.12153616,-16.92,-40.9,5.59,8.16,6.45
18805,5.67,60.44222088,9.99801393,5.59,1.13,5.77,5.68,5.676
18658,6.35,59.91839435,10.33041083,133.06,-3.5,25.42,6.841,6.395
19736,6.25,63.45762496,12.75374144,11.6,-16.6,9.09,7.731,6.368
18724,3.41,60.17008591,12.49037571,-8.15,-11.98,8.81,3.282,3.398
19376,5.94,62.25650273,13.39829829,14.76,-7.3,7.32,5.986,5.946
20985,6.47,67.50960322,10.26240493,-25.03,-78.44,8.92,7.805,6.581
20804,5.87,66.86987518,11.21233208,-2.51,-13.2,6.7,5.922,5.874
21735,5.45,70.01424281,12.19764088,-1.29,-12.98,9.46,5.294,5.433
21589,4.27,69.53917371,12.51087423,101.73,-14.9,21.79,4.435,4.285
20558,6.42,66.06030427,12.158041,15.83,-22.23,4.57,8.241,6.556
20901,5.02,67.20875444,13.04763905,105.17,-15.08,20.33,5.289,5.043
21036,5.4,67.65541066,13.72445018,108.06,-19.71,21.84,5.722,5.43
21273,4.65,68.46189659,14.84448749,103.69,-25.94,21.39,4.951,4.681
21673,5.08,69.78832206,15.80003442,32.4,-77.67,21.49,5.256,5.101
21683,4.67,69.81854938,15.9180242,82.4,-19.53,20.51,4.876,4.692
21588,5.78,69.53906817,16.03338888,113.05,-40.4,21.96,6.155,5.818
20284,6.15,65.2194062,13.86447069,105.29,-17.97,21.8,6.701,6.207
20219,5.58,64.99014508,14.03524954,115.42,-19.91,22.31,5.919,5.609
20873,5.9,67.0972362,14.74102599,109.72,-21.27,18.42,6.293,5.942
20732,4.69,66.65156991,14.71385764,-7.57,-31.15,7.17,5.931,4.798
20400,5.72,65.51437351,14.07725051,114.04,-21.4,21.87,6.102,5.752
20261,5.26,65.15101968,15.09550358,108.79,-20.67,21.2,5.543,5.286
20205,3.65,64.94805793,15.62770031,115.29,-23.86,21.17,4.905,3.757
19877,6.31,63.9425602,15.40074874,114.38,-22.07,22.51,6.779,6.346
21082,6.28,67.77985394,15.10516513,42.72,-52.75,7.16,8.526,6.507
20995,5.58,67.53555351,15.63789864,107.59,-23.92,22.93,6.012,5.67
21039,5.47,67.66177772,15.69193829,104.17,-24.29,22.55,5.779,5.49
21137,6.01,67.96538757,15.8516387,107.59,-32.38,22.25,6.41,6.042
20894,3.4,67.16531219,15.8709468,108.66,-26.39,21.89,3.648,3.429
20885,3.84,67.14346805,15.96221721,104.76,-15.01,20.66,5.054,3.947
20713,4.48,66.58613217,15.6183462,114.66,-33.3,20.86,4.794,4.515
20661,6.44,66.40522319,15.94108006,104.62,-28.83,21.47,7.034,6.5
21053,6.5,67.69473555,16.1487514,98.2,-22.75,24.28,7.027,6.548
21029,4.78,67.63987124,16.19407556,104.98,-25.14,22.54,5.002,4.792
20877,4.96,67.10985479,16.35962902,8.12,17.79,16.78,6.438,5.092
21421,0.87,68.98000195,16.50976164,62.78,-189.36,50.09,2.937,1.16
20484,5.64,65.8541598,16.77732694,105.09,-27.62,21.17,6.002,5.666
20542,4.8,66.02372401,17.44421161,109.99,-33.47,22.36,5.008,4.821
20455,3.77,65.73344722,17.5425843,107.75,-28.84,21.29,5.024,3.868
20648,4.3,66.37215593,17.92798917,108.26,-32.47,22.05,4.382,4.317
21251,6.24,68.38767313,18.01676291,12.44,-16.74,7.71,6.985,6.93
28296,5.21,89.70658741,0.55297359,-15.59,2.41,8.88,5.237,5.215
28232,6.22,89.47711006,1.22430693,-23.35,1.31,6.28,8.15,6.382
28271,5.89,89.60182982,1.83712742,6.01,-7.83,9.24,6.174,5.926
29151,5.7,92.24126844,2.49972675,-1.75,-14.17,5.35,5.769,5.695
27750,4.76,88.11017813,1.8551579,-7.09,-9.91,2.93,6.564,4.912
27588,5.97,87.62510583,2.02471682,0.51,-6.94,2.89,7.041,6.072
27902,6.3,88.56551372,3.22576839,60.22,-52.32,5.91,7.993,6.454
29860,5.7,94.31770235,5.09969578,-189.37,171.18,51.76,6.447,5.772
28814,5.63,91.24316628,4.15867686,0.28,-2.38,1.31,6.94,5.743
28812,5.67,91.24244795,5.41997005,-7.96,-0.18,2.96,6.995,5.777
29728,6.07,93.91740586,6.06620795,-0.79,-17.38,4.39,5.904,6.038
29509,6.45,93.2481935,6.01628978,10.79,-13.1,4.6,8.568,6.657
27560,5.96,87.554418,4.42349901,7.86,-38.28,6.43,7.749,6.105
27118,6.09,86.25749324,4.00819399,-11.0,-34.02,19.79,6.486,6.136
27386,5.26,87.000966,6.4542102,4.05,-22.2,6.8,5.567,5.325
27989,0.45,88.79287161,7.40703634,27.33,10.86,7.63,2.849,0.769
31216,4.47,98.22595658,7.33297921,-3.89,-5.8,2.16,4.501,4.504
30541,6.26,96.30416365,7.08571682,2.85,-1.49,0.42,8.031,6.412
30448,6.24,96.00954036,8.88503625,-10.76,-9.0,3.87,6.149,6.219
31385,6.44,98.69303336,7.57249971,-16.76,-7.43,9.01,6.441,6.454
31978,4.66,100.24442101,9.89576021,-0.66,-2.51,3.19,4.371,4.635
30804,6.16,97.07832159,10.30399931,27.84,-43.74,13.09,7.665,6.284
31448,5.93,98.82331871,9.98835403,0.34,-7.7,2.06,7.878,6.071
31662,6.39,99.40382259,10.85337292,-37.96,-32.68,3.69,8.147,6.539
31066,6.17,97.78983509,11.25138166,4.6,-2.53,0.59,5.993,6.128
31119,5.22,97.9512018,11.5443434,17.61,28.16,15.44,5.442,5.241
31168,6.08,98.09697283,11.67360561,1.64,-35.37,3.91,7.435,6.168
29982,6.24,94.66813687,9.04728472,1.35,-41.96,9.42,7.319,6.33
29850,5.39,94.27756971,9.94253598,5.1,-59.86,12.85,5.527,5.41
28614,4.12,90.59579323,9.64736756,14.19,-37.44,21.49,4.347,4.15
29525,6.43,93.30190191,10.62786588,78.11,-297.1,55.2,7.251,6.504
30602,6.39,96.46804172,11.12590779,-7.71,-9.57,7.18,6.477,6.399
29800,5.04,94.11070845,12.2717103,83.07,186.28,51.0,5.544,5.087
29736,5.44,93.93735931,12.55107067,-3.21,-1.54,2.33,5.473,5.473
30318,6.0,95.65176776,12.57031541,-53.62,-32.04,15.87,6.372,6.036
26487,5.87,84.50463493,7.54145541,11.39,-14.74,5.86,5.78,5.852
26414,6.11,84.33046034,8.95188007,-0.59,-2.28,3.76,5.892,6.087
26366,4.09,84.22637775,9.291412,96.84,-304.18,28.1,5.301,4.198
28110,5.97,89.11681496,9.50941963,0.32,-9.91,4.68,5.92,5.967
27549,5.79,87.51115293,9.87122224,14.82,-1.68,9.77,6.912,5.894
27900,6.13,88.55562596,10.58642145,0.0,-7.41,2.21,7.987,6.277
27280,5.78,86.71731027,9.52249963,-33.29,-64.54,10.88,6.915,5.88
25041,5.78,80.43150654,8.42856342,-2.2,-2.97,4.43,5.621,5.766
26176,4.39,83.70515764,9.48958528,-1.24,-2.49,3.31,4.189,4.381
26207,3.39,83.78449043,9.93416294,-1.03,-1.86,3.09,3.312,3.517
26215,5.6,83.80516163,10.24010204,1.45,-3.76,2.23,5.757,5.636
26386,5.97,84.2681311,11.03504389,52.25,-16.18,3.97,8.053,6.166
28686,6.09,90.85322766,11.68107706,-11.84,-5.03,6.79,6.055,6.085
28139,5.89,89.20578119,11.52119572,105.96,-56.71,10.62,7.332,6.01
28302,5.7,89.72184012,12.80825741,-8.64,2.84,3.89,6.833,5.833
29371,6.04,92.86630447,13.63860428,-4.9,-17.81,7.58,6.067,6.044
29426,4.45,92.98498656,14.20881425,-1.59,-20.23,5.14,4.245,4.426
29678,5.91,93.78523916,13.85107261,24.21,10.65,2.38,5.608,5.868
29931,6.12,94.52337933,14.3828485,-4.78,4.31,5.12,6.168,6.13
30099,5.67,95.0176158,14.65116899,-6.26,-17.27,5.95,7.751,5.861
29038,4.42,91.89300774,14.76852318,4.95,-21.18,6.1,4.207,4.387
29434,4.95,93.01365054,16.13044684,5.57,-16.77,4.21,4.775,4.933
27511,4.89,87.38726446,12.65136584,-21.63,-17.35,12.0,4.805,4.871
27116,6.47,86.2554176,12.88836458,-19.76,-13.51,9.38,6.746,6.5
27364,5.28,86.92877017,13.89963175,3.52,-13.27,4.08,5.073,5.252
27743,5.6,88.09292572,14.17179382,-17.46,-2.88,6.33,5.536,5.59
27581,5.54,87.62043148,14.30569894,4.42,-37.43,10.44,,6.177
27316,5.72,86.80478979,14.48842452,3.84,-42.3,7.72,5.818,5.733
27265,6.0,86.68955602,15.82250445,5.36,-3.04,3.71,5.901,5.984
32012,6.19,100.32173864,11.00317922,4.99,7.49,1.28,8.368,6.391
31876,5.99,99.94885571,12.98280259,-15.0,-14.14,11.28,6.067,5.986
32404,6.47,101.47583193,12.69356775,-2.18,-2.62,2.86,6.866,6.506
32362,3.35,101.3226398,12.89605513,-115.16,-190.91,57.02,3.879,3.393
32249,4.49,100.99705857,13.22814319,-2.29,-51.8,11.82,6.002,4.624
33202,4.73,103.66080771,13.17801628,70.19,-77.79,35.79,5.06,4.735
33914,5.78,105.5728766,15.33606893,4.79,-25.03,5.06,7.243,5.899
32814,5.68,102.60624923,13.41319516,-1.86,-7.55,2.17,7.426,5.837
31277,5.57,98.40072046,14.15537477,-14.27,-87.02,12.75,6.995,5.68
30564,6.3,96.36739843,14.72200346,-3.06,-4.57,2.51,9.535,6.578
31105,6.38,97.90599352,15.90353353,-7.78,-13.28,9.75,6.7,6.41
32753,5.87,102.45768904,16.20291318,-14.94,-10.44,3.52,,
32020,6.28,100.34143469,16.39766033,-4.72,-4.24,4.15,6.251,6.281
31681,1.93,99.42792641,16.39941482,-2.04,-66.92,31.12,,2.024
32539,6.35,101.84773812,18.19355653,-0.02,-43.08,7.56,6.434,6.361
32104,5.2,100.60134402,17.64551421,6.97,-86.87,23.41,,5.286
34440,5.47,107.0918432,15.93092642,-5.02,-103.52,10.68,6.796,5.598
34909,5.07,108.34277923,16.15906775,14.66,-41.8,4.66,7.142,5.242
34763,6.5,107.94517387,16.97642385,10.9,-32.91,2.97,8.356,6.652
33715,5.73,105.06593512,16.07900547,-0.44,-3.02,0.56,7.889,5.911
33937,5.86,105.63872677,16.674465,-11.92,-7.32,1.7,8.01,6.053
33929,5.96,105.60634028,17.7554551,21.03,27.15,2.41,7.979,6.193
35699,5.09,110.48708081,20.44371648,-62.05,-23.95,7.61,7.127,5.272
34608,6.43,107.52828376,21.24813537,-174.67,-473.14,21.67,7.529,6.518
34088,4.01,106.02723079,20.57029939,-5.72,-0.96,2.79,5.139,4.106
34182,6.0,106.32654307,22.63748109,-0.95,-9.3,6.82,5.973,6.005
30517,6.35,96.21981547,16.05723053,23.31,-41.37,8.47,7.689,6.459
30815,6.24,97.11712064,16.23850447,-91.15,-48.56,15.49,7.367,6.339
29704,5.34,93.85469568,16.14320591,1.61,-12.66,6.8,5.198,5.316
30019,6.27,94.75769794,17.32527063,-8.68,-4.8,5.17,6.154,6.263
29798,6.39,94.09913445,17.18163062,-0.27,-9.59,4.48,8.452,6.568
30218,6.32,95.35797171,17.76360611,20.16,-42.26,7.81,7.698,6.415
31158,6.26,98.07717921,17.78428626,36.43,25.96,9.21,6.89,6.313
30883,4.13,97.24079361,20.2121672,-5.98,-14.08,6.49,3.988,4.12
30769,6.22,96.98620696,20.49628855,-29.05,12.91,6.06,6.266,6.221
29326,6.37,92.75737574,18.13047056,1.78,-2.42,1.23,8.119,6.502
29616,5.86,93.61910415,17.90637842,-2.89,-10.63,7.21,6.178,5.909
29650,5.2,93.71223277,19.15688949,-95.78,-181.59,47.33,5.733,5.257
28691,5.14,90.86400112,19.69061033,9.81,-20.29,3.05,5.012,5.125
28716,4.64,90.9799315,20.13845865,2.19,-2.81,0.1,4.916,4.668
29433,5.76,93.00557898,19.79057155,1.96,-11.82,3.36,5.691,5.748
29655,3.31,93.71956952,22.50682376,-62.53,-10.24,9.34,5.358,3.485
30343,2.87,95.73996302,22.51385027,56.84,-108.79,14.07,4.997,3.086
30570,6.05,96.38725983,23.327209,-5.97,-16.6,5.64,6.079,6.057
32921,5.28,102.88770733,21.76123162,-6.11,-34.48,6.16,5.278,5.266
31813,6.09,99.77204904,22.0309399,13.23,-24.2,7.78,7.387,6.204
32968,5.68,103.00004886,23.60174256,-39.29,-10.11,6.36,7.606,5.846
33927,5.2,105.6032693,24.21544652,-6.46,-0.4,1.97,6.389,5.287
33277,5.74,103.82787799,25.37563643,-35.75,25.14,57.89,6.479,5.819
33650,6.4,104.86639602,25.91418673,-4.62,-6.57,2.72,6.255,6.378
33595,6.2,104.69798197,26.08085056,-162.14,94.1,21.1,6.804,6.256
31850,6.43,99.88112691,24.59994297,19.31,90.21,28.44,7.066,6.487
31650,6.44,99.36371266,24.59084471,-3.94,2.55,6.0,6.588,6.49
30501,6.35,96.18227627,25.04871782,1.79,-1.67,3.92,7.89,6.483
32246,3.06,100.98304088,25.13115531,-5.93,-12.81,3.61,4.852,3.17
31852,6.02,99.88801566,28.26315774,-5.66,-9.75,4.6,5.927,6.038
32019,6.45,100.33707287,28.19664431,0.58,-2.49,2.31,7.832,6.551
32311,5.42,101.18943633,28.97098912,-8.75,-23.65,5.72,7.321,5.588
24555,5.52,79.01724675,11.34136954,-8.52,-6.54,8.86,5.508,5.523
25638,6.35,82.14486508,13.6790158,10.32,-15.07,10.13,6.551,6.368
26093,5.6,83.4761883,14.30559209,-1.96,-5.74,6.35,5.439,5.576
25790,5.93,82.60905551,15.3605429,-13.48,-38.58,9.47,6.064,5.95
25502,6.18,81.80790759,15.257655,-5.49,-10.08,7.07,6.273,6.189
25555,5.52,81.94002438,15.87410386,4.39,-21.26,5.77,5.529,5.513
25410,6.23,81.52384342,16.70017305,0.35,-5.07,4.98,6.122,6.22
24010,4.81,77.42483084,15.59727157,-7.12,-16.14,10.24,5.192,4.849
23161,6.14,74.74752899,14.5432451,6.17,-2.05,4.86,6.12,6.066
22913,5.79,73.95898357,15.04030639,-4.54,-11.54,7.71,5.677,5.776
23607,4.65,76.1422432,15.40418059,18.4,-30.99,8.15,4.599,4.658
24197,5.18,77.92317268,16.04565766,3.46,6.32,10.15,7.184,5.351
25216,6.09,80.90717601,16.6993516,-27.5,-21.87,7.32,6.27,6.119
26777,4.84,85.32381426,16.53418318,5.42,-14.54,4.36,4.677,4.819
26382,5.53,84.26545679,17.0404091,42.9,-34.86,18.56,5.81,5.558
25583,5.77,82.00666898,17.23924182,16.53,-46.15,4.63,7.881,5.954
25950,5.5,83.05893591,17.05815445,-4.23,-10.85,2.92,5.478,5.487
26064,5.67,83.3817907,18.54023092,0.15,0.01,1.74,5.635,5.664
27338,5.47,86.85915586,17.7291527,-2.05,-4.79,2.57,5.825,5.508
27747,5.96,88.0975381,19.86785634,-5.57,-3.14,2.38,6.64,6.054
27965,5.92,88.73619396,19.74962409,0.39,-4.14,2.32,5.718,5.886
27913,4.39,88.59618305,20.27641498,-163.17,-98.92,115.43,5.125,4.466
27421,6.03,87.09317755,20.86952409,8.19,-17.88,5.48,5.953,6.013
25278,5.0,81.10545973,17.38355205,250.4,-7.42,68.19,5.642,5.062
25499,5.4,81.79203649,17.96226766,7.88,-21.06,4.88,5.284,5.389
25945,4.32,83.0531302,18.59424525,-0.34,-4.51,1.7,7.024,4.593
24977,6.2,80.23590518,19.81436874,-3.8,-9.04,5.22,7.782,6.336
24820,6.12,79.81130353,20.1346605,-34.12,-26.54,7.56,7.365,6.17
26072,6.19,83.41181839,20.47423451,2.92,-7.47,4.08,6.144,6.184
26451,2.97,84.41118447,21.14259299,2.39,-18.04,7.82,2.802,2.972
26616,6.42,84.86294295,21.76300696,2.87,-32.09,4.94,6.507,6.434
26853,6.35,85.51660701,22.66038594,-0.36,-25.09,9.08,7.896,6.483
26964,6.23,85.8312438,23.20441036,6.41,-15.78,2.97,6.137,6.22
25539,4.88,81.9086835,21.93698219,1.75,-6.96,4.69,4.69,4.851
25806,6.29,82.68050245,22.46230458,42.87,-20.54,8.26,7.81,6.424
26248,5.37,83.86300222,24.03963793,14.98,-20.22,5.44,5.254,5.361
22441,6.09,72.43366482,15.90423807,3.9,-6.92,2.31,8.14,6.274
23043,5.51,74.34311423,17.1537068,-11.16,-12.3,6.91,7.19,5.641
22565,5.08,72.84338884,18.83994085,79.66,-32.76,17.27,5.356,5.116
23835,4.91,76.86115023,18.64500711,536.05,18.51,63.02,5.71,4.988
23695,6.48,76.38377776,19.80675325,-10.61,-12.36,7.03,6.812,6.571
22850,6.36,73.74301084,19.4854572,63.32,-28.41,14.67,6.7,6.389
23871,5.28,76.95178565,20.41845485,-49.12,-31.33,18.8,5.434,5.304
23589,6.2,76.08991531,21.27799175,15.18,-25.17,5.3,7.952,6.348
23497,4.62,75.77376699,21.5900617,68.94,-40.85,20.01,4.825,4.642
21517,6.49,69.31158471,18.54304801,-3.76,-6.77,3.12,7.496,6.582
22176,5.99,71.56993252,18.73486237,73.03,-69.79,10.81,7.557,6.118
21408,6.33,68.92739034,19.88183123,-21.88,-16.5,7.03,7.264,6.425
21604,5.85,69.56599361,20.68474222,-13.89,-8.23,9.03,5.832,5.855
24822,4.96,79.81912416,22.09669104,19.62,-81.08,15.83,6.151,5.055
23883,5.84,76.98097847,21.70483596,1.75,-6.24,3.16,6.044,5.861
24512,6.26,78.86525046,22.28487452,-9.97,-6.64,4.96,6.36,6.277
25695,5.47,82.31871986,25.15030596,11.44,-37.36,7.52,5.398,5.426
23900,5.5,77.02759284,24.26518765,1.74,-5.29,1.01,5.54,5.507
23068,5.79,74.45268983,23.94858492,2.61,-9.37,6.92,7.207,5.93
22949,6.33,74.06496636,24.59225291,-22.3,-14.19,23.15,6.734,6.364
23088,5.79,74.53906826,25.05052129,26.23,-47.62,11.01,5.81,5.791
24984,6.35,80.24726681,27.95729708,-14.92,-14.55,4.69,6.396,6.359
24019,5.93,77.43773063,28.03060835,55.86,-60.57,18.28,6.346,6.045
29196,5.93,92.38517315,22.19027415,-6.99,-4.97,0.53,8.083,6.117
28561,6.36,90.42345796,22.40104371,-6.19,-17.4,5.58,6.28,6.35
28734,4.16,91.0300689,23.26363207,-2.6,-119.72,21.64,5.221,4.266
29225,5.75,92.4332724,23.11346966,-1.05,-1.43,-0.51,5.957,5.781
29379,5.83,92.88460504,24.42037914,0.99,-52.04,4.33,7.26,5.953
29840,6.24,94.24460603,23.74091563,-0.02,-2.61,1.56,6.749,6.329
29789,6.09,94.07939387,23.97004771,-13.64,-8.59,7.48,7.236,6.178
28154,6.03,89.23382284,24.24969579,1.45,-2.71,-0.24,6.443,6.078
27468,4.88,87.25399777,24.56755473,12.07,-8.16,6.25,6.187,5.001
27353,6.48,86.89443423,25.56864035,1.84,-7.11,3.27,8.017,6.61
28237,4.81,89.49857371,25.95391597,-2.85,-1.69,1.55,4.712,4.814
27830,4.56,88.33184814,27.61228536,3.82,-9.58,7.45,4.547,4.556
28500,6.04,90.25189136,27.572367,0.53,-1.89,0.7,6.307,6.079
28117,6.35,89.14069946,28.9422714,1.19,-2.21,0.9,6.674,6.385
30200,6.41,95.29963245,29.54092745,9.48,-45.66,9.64,6.459,6.408
31434,5.26,98.80025751,28.02234399,-0.41,-12.46,7.3,5.254,5.265
31737,5.76,99.59591342,28.98439129,-18.7,-15.52,7.74,5.764,5.749
30827,5.75,97.14203636,30.49306993,0.34,-14.95,2.09,6.702,5.83
31173,5.82,98.11334517,32.45494059,-26.51,-17.52,11.86,6.036,5.839
29696,4.32,93.84473576,29.49871224,-70.9,-261.73,19.31,5.633,4.439
28930,6.01,91.59349085,29.51242509,12.72,-4.67,3.65,8.222,6.252
30741,6.43,96.89798668,32.56311006,7.0,-67.56,7.49,8.094,6.598
29451,5.78,93.08387494,32.69338941,-8.69,-4.02,2.31,7.925,5.983
26640,5.18,84.93413604,25.89714891,9.75,-23.79,6.58,4.984,5.147
26571,6.45,84.73901439,26.61809415,13.55,-10.52,7.65,7.68,6.551
26396,5.83,84.28682553,26.92452823,11.11,-22.68,6.83,5.773,5.86
26291,6.27,83.9813217,27.6624233,-27.05,-31.47,4.08,8.279,6.441
26606,5.98,84.8263042,29.21523028,-1.48,-7.25,2.77,6.153,6.003
27629,5.6,87.74213255,27.96783335,-3.08,11.56,8.66,6.827,5.688
26781,6.4,85.33736027,29.48748098,16.34,-25.72,6.49,6.272,6.366
27164,6.5,86.37330119,31.32486889,6.18,-18.05,3.25,7.93,6.637
25428,1.65,81.57290804,28.60787346,23.28,-174.22,24.89,1.605,1.67
25192,6.45,80.84525767,28.93683899,14.5,-31.92,5.5,6.375,6.441
25730,6.2,82.41931237,29.18657825,28.97,-46.89,11.24,6.753,6.246
25492,5.69,81.78446999,30.20861412,0.27,-4.54,1.41,5.908,5.743
25001,5.66,80.30286824,29.56988462,-1.54,-0.19,11.72,5.733,5.666
25291,5.94,81.16052742,31.14316298,-10.61,-6.2,3.97,5.967,5.935
25290,6.3,81.16018419,31.22393349,-30.23,-8.74,4.38,7.919,6.433
26536,5.4,84.65874822,30.49244147,-21.15,-11.98,7.29,5.853,5.378
26712,6.04,85.14962767,31.35821889,-5.0,-8.87,6.49,6.071,6.036
26718,6.23,85.17520877,31.92061792,0.46,-4.28,2.38,8.954,6.466
25984,4.71,83.18197584,32.1920314,-1.81,-4.0,0.8,5.067,4.771
26054,6.5,83.36418803,32.80131934,-4.42,-57.35,10.98,6.609,6.486
26463,6.36,84.4408133,33.55915507,16.61,4.98,6.54,8.063,6.496
28517,6.18,90.29189835,31.03451677,-18.74,0.03,12.71,6.306,6.201
28644,6.23,90.72965494,32.63621103,81.47,-211.58,20.02,6.746,6.276
28861,6.23,91.39125755,33.59907187,-3.68,-9.09,3.48,6.121,6.208
27973,5.9,88.74591834,31.70193276,-45.1,-179.84,12.72,6.086,5.921
27661,6.28,87.85726997,32.12469631,7.44,-0.97,5.62,8.539,6.49
28908,6.12,91.53593305,35.38845807,-124.24,-295.3,37.9,6.843,6.191
27778,6.04,88.16700104,33.91744132,18.21,8.5,4.38,8.094,6.233
27639,4.72,87.7600428,37.30568175,36.96,-44.76,6.86,6.85,4.918
28380,2.65,89.93015897,37.21276409,42.09,-73.61,18.83,2.574,2.641
28820,6.32,91.2607666,37.96428777,-3.08,-6.47,4.32,7.354,6.42
28946,5.35,91.64620701,38.48277233,10.76,-52.7,8.57,5.654,5.378
27673,3.97,87.87246934,39.14847936,8.48,0.39,15.17,5.427,4.098
27777,6.4,88.16527675,39.57472245,-0.94,-7.31,4.93,6.525,6.416
58177,6.13,178.97802134,-39.68947554,60.62,-17.06,6.73,7.41,6.243
58057,6.46,178.60857677,-37.74907386,-331.05,57.19,21.5,7.056,6.515
59353,6.07,182.64075945,-37.87026816,46.1,-33.24,13.96,6.299,6.093
59950,6.15,184.44706163,-36.09396124,-40.9,-7.49,6.68,6.153,6.145
59008,6.23,181.48621209,-35.69393235,-34.61,2.77,4.48,6.13,6.215
59307,6.16,182.51075478,-34.70473605,-44.96,-2.3,9.92,6.161,6.121
59588,6.34,183.30403548,-34.12528736,-37.2,6.15,3.58,8.324,6.621
59622,6.34,183.40332369,-33.79288126,11.23,-15.42,8.03,6.479,6.414
57165,5.98,175.86333833,-37.19010227,-19.05,-21.81,5.45,7.873,6.145
57971,6.17,178.36194168,-35.06657261,-79.06,-29.89,13.23,6.279,6.18
57497,6.16,176.77925104,-35.90679191,41.36,-28.84,6.87,7.344,6.259
57936,4.29,178.22733867,-33.90813014,-58.02,2.4,8.93,4.169,4.267
59021,6.49,181.5218714,-32.96075904,-77.55,-194.27,19.48,7.23,6.538
58272,6.2,179.26575492,-33.3154488,-50.82,-5.17,8.63,6.138,6.193
61172,6.46,188.01835363,-32.53373156,-24.12,-12.03,5.74,6.679,6.492
60735,5.56,186.71539248,-32.83004764,-5.65,-30.09,6.38,5.573,5.566
60468,6.39,185.94925486,-30.33538535,10.21,-12.25,4.06,8.479,6.587
61720,5.86,189.76451917,-30.4223493,-38.64,-15.55,5.96,7.411,5.995
59742,6.5,183.77674609,-29.23719253,-28.6,-26.31,7.07,7.894,6.619
60603,6.09,186.32670513,-27.74899915,2.41,-1.23,5.07,7.754,6.233
60425,5.66,185.83999906,-24.84062116,-21.4,-19.59,10.32,7.149,5.788
56922,4.7,175.05341839,-34.7446553,-44.04,-1.84,6.59,4.603,4.686
56620,5.71,174.14551817,-33.56997476,29.35,-33.95,9.25,6.98,5.793
56657,6.32,174.25509929,-32.98799577,-9.65,-77.42,13.94,6.826,6.375
57047,5.2,175.43313494,-32.49932237,-5.54,-33.42,7.59,7.14,5.38
56452,5.96,173.62480364,-32.83334205,-670.98,823.84,104.84,6.977,6.053
56343,3.54,173.25107936,-31.85752405,-209.09,-41.6,25.23,4.745,3.646
57841,5.85,177.92340338,-30.83409571,-10.46,-293.31,31.81,6.508,5.92
57507,6.48,176.81661416,-30.28595727,-265.29,-227.49,56.26,7.321,6.555
57001,6.44,175.28584703,-29.19682236,-305.06,225.64,24.08,7.216,6.497
56332,5.13,173.22562476,-31.08723547,-28.55,4.02,7.2,7.183,5.322
56280,4.93,173.06840611,-29.26137351,-20.32,144.4,37.44,5.567,4.993
56293,6.15,173.09723921,-26.74685306,-82.86,19.69,4.48,8.302,6.357
58158,5.93,178.91720463,-28.47703681,3.82,-27.16,6.84,7.883,6.083
57749,6.48,177.65515301,-27.27795367,-83.31,7.23,6.58,7.725,6.588
58436,6.42,179.72663478,-25.90880286,-27.91,-22.46,3.66,6.458,6.422
59199,4.02,182.10313607,-24.72877993,100.18,-39.33,67.71,4.424,4.072
59394,5.45,182.76617138,-23.60237239,-65.51,-20.64,17.82,5.52,5.459
59316,3.02,182.53135773,-22.61979211,-71.52,10.55,10.75,4.758,3.161
57613,5.1,177.1879392,-26.74975369,-34.88,-9.68,6.84,7.087,5.291
58082,5.26,178.67711574,-25.71406632,48.96,73.58,11.06,6.387,5.374
56830,6.4,174.75175926,-24.72050905,30.75,-240.23,15.45,7.428,6.497
58574,6.28,180.17595167,-21.83748019,-8.9,-8.43,6.13,7.851,6.395
62131,5.46,191.00229297,-28.32386102,-29.54,-39.41,8.22,7.212,5.608
62500,5.65,192.10982759,-27.59723017,-152.82,-63.33,10.73,6.848,5.762
62788,6.14,192.99153012,-26.7383519,-109.86,31.8,16.62,6.41,6.167
61621,5.41,189.42594398,-27.13865883,79.52,-94.16,28.91,5.808,5.448
62448,6.43,191.97363562,-24.85174736,-41.5,36.5,3.82,6.343,6.411
63243,6.31,194.38819062,-22.75346787,-58.42,-13.0,8.01,7.67,6.429
61359,2.65,188.59680864,-23.39662306,0.86,-56.0,23.34,3.795,2.758
61015,5.63,187.57275779,-23.69642033,-25.36,0.7,3.63,7.79,5.819
64166,4.94,197.26367917,-23.11797275,-19.97,-39.9,14.14,6.278,5.054
63738,5.58,195.94177817,-20.58350964,142.13,5.14,34.89,6.268,5.657
65183,6.21,200.37423861,-19.48928681,-77.24,-2.84,11.28,6.329,6.221
64577,5.31,198.54570701,-19.93133468,-120.23,159.67,25.89,6.407,5.413
64725,5.21,198.99409266,-19.94282246,304.74,-115.41,25.68,6.516,5.329
64520,6.26,198.36186926,-18.8263809,-21.28,-10.45,2.52,6.341,6.251
64924,4.74,199.60405,-18.30861062,-1069.9,-1063.78,117.3,,
64407,5.04,198.01451923,-16.1979034,96.17,-287.23,30.72,5.592,5.089
60157,5.94,185.04514374,-22.17562676,-105.42,-30.25,6.88,6.982,6.041
60189,5.2,185.14046113,-22.21583387,-109.68,-27.71,8.47,5.082,5.187
61208,6.41,188.13705492,-21.21200466,-138.45,-45.66,7.78,7.833,6.525
61496,6.2,188.99488728,-20.52735401,33.29,-50.35,12.98,6.589,6.237
61270,6.26,188.34278349,-19.79248604,-30.0,-25.79,7.54,6.619,6.299
61951,6.02,190.45627095,-19.75913355,-179.95,17.1,15.08,6.484,6.067
61688,6.0,189.68619461,-18.2501648,-122.68,26.64,16.07,6.354,6.031
59728,5.82,183.74825968,-20.84423329,1.34,5.55,9.24,7.154,5.926
58587,5.28,180.21320843,-19.65899848,-16.85,6.69,1.86,5.023,5.243
60809,6.3,186.95605406,-16.63185314,-10.33,3.9,2.55,7.391,6.391
60965,2.94,187.4665965,-16.51509397,-209.97,-139.3,37.11,2.944,2.959
59803,2.58,183.95194937,-17.5419837,-159.58,22.31,19.78,2.49,2.572
59895,6.05,184.26401068,-16.69374078,-49.2,2.07,6.04,6.193,6.068
63109,6.18,193.97189424,-15.32702221,-19.08,-1.03,4.87,6.183,6.193
61174,4.3,188.01868646,-16.19586556,-424.37,-58.41,54.92,4.759,4.352
61212,5.74,188.15036083,-13.85897407,-146.68,-53.89,27.06,6.178,5.781
60994,6.37,187.52054829,-13.39305238,-261.58,-54.16,40.03,7.09,6.459
61296,5.58,188.3927875,-12.83032829,-16.99,51.63,20.58,6.656,5.679
61910,5.17,190.31676407,-13.01392023,-117.92,7.86,11.72,6.289,5.849
62983,6.0,193.57809243,-11.64859567,-138.92,10.56,14.98,6.082,6.006
54477,5.43,167.18353198,-28.08061647,-73.09,-22.24,17.21,5.515,5.438
54703,6.43,167.99107396,-26.80615228,-26.98,15.87,7.63,7.604,6.538
54255,5.69,166.48978075,-27.28781183,34.44,-17.1,4.08,5.621,5.699
54204,4.92,166.33346925,-27.29359566,-190.74,-6.87,22.98,5.373,4.967
56078,5.77,172.41103268,-24.46405831,-49.69,19.4,8.08,5.813,5.743
53963,6.21,165.60170418,-26.83120466,67.88,-123.74,18.84,6.576,6.242
54682,4.46,167.91452617,-22.82560642,4.73,-99.06,12.26,4.502,4.464
54749,6.39,168.14496693,-21.74935077,12.87,4.72,4.76,8.198,6.553
56245,6.24,172.94843846,-20.77656734,-118.1,39.3,25.3,6.869,6.298
57079,6.21,175.51472348,-20.29403646,-8.05,-53.92,13.93,7.416,6.317
57283,4.71,176.19066226,-18.35061467,27.15,-24.56,9.31,5.943,4.818
55598,5.08,170.84196837,-18.77990277,-305.91,-29.06,22.8,5.592,5.126
55705,4.06,171.22076335,-17.68401748,-97.01,3.22,38.9,4.327,4.103
56899,6.17,174.95977093,-16.62020855,-17.52,-8.6,3.22,8.253,6.392
56364,6.05,173.31171227,-16.28027347,19.99,-44.13,8.14,6.773,6.116
53387,6.45,163.79824702,-20.66497238,-11.41,3.83,5.12,7.842,6.563
53252,5.23,163.37284019,-20.13815014,80.53,-239.09,31.91,5.806,5.285
53740,4.08,164.94478664,-18.29909723,-462.39,129.11,18.71,5.49,4.205
51852,6.49,158.91191934,-18.56900618,5.2,11.63,13.87,6.717,6.503
53723,5.88,164.87897514,-16.35368059,-43.14,-8.55,2.75,7.993,6.083
52737,5.44,161.71693697,-17.29683026,-16.03,-17.91,14.88,5.581,5.444
52943,3.11,162.40596699,-16.19413208,92.77,199.02,23.54,4.739,3.253
53259,6.34,163.38693326,-15.44568573,65.49,-57.19,13.01,7.88,6.474
54742,6.11,168.12660137,-18.49980038,-19.65,-25.54,6.81,6.098,6.098
55282,3.56,169.83551103,-14.77904358,-124.47,206.61,16.75,5.006,3.692
55874,5.93,171.78989699,-12.3568071,-98.3,23.82,14.91,6.504,5.982
53849,6.35,165.23890236,-15.79259236,86.61,-36.82,5.7,7.866,6.481
53778,5.86,165.04874547,-14.08329867,-8.79,-28.65,7.37,7.818,6.024
54048,6.34,165.90222249,-13.43491086,4.17,-3.84,5.94,7.446,6.44
58188,5.17,179.00409802,-17.15080863,-49.07,-8.23,11.42,5.14,5.166
57732,6.13,177.58168578,-15.86370603,-1.34,16.21,4.85,7.328,6.235
56901,6.21,174.9630975,-14.46851213,-36.39,-7.14,5.46,6.207,6.21
57819,6.34,177.84183475,-12.18792174,-239.32,45.48,22.25,6.816,6.394
58576,5.54,180.18486353,-10.44483921,141.98,-483.34,77.48,6.506,5.623
58450,6.49,179.78906616,-10.47597109,-9.02,30.93,3.79,8.386,6.654
60221,5.14,185.23214915,-13.56574902,-5.09,10.27,16.61,6.491,5.264
60595,5.95,186.29917028,-11.61051268,-58.99,-31.89,15.49,6.001,5.953
60421,6.48,185.82873989,-11.81209173,-51.02,-10.49,3.7,8.58,6.673
61318,5.48,188.44498858,-9.45207768,-82.2,0.11,12.47,5.451,5.491
59750,6.11,183.79391146,-10.30993958,31.97,-1012.44,44.34,,
60418,6.47,185.81394956,-4.97443301,30.41,-28.62,7.17,8.002,6.595
56802,5.48,174.66648767,-13.20224958,99.62,126.17,37.06,6.093,5.544
56633,4.7,174.17061875,-9.80225368,-59.32,2.82,10.7,4.61,4.676
57587,6.24,177.09812514,-10.3128395,-105.9,-109.06,23.49,6.944,6.309
55687,4.81,171.15252245,-10.85938276,-24.14,24.46,8.95,6.843,4.99
57214,6.05,175.97953127,-6.67706055,56.23,-41.77,8.47,7.265,6.159
56318,5.94,173.19808805,-7.8275244,-7.54,0.44,5.67,7.74,6.085
58741,6.24,180.7153362,-7.68366221,-34.25,16.22,4.59,8.175,6.407
57791,5.62,177.75929508,-5.333334,0.88,0.86,12.59,6.966,5.745
59010,6.37,181.49929442,-3.13154264,-27.64,-19.81,6.54,7.644,6.478
58603,6.32,180.25729082,-1.76798636,-19.79,-73.9,5.31,7.872,6.456
66015,6.01,203.01194311,-18.72883645,-96.54,-17.83,13.94,6.253,6.028
65301,5.36,200.75477211,-17.73520402,-50.08,-28.67,10.2,6.613,5.47
66091,5.52,203.21536872,-15.36301232,-77.23,0.27,4.94,7.111,5.664
65639,4.76,201.86349201,-15.97363075,-122.13,21.61,12.63,6.162,4.874
67057,5.55,206.12424684,-16.17905873,12.62,-5.63,4.18,6.554,5.652
67139,6.18,206.3962214,-15.7674092,-40.99,-23.74,9.63,6.242,6.191
66247,5.92,203.66866043,-13.21430591,-47.98,-7.32,6.43,5.945,5.924
65581,5.27,201.68018558,-12.70761258,-128.56,-21.22,6.46,7.204,5.431
65474,0.98,201.2983523,-11.16124491,-42.5,-31.73,12.44,0.877,1.031
67172,5.5,206.48471128,-12.42654721,-19.18,8.0,8.6,6.643,5.595
69127,6.45,212.25248994,-10.3345991,-6.24,21.73,5.88,7.717,6.56
68940,5.46,211.67877719,-9.31352509,-140.62,4.05,18.22,5.878,5.5
67271,6.04,206.80585036,-9.70935031,-0.29,-43.2,6.37,7.894,6.217
66098,5.21,203.24204653,-10.16490767,-30.72,-37.96,12.36,6.444,5.314
66803,5.03,205.40346122,-8.70308218,-91.65,40.28,7.13,7.141,5.222
67953,6.19,208.74293617,-8.05876407,-174.33,-36.18,29.57,6.713,6.127
63220,6.33,194.30284771,-12.06692425,-17.13,-9.55,5.07,8.324,6.533
64078,5.15,196.97417871,-10.74038528,16.03,-9.38,10.66,6.608,5.283
64224,5.95,197.43870138,-10.32930884,-14.98,-7.31,4.97,7.888,6.129
64181,6.32,197.30946673,-9.53809931,-56.19,0.49,8.08,7.615,6.423
62743,6.48,192.84555077,-10.33821106,-8.8,-3.41,8.45,7.793,6.582
62985,4.77,193.58822553,-9.53894647,-18.26,-19.72,7.82,6.827,4.975
64122,5.57,197.13536674,-8.98422912,-36.21,-64.19,8.78,7.087,5.7
64238,4.38,197.48755015,-5.53892987,-35.08,-32.8,7.86,4.381,4.381
65892,6.1,202.60707597,-6.47029456,44.2,12.32,18.47,6.483,6.14
66006,4.68,202.99144179,-6.25571065,-103.8,-43.4,7.55,6.812,4.89
66320,5.7,203.88036281,-5.39639184,15.54,82.55,8.8,6.917,5.814
65420,5.76,201.13806845,-5.16392212,157.73,-36.24,33.23,6.249,5.812
65323,5.88,200.82877172,-4.92438824,-19.5,-16.1,2.81,7.746,6.03
65796,6.42,202.31225262,-1.3642843,-42.01,-58.99,6.8,7.858,6.537
65545,5.97,201.54783683,-1.19248368,-114.57,5.2,13.3,6.187,5.987
69773,6.47,214.20310518,-8.88443797,-16.93,-14.35,6.13,8.038,6.602
69881,6.47,214.50237262,-7.54181672,267.04,-234.99,30.47,,
70038,6.42,214.971891,-6.74610982,-90.74,-23.53,10.82,7.592,6.537
69727,6.44,214.08919485,-6.62151816,-42.65,-10.49,19.19,6.774,6.476
69701,4.07,214.00368717,-5.99952622,-25.84,-419.84,46.74,4.691,4.131
69564,6.36,213.58953291,-5.94792042,-306.24,83.58,24.09,7.079,6.434
70680,6.18,216.85176863,-6.1201914,-62.15,-57.84,13.83,6.303,6.182
68739,6.39,211.06070549,-5.38138548,-16.35,-12.66,11.06,8.137,6.544
68380,6.36,209.95540345,-3.54965113,-29.68,-56.3,12.89,6.993,6.457
69747,6.15,214.12574343,-3.19622588,-22.4,-32.55,6.02,6.143,6.14
70012,5.14,214.88562263,-2.26534352,-119.29,-71.87,11.9,6.458,5.259
69493,5.89,213.41945412,-0.84512445,207.42,-139.09,17.94,6.457,5.948
70755,4.81,217.05091806,-2.22795009,-140.94,-2.92,24.15,5.681,4.913
72122,6.06,221.29891743,-1.41752729,-56.73,-0.71,6.38,8.127,6.242
72449,6.15,222.22541473,-0.84769586,-8.5,16.88,9.24,6.102,6.132
73193,5.51,224.38840115,-0.16754803,59.91,-26.2,11.06,6.968,5.636
72629,6.18,222.75047349,-0.25750738,-32.08,6.89,7.18,8.03,6.337
72154,5.68,221.37595224,0.71729003,-39.85,-7.92,5.31,5.657,5.672
70022,6.18,214.92071957,0.38436366,-37.38,-12.41,14.29,6.431,6.209
70894,5.96,217.46045655,0.82891135,15.7,7.26,13.1,6.156,5.983
70319,6.25,215.81314273,1.2427295,223.66,-477.48,56.82,7.035,6.327
71510,6.45,219.36870503,2.27741561,-36.69,-73.18,11.16,7.138,6.513
72220,3.73,221.56246594,1.8929383,-116.04,-21.75,25.35,3.735,3.73
67929,5.16,208.67581845,-1.50307142,-85.06,-21.93,12.84,6.564,5.28
68520,4.23,210.41159648,1.54458338,17.41,-21.2,14.94,4.368,4.254
66249,3.38,203.673978,-0.59593821,-278.89,48.56,44.55,3.537,3.392
68092,5.9,209.11622242,1.05054828,-28.09,13.65,9.66,6.16,5.927
69340,6.42,212.88032541,1.36232319,-128.36,31.08,21.78,6.987,6.462
69389,4.99,213.06596003,2.40949613,-44.67,-26.1,12.45,4.859,4.972
68776,6.28,211.15604081,2.29752929,-38.82,0.9,8.19,7.589,6.383
69614,6.41,213.72103315,3.33593802,-49.98,-24.78,4.01,8.476,6.648
70949,6.01,217.68911903,4.77231676,1.14,-12.7,3.02,7.874,6.172
70400,5.1,216.04745973,5.82011481,-77.91,6.49,21.56,5.264,5.116
68707,6.24,210.98234323,4.90097991,-9.97,-2.75,15.91,6.699,6.284
61740,4.66,189.81171855,-7.99550439,-77.3,-24.66,10.24,6.256,4.789
62421,6.27,191.88925076,-6.30164895,5.27,-42.22,15.09,6.918,6.333
62915,6.45,193.40883586,-4.22450913,3.82,-62.73,9.61,7.844,6.561
63414,5.79,194.91477267,-3.81194179,-48.2,6.57,10.95,6.009,5.822
63494,5.99,195.14982714,-3.3686079,-19.39,49.42,9.47,7.454,6.115
62875,6.11,193.29712947,-3.55308979,-263.79,-3.45,30.75,6.693,6.168
61558,5.88,189.19737813,-5.8318511,-27.51,-19.46,14.54,5.966,5.886
61134,6.19,187.91142055,-5.05266679,-31.56,30.79,8.11,7.531,6.298
60813,6.23,186.96499562,-4.6152824,-86.75,2.27,10.9,6.734,6.262
62103,5.91,190.90842535,-1.57681459,48.1,-74.58,14.26,7.002,6.015
61941,2.74,190.41667557,-1.44952231,-616.66,60.66,84.53,,
64838,6.36,199.37455403,-0.67604128,-68.14,-9.6,13.45,6.659,6.383
60129,3.89,184.97663096,-0.66674709,-59.14,-23.13,13.06,3.941,3.894
60030,5.9,184.66790853,-0.7871448,33.51,-16.17,10.0,6.107,5.924
59285,5.95,182.42202206,1.89832789,42.12,-180.44,11.94,7.415,6.081
60172,4.97,185.08813566,3.31272688,-293.82,-62.85,11.43,6.482,5.099
62757,6.02,192.90379424,3.05673901,-36.59,20.08,5.6,7.688,6.159
61658,5.68,189.59355028,1.85470456,-79.51,-17.47,6.51,7.733,5.889
61637,6.33,189.51847183,3.28247137,-29.08,-11.21,5.02,6.334,6.335
62443,6.42,191.96423902,3.57272118,-8.93,-2.11,5.68,8.467,6.618
63090,3.39,193.90201366,3.39759862,-471.44,-52.81,16.11,5.405,3.601
62376,6.31,191.75953626,5.9505084,29.95,-55.54,6.23,6.28,6.299
61968,5.57,190.48816539,6.80664416,-71.67,-11.15,13.37,5.575,5.572
62267,5.22,191.40467529,7.67331477,-108.93,4.53,13.36,5.6,5.249
65198,5.69,200.42366137,2.0873706,-61.27,-52.4,15.32,5.747,5.697
66200,4.92,203.5329387,3.65902506,43.89,-24.03,17.79,4.978,4.919
66936,5.35,205.76618427,3.53807968,-294.22,-72.88,15.01,6.919,5.542
65119,6.26,200.17335581,2.94231688,-62.29,-11.23,7.97,6.432,6.336
65241,5.89,200.54054052,5.15485074,-69.02,-35.55,15.7,6.028,5.897
64852,4.78,199.40119538,5.46984502,-7.16,10.0,6.03,6.946,4.978
65862,6.18,202.50032849,7.17884139,3.42,4.89,4.06,8.098,6.337
67545,6.0,207.60280332,5.4972218,10.42,0.71,8.09,7.115,6.099
67246,6.33,206.73925975,6.35064241,-511.29,-109.99,32.66,7.097,6.397
68687,6.25,210.90328677,7.54621276,-38.49,-17.43,7.54,7.421,6.347
68498,5.98,210.33504074,8.89490924,32.96,-1.19,11.33,6.085,5.99
68594,6.18,210.63315739,9.68626604,-188.93,-70.1,3.76,7.276,6.305
68682,6.27,210.88458683,10.78751797,85.26,-304.04,60.24,7.19,6.352
66860,6.16,205.55409628,8.38860602,-377.86,-87.16,27.96,6.639,6.211
67104,6.42,206.30611605,10.32541423,-54.99,-44.79,8.79,8.0,6.546
66326,6.48,203.88905155,10.2050894,88.28,-52.58,9.9,7.819,6.6
66640,5.57,204.89451792,10.74630126,-113.44,-13.38,18.68,5.97,5.612
67714,6.1,208.07662469,12.16515892,26.88,-9.71,10.03,6.157,6.103
64792,5.19,199.19463902,9.423693,-334.51,190.7,55.71,5.904,5.26
62325,5.65,191.59324849,9.54078962,278.73,-455.04,22.36,6.903,5.765
64179,5.79,197.3017599,10.02246786,22.78,0.18,9.27,7.104,5.906
64607,5.64,198.63017874,11.33178469,68.52,-52.81,6.43,7.621,5.821
64445,5.76,198.13729799,11.55617035,-50.68,-30.57,4.02,7.741,5.94
63608,2.85,195.54483557,10.95910186,-275.05,19.96,31.9,4.033,2.947
65790,5.65,202.30431766,10.81839609,-60.34,-35.52,11.99,7.022,5.769
65417,6.44,201.12724147,12.43174526,-11.74,35.83,6.06,7.813,6.556
65721,4.97,202.10812668,13.78018777,-234.81,-576.19,55.22,5.854,5.05
66522,6.49,204.53276509,14.30196227,41.01,-14.98,13.95,6.815,6.526
64823,5.33,199.31509739,13.67564684,8.09,42.94,10.94,7.043,5.464
52085,4.91,159.6458878,-16.87663687,-98.57,26.75,14.52,6.066,5.008
51905,6.01,159.0694889,-16.34433285,-30.43,2.93,3.37,8.135,6.203
51069,3.83,156.52293768,-16.83609584,-128.51,-80.06,13.14,5.768,3.993
52391,6.24,160.63075751,-13.97454499,-14.89,12.54,4.42,8.229,6.404
52009,4.89,159.38853109,-13.38445095,41.74,-37.83,6.18,8.448,5.223
50536,6.01,154.82033171,-12.52810011,-17.73,-13.01,15.01,6.325,6.054
51491,5.59,157.74940778,-13.5884676,-33.59,-0.81,6.7,5.553,5.589
51933,5.71,159.13426115,-12.22848702,268.49,-672.31,40.67,6.335,5.773
52113,6.04,159.71016955,-12.44364242,-46.88,10.15,9.09,6.03,6.039
53316,5.65,163.57408704,-13.75805882,-6.35,9.53,7.97,6.689,5.745
54029,5.51,165.8122009,-11.30320923,-81.71,-107.11,10.24,6.699,5.611
54214,6.09,166.39158166,-11.08872717,25.8,-71.37,15.57,6.441,6.126
52948,5.85,162.43117856,-9.85262893,9.78,-27.17,9.41,7.217,5.963
52980,5.8,162.57524733,-8.89772694,-5.33,-14.72,8.9,5.995,5.814
49809,5.3,152.52483143,-12.81565791,-122.3,-109.18,36.61,5.721,5.338
49402,4.6,151.28121856,-13.06467435,-37.48,19.9,11.77,4.492,4.586
49841,3.61,152.64748785,-12.35383921,-200.33,-100.28,28.44,4.907,3.721
49802,6.24,152.48536641,-12.09526147,-1.7,-17.76,12.57,6.464,6.249
50292,6.08,154.03755048,-11.20341702,-23.72,-0.67,5.08,7.489,6.19
50584,6.31,154.99799665,-9.05882983,-63.4,-71.73,18.77,6.709,6.344
50414,5.25,154.40790248,-8.0689212,-160.25,2.78,17.86,5.632,5.278
49293,6.09,150.920793,-9.57376953,-6.32,-9.17,2.59,8.281,6.313
48437,5.07,148.12696211,-8.10491559,-61.83,-47.21,12.47,5.13,5.085
49865,5.64,152.73275535,-8.41835129,-0.12,-45.43,6.89,7.324,5.766
49812,5.91,152.53149046,-8.40816325,-28.51,-2.92,6.19,5.921,5.902
49900,6.23,152.82398897,-7.31659367,13.22,-13.31,6.74,6.266,6.238
51490,6.2,157.74493577,-7.63754495,-35.14,-2.0,4.25,8.277,6.466
51046,5.6,156.43479445,-7.06014256,-135.2,129.0,9.91,7.578,5.775
50552,6.38,154.88486981,-5.10597604,-41.13,-70.76,11.14,7.499,6.465
50885,5.93,155.86045025,-4.07404512,-50.51,4.24,9.28,5.862,5.92
50893,6.39,155.88609768,-3.64286765,-11.79,5.45,2.71,8.542,6.613
51302,6.05,157.18316638,-3.74231608,0.69,-28.28,13.38,6.106,6.047
51362,5.19,157.36971129,-2.73904701,-48.78,-12.76,10.87,5.128,5.176
51117,6.33,156.65392802,-0.98807769,-48.52,9.19,4.32,8.217,6.487
51437,5.08,157.57292935,-0.63697208,-40.12,-22.17,9.46,4.905,5.047
55106,6.11,169.24242347,-7.13470764,-7.15,7.68,7.75,6.384,6.134
56500,6.43,173.74554486,-4.36118013,-44.54,-45.83,5.29,7.933,6.554
55084,4.45,169.16568371,-3.65151412,-108.15,-35.76,16.69,4.721,4.488
56775,6.22,174.6003789,-2.43593788,-38.96,15.06,8.73,7.637,6.333
56127,4.77,172.57867422,-3.00345887,19.78,-17.14,5.4,6.768,4.936
56647,4.3,174.23720774,-0.82385424,1.3,43.43,18.31,5.56,4.413
57629,6.15,177.25584223,-0.31867805,-206.09,3.44,29.26,6.758,6.201
58002,6.31,178.45959018,0.55210721,-41.83,2.94,7.58,6.564,6.332
57757,3.59,177.67202553,1.76537705,740.96,-271.18,91.74,4.273,3.66
55941,6.23,171.97387788,-1.69995329,-35.17,3.09,6.25,7.547,6.373
55595,6.05,170.82489203,0.13206925,-39.64,-7.97,4.83,7.956,6.211
55650,5.39,171.00973642,1.40776375,-16.47,0.7,8.93,6.577,5.49
56388,6.49,173.40138864,2.49907231,22.92,-15.94,2.6,8.615,6.686
56445,5.76,173.59189996,3.060415,-181.62,-102.66,37.65,6.311,5.813
53035,5.95,162.77266696,-3.09264065,-54.06,-10.92,6.34,7.899,6.123
53907,4.73,165.45695372,-2.48449705,9.58,-36.11,6.34,6.831,4.91
53240,6.12,163.35433053,-2.25500952,-131.91,-82.01,12.51,7.27,6.218
53273,5.45,163.43233719,-2.12924149,-83.35,15.0,10.45,6.682,5.555
52863,5.92,162.16902815,-1.95891494,-18.58,7.93,6.14,8.005,6.109
53167,6.31,163.15039855,-0.20159519,-6.24,-25.25,3.93,8.275,6.479
54027,6.12,165.81063394,-0.75206922,-19.77,-113.26,18.31,6.436,6.152
54849,5.4,168.43991709,-0.06950857,-48.14,2.73,6.84,5.373,5.397
54049,5.95,165.9026141,-8.3195E-4,-60.23,-0.41,5.85,7.535,6.074
52316,6.25,160.3511114,-1.74120123,-136.88,-119.1,29.08,7.366,6.349
53141,6.37,163.05704676,1.02498206,2.61,-3.83,3.12,6.473,6.377
53423,5.91,163.92640433,0.73693069,103.0,-3.41,22.85,6.421,5.968
52584,6.27,161.28952021,2.48802834,-48.56,-23.87,5.1,7.844,6.408
55249,5.9,169.72908955,1.65053072,-38.19,-55.95,10.48,7.243,6.018
55137,5.18,169.32236746,2.01090315,55.1,-142.89,7.99,7.153,5.346
54336,5.52,166.72679525,1.95573365,-383.06,-85.67,16.05,6.766,5.639
55945,4.95,171.98429124,2.85629071,17.32,-10.41,5.25,6.226,5.055
55846,6.49,171.69060734,3.01265989,-726.28,181.91,56.59,7.47,6.553
55791,6.35,171.45876249,3.86019417,-83.06,-34.72,16.28,6.752,6.388
55434,4.05,170.28436733,6.02935289,-91.76,-12.83,15.24,3.983,4.039
53807,4.84,165.14016441,3.61753351,15.66,-16.24,9.54,6.344,4.975
53824,4.98,165.18680144,6.10150342,-51.03,-22.24,21.61,5.185,5.012
54182,4.62,166.25512463,7.33612254,-344.41,-47.4,34.54,5.024,4.658
54863,5.79,168.50752833,8.06095499,46.23,-106.76,14.6,7.253,5.918
48351,6.42,147.84037715,-6.18205868,-126.85,53.73,22.45,7.12,6.492
48341,6.01,147.80843348,-4.24328092,13.76,-28.25,16.31,6.224,6.045
46982,5.56,143.63600852,-5.91480636,10.79,-58.3,4.79,7.049,5.687
46221,5.6,141.35017628,-5.1173788,-11.68,-6.14,4.83,7.574,5.757
46543,6.25,142.38514104,-4.24650832,-30.31,-52.7,18.39,7.294,6.345
47242,6.45,144.44142337,-3.17060829,-9.96,-13.85,7.22,7.715,6.567
47431,3.9,144.96389156,-1.14265722,47.81,-62.92,11.83,5.624,4.051
49641,4.48,151.98456489,-0.37162786,-26.17,-3.65,11.35,4.444,4.474
50887,6.45,155.86805001,-0.9021621,65.19,-33.77,13.37,7.635,6.554
48839,6.43,149.4329085,-1.94177088,8.89,8.5,11.81,7.743,6.56
48413,6.34,148.04999861,0.07567169,-25.93,-25.4,7.62,7.514,6.432
49329,6.43,151.03531426,3.20128263,-73.63,-93.76,18.2,6.926,6.487
46509,4.59,142.28682816,-2.76895627,100.93,-3.15,58.48,,4.922
46529,6.14,142.35196411,-2.20517624,-50.4,1.81,6.87,6.402,6.167
46288,6.01,141.592957,-1.46406552,-1.37,-5.23,3.72,7.719,6.141
46776,4.54,142.99556148,-1.18465438,-11.42,-3.87,7.11,4.689,4.566
46504,6.27,142.25973472,-1.25691594,-62.64,1.22,10.96,6.605,6.309
46840,6.11,143.1725272,1.86423899,-21.01,-36.05,7.84,6.862,6.184
44738,6.16,136.74977358,1.46273239,-11.02,-15.91,3.29,8.304,6.375
45336,3.89,138.59080529,2.31502422,112.57,-306.07,25.34,3.822,3.876
47960,5.65,146.59851244,1.78568624,-54.69,-41.2,11.92,6.059,5.686
48414,6.02,148.05112987,2.4538989,-185.01,95.35,3.11,5.966,6.008
48273,6.24,147.62570398,4.34377417,-150.1,-50.91,21.78,6.793,6.295
48519,5.9,148.42886212,5.95856912,-2.92,1.72,2.33,8.084,6.127
47310,4.68,144.6141046,4.64941422,-165.45,-49.93,11.9,6.413,4.824
47943,5.8,146.54183697,6.70861426,5.68,-24.03,3.13,7.954,5.996
64241,4.32,197.49812263,17.52911621,-445.95,129.69,69.81,,
47205,5.0,144.30295211,6.83577519,-70.26,11.03,14.45,6.344,5.122
50939,6.33,156.05479557,2.36807198,44.22,-22.16,9.95,7.578,6.427
52452,5.77,160.83711787,4.74774961,19.69,-32.96,4.68,7.24,5.879
50027,5.77,153.20163836,4.61469047,-48.72,-4.37,6.19,7.296,5.906
51775,5.07,158.70030655,6.95361136,-100.19,56.6,10.23,6.258,5.178
50851,6.06,155.7519036,6.5428835,-16.27,-98.74,14.22,7.516,6.2
53449,5.91,164.00617929,6.18538415,-22.45,-5.48,10.03,7.582,6.114
52660,6.38,161.52368605,6.37327206,-6.77,-36.58,9.28,7.835,6.496
51802,5.67,158.75912532,8.65043904,-52.74,-5.56,7.05,5.73,5.642
51624,3.84,158.20281305,9.30659431,-5.57,-3.59,0.57,3.652,3.826
52911,5.32,162.31430258,10.54526139,-4.37,-24.39,9.76,5.357,5.318
49530,6.2,151.697684,5.61153274,-33.02,-16.29,9.44,7.368,6.29
51008,5.61,156.31328707,8.78493853,10.54,-38.65,4.63,7.733,5.811
51213,6.01,156.91244127,9.7624114,7.85,-6.27,8.47,5.963,6.002
49029,4.68,150.05343468,8.04427686,-30.06,-22.11,6.21,6.771,4.86
48876,6.05,149.53175281,8.31404459,17.59,-27.03,6.05,7.8,6.191
48734,5.85,149.10844321,8.93310774,-84.71,20.41,4.84,7.3,5.976
49637,4.39,151.9763285,9.99766389,-81.1,-64.2,11.89,6.272,4.537
49669,1.36,152.09358075,11.96719513,-249.4,4.91,42.09,1.36,1.399
48883,5.26,149.55579541,12.44483936,-25.28,-16.07,6.16,5.21,5.253
49929,6.43,152.90911694,13.35520406,38.83,-37.05,14.49,6.992,6.481
52689,5.49,161.60563681,14.19480263,-125.33,-64.92,11.34,6.634,5.583
51585,5.43,158.04916002,14.13720956,-40.94,24.71,3.01,7.658,5.638
50333,5.42,154.16979666,13.72837138,-22.85,-15.24,6.53,7.558,5.612
50755,6.16,155.45967734,14.97580063,-32.15,-11.27,6.85,6.165,6.169
58445,6.18,179.76406511,0.53060794,-65.45,29.65,5.46,7.816,6.324
58510,5.36,179.98718202,3.65521716,-19.36,-8.36,11.8,5.365,5.358
58809,6.39,180.93554059,5.55795197,-149.01,-83.08,15.34,6.928,6.45
59309,5.72,182.51463175,5.80696343,-159.75,18.33,22.81,6.148,5.747
57380,4.04,176.46487734,6.52981394,-19.65,-180.02,10.42,6.017,4.212
58590,4.65,180.21829289,6.61439464,-0.25,-29.71,9.16,4.808,4.671
58110,5.58,178.76313138,8.44390534,-30.47,15.53,19.45,6.744,5.678
60353,6.46,185.6339017,5.30557355,-166.57,-53.15,33.53,7.123,6.517
61103,6.05,187.83928382,7.60428312,-20.97,10.66,4.1,8.043,6.229
61960,4.88,190.47086482,10.23584294,82.62,-89.51,27.1,4.974,4.88
60804,6.36,186.92528655,8.61037129,22.23,-11.21,4.54,7.525,6.454
61246,6.29,188.2621197,10.29566078,-50.11,4.27,6.92,7.485,6.389
58948,4.12,181.30279,8.73284563,-220.32,57.52,19.08,5.364,4.224
59608,5.85,183.35831031,10.26236039,-94.48,-7.95,20.18,6.163,5.874
56779,5.24,174.61504009,8.13428325,-3.37,6.28,6.8,7.257,5.494
56756,6.18,174.54110656,8.88377717,-58.37,5.99,8.74,7.593,6.31
57562,5.31,176.97888233,8.24586534,-53.24,12.14,16.97,5.352,5.316
57328,4.84,176.32085333,8.25817475,59.66,-22.8,27.29,5.052,4.862
55642,4.0,170.98070334,10.52969772,140.75,-77.8,41.26,4.455,4.008
55716,5.8,171.24577834,11.43030968,-101.94,-7.36,6.97,7.573,5.949
57779,6.37,177.73092864,12.27897116,-136.66,27.2,18.08,6.705,6.404
59819,5.09,184.00097886,14.89914477,-80.58,-30.52,16.49,5.181,5.105
59941,6.36,184.43433066,15.14479989,34.54,-41.27,6.13,8.154,6.484
57606,5.9,177.16154436,14.28419729,-103.25,5.17,13.48,6.24,5.933
57632,2.14,177.26615977,14.57233687,-499.02,-113.78,90.16,2.3,2.143
57646,6.05,177.311522,16.24301299,38.16,-53.99,15.96,6.379,6.073
58159,5.53,178.91886481,15.64680922,10.08,3.52,5.82,5.671,5.543
59352,6.4,182.63184055,16.80927624,-21.66,-2.23,3.61,6.48,6.402
61937,6.22,190.3935629,10.42626827,-106.08,0.71,14.6,6.467,6.243
62933,6.25,193.45697842,12.41850095,63.35,-35.13,16.4,6.583,6.275
62394,6.11,191.80673093,11.95813254,44.68,-18.39,13.41,6.273,6.12
62478,6.47,192.05985106,13.55310064,-48.47,-33.96,8.01,6.502,6.482
62541,5.71,192.22581729,14.12263297,28.96,-20.23,8.1,5.734,5.705
62356,5.12,191.66147205,16.57764912,12.55,17.39,10.13,6.875,5.268
62825,6.29,193.11468032,16.12252624,-43.25,-12.66,8.95,6.517,6.319
62807,6.32,193.05106622,17.07395533,2.21,-4.95,1.78,8.415,6.502
61571,5.7,189.24314199,17.08957856,-35.65,-17.53,6.29,7.57,5.849
64797,6.49,199.21111349,17.01781641,631.21,-260.84,89.07,7.637,6.575
64226,5.91,197.44953121,16.8486489,-65.58,-15.39,4.45,7.823,6.083
63355,4.76,194.73110786,17.40936063,-38.66,34.95,10.91,6.802,4.934
63533,5.97,195.29008399,17.1232026,-9.0,-23.01,8.14,7.217,6.081
64496,6.1,198.30223883,18.72712766,-216.03,-49.28,10.98,7.698,6.248
64751,6.46,199.05977711,19.0517164,-96.89,7.31,10.63,7.672,6.559
64779,6.43,199.134702,19.78521744,-110.15,29.54,11.65,6.769,6.461
63497,6.2,195.16190005,18.37286539,-234.6,59.27,24.49,6.74,6.26
62904,6.42,193.38416881,19.48149121,-150.31,-176.84,22.71,7.422,6.515
62886,4.89,193.32404513,21.24502058,-42.48,-32.0,10.06,6.088,5.024
63948,6.0,196.58867941,21.15351,-69.06,-46.54,20.03,6.474,6.056
63950,5.53,196.59410061,22.61629063,29.84,-42.71,5.7,7.527,5.81
60210,6.47,185.20311213,15.54096865,-51.97,7.8,6.81,7.748,6.579
60202,4.72,185.17955477,17.79265307,-109.67,88.5,9.04,6.004,4.843
61418,5.03,188.78234382,18.37700118,-4.58,23.3,5.31,6.454,5.113
60957,5.68,187.43009821,20.89618496,24.89,-31.29,12.84,5.792,5.689
59501,5.6,183.03874666,20.54210573,-14.21,-17.24,6.73,6.819,5.705
60599,6.03,186.31280365,23.92630174,56.82,-41.09,6.56,7.457,6.156
60087,6.26,184.83000395,23.03469539,-13.09,-9.17,11.43,6.472,6.258
62653,6.43,192.57179055,22.86356935,104.67,-66.38,7.49,7.701,6.539
61724,5.49,189.78065686,21.06258094,-77.41,-8.86,11.39,6.726,5.589
61420,5.86,188.78397424,21.88143144,21.99,-19.56,5.0,7.485,6.002
61719,6.39,189.75919869,22.65954468,-42.12,-19.77,8.95,7.795,6.506
62523,6.29,192.19693108,24.84048369,-334.55,-106.06,58.23,7.17,6.372
61394,4.8,188.71299083,22.62918961,-57.42,28.53,8.94,4.793,4.787
61295,6.28,188.39261214,24.28300493,-10.88,-8.57,9.41,6.409,6.277
60941,5.47,187.36272398,24.10892077,-18.09,1.84,15.1,5.995,5.523
61071,5.47,187.75236725,24.56718941,-12.02,-8.94,10.49,5.524,5.447
60904,5.29,187.22799077,25.91288804,-20.21,-15.0,12.06,5.219,5.238
62576,5.76,192.32296815,27.55232611,-92.9,21.73,9.97,5.817,5.761
62763,4.93,192.92469926,27.54073393,-9.5,-8.82,10.62,5.739,5.001
55016,5.31,168.9662367,13.30759308,5.07,-6.16,6.82,6.858,5.446
56242,6.27,172.93809402,14.3649637,-327.88,-188.71,43.42,6.965,6.328
56080,5.74,172.42442712,15.4133855,-28.06,-47.74,7.49,7.53,5.892
55765,5.58,171.4019142,16.45655059,-141.15,-4.89,21.15,6.022,5.623
54688,6.3,167.93246821,14.40018507,-60.31,-13.22,16.43,6.563,6.328
54879,3.33,168.56017036,15.4297631,-59.01,-79.37,18.36,3.341,3.325
56473,5.95,173.67707018,16.79691629,-8.78,-0.55,1.64,5.739,5.899
57565,4.5,176.9967765,20.21894121,-145.47,-4.04,14.4,5.199,4.592
56146,5.54,172.6211703,18.40973855,-81.49,25.91,10.03,6.916,5.671
56508,6.45,173.76579331,20.44154823,-58.6,-1.19,7.1,7.728,6.562
56975,5.26,175.19627319,21.35284143,-61.09,-46.02,14.04,6.499,5.368
54319,6.4,166.68338781,17.73742595,25.62,-25.56,4.24,8.452,6.581
53954,4.42,165.58242155,20.17974575,-9.6,39.57,26.37,4.482,4.413
52686,5.5,161.60202972,18.89162177,94.06,-40.64,18.27,6.981,5.623
52513,6.27,161.06091378,19.75888388,-116.65,-20.6,15.37,6.503,6.291
53472,6.17,164.07031513,22.35166259,-36.27,8.2,5.12,8.196,6.332
54872,2.56,168.52671705,20.52403384,143.31,-130.43,56.52,2.743,2.574
54951,4.56,168.80101292,23.09552528,-22.24,-9.48,0.49,6.621,4.749
54388,6.48,166.91548362,23.32373831,-17.17,9.83,13.23,6.697,6.503
54487,5.7,167.20451678,24.6584498,10.25,6.08,7.99,5.783,5.701
53417,4.3,163.90353339,24.74975451,-78.41,-14.89,11.29,4.306,4.283
53492,6.36,164.14351153,25.50026291,-23.0,-7.9,11.56,7.692,6.478
58858,5.89,181.06906686,21.45916332,35.2,-4.43,9.09,6.133,5.87
59847,4.93,184.08564668,23.94542332,-26.85,-5.91,13.12,6.141,5.037
59468,5.66,182.96333771,25.87035539,-38.11,-30.87,4.21,7.507,5.819
57240,6.02,176.05488261,25.21830378,-13.62,9.75,3.51,8.036,6.191
59364,6.01,182.69209512,27.2815285,-10.44,-9.6,10.6,6.149,6.011
60327,6.21,185.54526433,24.77387685,-54.47,-4.47,9.97,6.185,6.177
60351,4.78,185.62632982,25.84618178,-10.75,-8.85,11.93,5.397,4.856
60525,6.41,186.1117018,25.58242997,-7.46,-10.65,10.23,6.859,6.579
60514,5.17,186.07724865,26.09861325,-26.91,-3.08,11.47,5.267,5.161
60168,6.16,185.07434995,26.00182892,-140.89,19.05,16.5,6.51,6.178
60066,6.44,184.75846987,26.00837126,-11.76,-9.05,13.14,6.658,6.462
60170,5.52,185.08216696,26.6197509,-66.7,-110.4,20.78,6.947,5.647
60746,4.98,186.74710034,26.8257216,-11.58,-9.23,11.56,5.088,4.975
60697,4.92,186.60030726,27.26826273,-14.8,-10.4,11.92,5.247,4.947
60742,4.35,186.73469831,28.26861975,-83.41,-80.99,19.18,5.807,4.47
60197,6.32,185.17237629,27.05483793,9.08,-120.37,10.83,6.755,6.352
60098,6.38,184.8735876,28.15722194,-202.47,-125.69,20.12,7.014,6.439
59489,6.47,183.00404877,28.53646316,67.88,-61.87,12.4,6.946,6.507
59923,5.71,184.37748884,28.93710321,-33.12,35.2,18.74,5.925,5.729
60018,6.23,184.631536,30.24933506,76.6,-118.34,18.06,6.589,6.262
59856,4.99,184.1257284,33.06179861,-54.87,-111.87,10.65,6.473,5.117
56601,5.8,174.07475383,27.78130214,19.72,20.04,13.92,6.114,5.85
57029,5.73,175.39375241,31.7459835,-351.85,30.63,24.42,6.26,5.792
56784,6.29,174.63472339,33.62586247,-16.16,-13.68,5.14,7.994,6.433
56997,5.31,175.26260484,34.20256022,-13.95,-380.46,104.81,6.226,5.388
58369,6.42,179.53020284,32.2740587,-108.43,-62.38,21.09,6.802,6.46
57805,6.25,177.78964274,33.37496331,-5.5,20.58,15.87,6.632,6.268
58460,5.95,179.82307392,33.16702114,-0.15,-7.13,4.86,7.464,6.084
58512,6.49,179.98918842,34.03466959,-40.68,32.12,8.71,6.774,6.519
58654,5.59,180.4147183,36.04227697,-82.19,-78.75,9.01,6.91,5.702
57670,5.73,177.42416287,34.9317394,-118.21,7.65,14.39,6.285,5.785
58119,6.47,178.8087573,36.75648978,-63.13,-46.03,5.54,8.518,6.675
57939,6.42,178.23256802,37.73280827,4003.69,-5813.0,109.21,7.361,6.513
87865,6.46,269.23285579,-40.30564844,25.34,2.14,5.66,8.31,6.618
87948,6.28,269.49082375,-39.13646688,-8.62,-23.2,6.35,6.317,6.327
88038,5.74,269.73199696,-36.85840855,12.1,13.51,8.93,6.894,5.839
88294,6.3,270.45126566,-36.37780307,-7.38,-24.98,4.52,6.282,6.305
89642,3.1,274.4072049,-36.76128103,-129.27,-166.61,21.87,5.147,3.312
88694,5.94,271.59851342,-36.01980798,105.44,7.99,57.58,6.675,6.009
88550,5.98,271.20995733,-35.90136032,-14.0,-33.55,9.18,7.502,6.105
89086,6.13,272.73060993,-33.80006816,1.13,-0.73,-0.31,5.951,6.111
87042,6.41,266.78039682,-38.11209711,-3.36,-27.6,8.55,6.386,6.405
87261,3.19,267.4643802,-37.04337105,42.09,27.77,25.71,4.732,3.321
87722,6.05,268.78345435,-36.47563276,2.88,-5.22,4.36,6.137,6.062
87532,6.03,268.23999275,-35.62418307,9.28,-54.04,15.57,6.422,6.055
87569,5.58,268.34779437,-34.89510976,2.38,-6.15,3.09,6.997,5.714
87460,5.88,268.05691299,-34.79918358,3.29,-5.35,3.93,5.737,5.868
87567,6.14,268.33157778,-34.73079237,1.65,-8.07,3.95,,6.112
87624,6.41,268.49222234,-34.83104228,4.33,-4.59,3.35,,
87616,6.0,268.47821519,-34.75270986,2.45,-4.7,3.23,,
87671,6.1,268.61300345,-34.46671107,1.9,-4.62,3.87,6.164,6.11
86698,5.53,265.71288389,-36.94550742,8.42,-23.5,6.02,7.579,5.709
87472,5.84,268.08233216,-34.41683044,3.35,-4.86,4.38,7.267,5.966
87516,6.05,268.20509107,-34.11482109,2.37,-4.83,4.68,7.647,6.19
89010,6.39,272.49984266,-32.71927087,1.25,-150.02,8.94,7.706,6.522
88060,5.0,269.771999,-30.25300479,2.51,-8.3,3.49,7.043,5.139
90185,1.79,276.04310967,-34.3843146,-39.61,-124.05,22.55,1.833,1.81
90336,6.3,276.47752648,-33.94569163,-1.58,-10.88,3.39,6.214,6.302
89637,6.03,274.40103799,-34.10723517,-5.3,-9.31,3.7,5.909,6.02
90763,5.37,277.77018839,-32.9890014,-1.48,-46.53,9.32,5.618,5.41
90260,5.58,276.25630334,-30.75640093,-127.97,-69.59,4.99,7.024,5.706
91172,6.36,278.99850622,-29.69907952,4.6,-9.93,3.08,8.016,6.505
90485,5.9,276.95618477,-29.81690216,-0.84,15.16,27.53,6.52,5.961
89020,5.53,272.52418933,-30.72859747,12.57,-28.23,9.05,6.998,5.734
89931,2.72,275.24842337,-29.82803914,29.96,-26.38,10.67,4.523,2.86
88635,2.98,271.45218586,-30.42365007,-55.75,-181.53,33.94,,3.633
88567,4.66,271.2550938,-29.5800762,4.03,-4.61,1.57,5.602,4.736
88839,4.55,272.02067917,-28.45701627,24.77,-31.59,9.38,5.736,4.666
89622,6.18,274.35033079,-28.65202985,10.55,-14.41,8.21,6.414,6.2
90012,6.15,275.50055387,-28.42995389,6.98,-3.51,6.87,6.463,6.186
90510,6.28,277.02571606,-26.75715814,-8.64,-35.91,12.1,6.473,6.299
90478,6.31,276.93233601,-26.63475516,-9.1,-36.94,12.95,6.662,6.377
89620,6.36,274.34860342,-28.28860655,132.39,-151.56,33.72,6.974,6.416
89678,4.66,274.51328312,-27.04263452,4.48,-2.76,4.66,6.803,4.839
89980,6.19,275.38068395,-24.91527108,4.44,-2.15,2.8,8.617,6.461
85839,6.16,263.10264642,-34.27932379,-11.58,-33.39,9.55,6.591,6.204
86716,6.44,265.77860253,-33.05127544,-2.98,-5.48,1.22,8.784,6.64
86527,6.01,265.24394821,-32.21444835,-2.03,-6.55,2.13,8.234,6.214
85786,6.43,262.94735241,-33.70308126,-7.68,-31.45,8.13,7.966,6.542
86011,5.69,263.67704498,-32.58165772,3.68,-1.68,0.96,,
87220,4.79,267.2936388,-31.70318435,4.22,-7.89,5.37,4.752,4.802
87072,4.53,266.89011276,-27.83076255,-3.62,-10.67,3.03,5.452,4.638
85423,4.28,261.8386001,-29.86669942,14.38,-137.41,29.26,4.765,4.326
85442,5.98,261.90648805,-29.7244896,-8.1,-31.72,5.44,5.991,5.985
85084,5.3,260.83996212,-28.14276032,0.37,-29.26,5.44,7.33,5.482
86725,6.4,265.82377433,-27.88397195,4.04,-3.72,1.11,6.915,6.45
85783,6.05,262.9348963,-26.26965423,-2.83,-22.57,7.47,5.972,6.048
88012,5.99,269.66270935,-28.75907603,-0.82,-5.21,2.45,,5.973
87836,5.76,269.17424596,-28.0653494,31.86,-18.17,19.87,6.02,5.807
88469,5.89,270.96851862,-24.36072589,0.64,-1.71,0.66,5.933,5.931
88380,5.37,270.71290783,-24.28242475,0.69,-17.7,2.95,5.988,5.448
89153,4.96,272.93053328,-23.70116777,7.82,-27.75,13.35,6.321,5.078
87163,6.31,267.11598733,-26.97493164,-1.17,-5.48,2.87,6.444,6.34
87706,6.18,268.72517769,-24.88708859,1.29,-2.65,-0.4,6.194,6.198
87099,6.18,266.93999971,-22.47776778,1.49,-9.45,1.8,8.091,6.357
88116,4.74,269.94815306,-23.81601126,-5.4,-50.3,7.47,4.703,4.729
88298,5.72,270.47658742,-22.78029065,-0.49,-2.95,-0.14,5.692,5.744
88876,6.42,272.1607778,-21.44955654,-0.95,-2.33,1.08,7.421,6.581
88760,6.22,271.79730511,-21.44393246,-0.26,-2.15,0.77,6.325,6.269
31067,6.18,,,,,,,
88125,6.22,270.00033368,-20.33949167,1.83,-23.4,3.8,8.034,6.389
92635,6.28,283.11798729,-26.65062176,-3.25,-60.99,8.44,7.507,6.405
92041,3.17,281.41397083,-26.9907794,51.15,0.45,14.14,3.049,3.152
91974,5.82,281.20667981,-25.01086335,-1.21,-20.86,4.11,5.855,5.824
92855,2.05,283.81631956,-26.29659428,13.87,-52.65,14.54,1.888,2.044
93498,5.63,285.61537869,-24.84639516,-22.9,-177.32,11.81,7.214,5.77
93315,6.35,285.10324474,-24.9422712,55.54,41.2,4.03,7.985,6.505
92931,5.91,284.00280341,-23.17371793,-1.7,-13.69,3.66,5.89,5.918
93140,6.14,284.60345583,-22.52952554,1.36,13.4,12.79,6.257,6.16
92845,5.0,283.77946681,-22.67125323,110.34,-30.79,12.07,6.784,5.154
92761,4.86,283.54239695,-22.7448202,2.95,-5.7,1.76,6.683,5.01
90496,2.82,276.99278955,-25.42124732,-44.81,-186.29,42.2,4.186,2.945
91004,5.49,278.47286565,-24.03226534,-2.99,-7.1,0.95,7.879,5.707
91405,5.78,279.62798112,-23.5048456,-0.53,-19.6,7.01,5.75,5.775
91689,6.22,280.46504286,-23.83335457,30.77,-28.05,15.71,6.501,6.24
92111,5.37,281.58578518,-22.39218449,32.04,3.45,2.55,7.482,5.566
92480,6.29,282.71042311,-22.16210451,-17.1,-35.31,13.31,6.735,6.326
91347,5.93,279.47678201,-21.39756504,-2.57,-65.66,10.38,6.168,5.956
91438,5.85,279.72269706,-21.05150199,-74.88,-151.87,77.02,6.676,5.933
92016,6.35,281.32767265,-21.00154643,26.75,-28.35,17.62,6.895,6.393
94372,6.39,288.1167467,-21.65832764,31.83,-22.34,7.13,7.844,6.519
93423,6.25,285.40724237,-22.69536606,3.9,0.65,2.14,8.408,6.421
93683,3.76,286.17055765,-21.74135451,76.26,-58.08,23.49,5.078,3.879
94141,2.88,287.44097404,-21.02352534,-1.17,-36.83,7.41,3.34,2.937
95159,6.25,290.40463261,-19.23441785,0.8,-11.46,4.8,6.124,6.234
94144,6.11,287.4505509,-19.80345573,24.01,-82.87,8.32,7.603,6.244
94820,4.88,289.40868994,-18.95288215,-10.05,-10.64,6.09,6.171,4.995
95188,5.84,290.46180286,-18.30816237,102.34,-92.96,9.09,7.218,5.967
95168,3.92,290.41823037,-17.84725155,-26.95,22.24,26.79,4.209,3.959
93085,3.52,284.43241556,-21.10662433,34.91,-12.33,8.76,5.053,3.656
92747,5.68,283.50037663,-21.35979587,2.02,-20.25,1.88,7.259,5.816
93057,5.02,284.33532364,-20.65633439,-1.58,-4.75,0.65,5.183,5.073
93537,5.96,285.76584773,-19.24565829,2.63,-11.42,2.2,7.438,6.071
93543,6.37,285.77912298,-19.10301593,12.62,-3.52,12.3,6.936,6.408
92390,5.22,282.41711408,-20.32474038,-1.82,34.7,4.35,7.06,5.379
92079,6.34,281.50479832,-19.60636956,-7.51,5.25,4.42,8.474,6.615
93234,6.37,284.86158095,-18.56638766,-0.62,-18.62,3.93,7.604,6.487
93996,5.56,287.06958032,-19.29028615,5.27,-1.14,2.13,5.46,5.561
93887,6.28,286.78469618,-18.7381278,-2.0,-17.7,4.5,6.224,6.274
93855,6.0,286.71715788,-16.22923584,-1.28,-16.61,3.65,5.938,5.968
93763,5.93,286.4215809,-15.66039343,0.74,-10.36,3.75,5.902,5.93
89369,5.49,273.56629234,-21.71310708,-15.0,-23.4,6.45,7.449,5.653
90289,4.81,276.33764809,-20.54160918,8.26,-28.72,5.46,6.609,5.012
91132,6.49,278.83880126,-20.84043868,28.68,-1.39,10.71,6.822,6.513
91781,6.32,280.72961269,-19.28412831,-12.59,-33.33,2.67,8.488,6.613
90687,5.63,277.5493464,-18.72857432,33.67,-90.48,11.13,6.996,5.751
90806,5.12,277.85958633,-18.40264541,-6.98,-21.43,15.3,5.145,5.128
89341,3.84,273.44086963,-21.05883031,1.72,-1.39,0.11,4.063,3.859
89439,5.29,273.80377287,-20.7282667,2.9,-1.26,-0.33,5.35,5.347
89440,5.96,273.80403819,-20.38796936,2.83,-1.9,-0.22,5.938,5.968
89114,6.33,272.81161273,-19.84188262,-3.75,-30.85,8.94,6.653,6.513
89470,6.05,273.87818188,-18.66157177,0.53,-2.15,0.83,6.254,6.074
89968,5.76,275.34578527,-18.85998365,-2.76,-6.48,2.52,6.827,5.858
90494,6.19,276.98533921,-17.80034975,-2.73,-2.91,5.75,6.188,6.19
89609,5.81,274.29845504,-17.37385188,-1.78,-14.18,3.12,7.828,5.979
89851,5.39,275.03653519,-15.83160305,40.03,-38.66,6.93,7.315,5.559
92301,6.46,282.18921391,-18.60115618,1.34,2.61,4.1,7.513,6.588
92882,5.56,283.87925799,-16.37618751,-26.33,-183.97,31.24,6.075,5.603
92814,5.08,283.67964704,-15.60302217,-2.38,-5.64,1.96,5.258,5.111
93418,6.31,285.38966244,-15.28261438,-5.29,-1.25,5.83,7.566,6.422
92456,6.48,282.62988811,-13.57224271,-5.41,-8.02,1.99,8.633,6.627
93225,5.51,284.84917715,-12.84046242,-1.05,-22.44,6.34,5.467,5.512
90991,5.74,278.41251698,-14.85359142,27.26,-9.49,15.42,5.793,5.746
90913,5.47,278.18050927,-14.8656543,0.15,-3.37,2.57,8.082,5.723
91677,6.4,280.42691728,-14.56424178,1.49,-0.78,0.71,7.368,6.525
91369,6.49,279.51866979,-14.00476208,-0.63,-7.79,4.7,6.722,6.558
90884,6.36,278.08607249,-14.64421705,-3.15,-21.05,13.51,6.617,6.383
90651,6.02,277.44477862,-14.58202326,21.87,15.08,11.46,6.026,6.025
90595,4.67,277.29938301,-14.56580499,3.07,-3.48,11.19,4.774,4.693
92136,5.69,281.68051716,-10.12503854,0.37,-3.91,-0.07,6.421,5.787
84175,6.12,258.10444671,-27.76200634,-8.01,-48.38,5.97,6.05,6.106
84405,4.33,258.83869698,-26.60004896,-473.69,-1143.93,167.08,6.109,5.11
84478,6.33,259.05698088,-26.54341625,-479.71,-1123.37,167.56,,
85391,6.42,261.73043254,-25.94339733,-9.67,-26.79,7.71,6.355,6.397
85755,4.78,262.85396193,-23.96258036,4.91,-25.9,7.65,4.811,4.794
84970,3.27,260.50243371,-24.99948797,-8.84,-23.64,5.79,3.016,3.229
84947,6.36,260.42326204,-24.90600939,-34.21,-38.49,5.07,8.2,6.526
84626,5.14,259.50298647,-24.28688289,-59.49,-7.69,8.98,6.445,5.221
85242,6.17,261.27594197,-24.24371231,21.64,11.9,7.68,7.59,6.288
85340,4.16,261.59257241,-24.17502346,-1.97,-117.69,38.96,4.513,4.195
83740,6.26,256.7217787,-26.51299082,-2.72,-12.71,2.52,6.2,6.255
83176,5.88,254.99043286,-25.09216189,2.68,-15.0,6.76,7.989,6.09
83196,5.74,255.03949377,-24.98893659,49.14,-54.89,30.05,6.205,5.782
84893,4.39,260.25087615,-21.11243499,262.01,-204.74,57.48,,
83684,6.29,256.54919394,-21.56440204,-7.57,-74.51,10.17,6.458,6.302
86736,4.86,265.85772897,-21.68308566,-97.93,-44.57,57.0,5.413,4.918
86352,6.19,264.68695573,-21.91262453,-33.94,-13.69,9.66,7.243,6.306
86060,6.47,263.82708859,-22.04380131,-3.25,-8.45,3.69,6.49,6.479
87782,6.48,268.97900684,-18.80210517,13.03,-20.23,8.99,6.549,6.484
85207,5.82,261.17516721,-21.44141348,-14.94,-27.0,10.81,7.02,5.935
84856,6.5,260.14331552,-19.33339899,-138.67,-142.8,20.41,7.22,6.565
85195,6.34,261.15429357,-18.44574264,14.72,-7.98,4.69,6.393,6.342
86266,5.94,264.40085142,-15.57103656,0.99,-0.64,1.22,6.358,5.981
86263,3.54,264.39677181,-15.39840835,-39.3,-61.27,30.93,3.867,3.566
82925,5.57,254.20015918,-23.15032178,-2.29,-9.89,8.99,5.586,5.583
82621,5.86,253.35523754,-20.41548861,-58.05,-27.26,35.73,6.717,5.945
83567,6.29,256.18887255,-20.49464339,-5.42,-24.64,8.21,6.243,6.286
82951,6.27,254.26663364,-19.53983923,-18.97,-7.04,4.78,7.762,7.613
83331,6.28,255.46363788,-18.88549646,-30.48,-17.16,7.24,8.005,6.442
81632,6.25,250.1437836,-20.40871834,15.83,28.4,7.69,7.635,6.372
81754,5.55,250.473642,-19.92447879,28.16,41.95,23.5,6.064,5.616
81724,4.91,250.39331786,-17.74216462,-21.66,-0.92,8.34,6.312,5.044
82861,6.33,254.00747514,-16.8063382,81.8,30.96,24.72,7.543,6.439
82339,6.18,252.36528942,-15.66800077,1.04,12.77,13.47,6.461,6.211
84792,6.03,259.97230144,-17.75647881,-3.16,-26.6,8.74,6.012,5.954
84649,6.28,259.58029693,-16.31190245,1.44,10.45,4.05,8.482,6.486
83854,5.98,257.06188469,-17.60896664,4.62,-34.99,8.13,7.267,6.091
84012,2.43,257.59442659,-15.72514757,41.16,97.65,38.77,2.551,2.438
84402,5.98,258.8345646,-14.58412556,-18.86,-5.88,10.63,7.411,6.122
85405,6.48,261.79118923,-15.85333977,-6.12,-8.45,6.99,7.968,6.616
85397,6.2,261.75884919,-12.51233441,41.02,-63.37,22.08,6.808,6.264
83090,6.48,254.67317572,-14.86961006,-2.07,-25.14,20.67,6.928,6.514
84880,4.32,260.2068148,-12.846882,42.75,2.72,16.86,4.392,4.341
88816,5.52,271.95168241,-17.15430069,-103.48,58.14,13.08,6.973,5.639
88258,6.27,270.34634319,-17.15685222,-1.64,-6.68,1.76,8.614,6.481
87813,5.93,269.07933864,-15.81236072,-9.61,-66.17,13.11,5.988,5.933
88981,6.38,272.43071298,-13.93442721,14.61,-3.34,4.87,8.221,6.548
87074,5.93,266.90330267,-14.72578118,-22.19,-17.58,6.39,5.944,5.935
86769,6.36,265.95188377,-13.50842917,-71.14,-110.93,23.43,6.801,6.409
90096,5.71,275.80069792,-12.01470763,-8.14,-19.62,5.33,5.712,5.706
90083,6.32,275.75876704,-10.21892931,9.22,-22.24,9.51,6.492,6.349
91105,5.12,278.75984804,-10.97719406,49.1,-5.04,11.25,6.279,5.225
90804,5.77,277.8570535,-10.79579343,1.67,-17.6,4.7,5.98,5.78
91726,4.7,280.56842553,-9.05255357,7.87,2.02,17.44,5.131,4.744
91117,3.85,278.80182442,-8.24330819,-18.98,-314.63,18.72,5.586,4.003
89623,6.29,274.35065994,-9.75846509,4.82,-46.41,7.58,6.732,6.334
88670,5.84,271.53083743,-8.32391503,-2.45,-16.72,5.72,6.064,5.872
90135,4.66,275.91480755,-8.93451038,51.89,52.29,17.08,5.885,4.773
90437,6.5,276.78693235,-8.0404309,2.53,10.05,10.03,7.873,6.638
90238,6.28,276.17520437,-7.07587257,134.9,-26.17,11.62,7.798,6.42
86565,4.24,265.35381884,-12.87517268,-72.16,-55.22,19.41,4.356,4.253
86313,5.74,264.53963734,-10.92624683,-14.4,-8.61,7.67,7.322,5.878
86019,5.54,263.69312162,-11.24200693,3.02,3.24,8.65,5.552,5.538
87540,6.17,268.26463725,-10.8994888,43.55,-30.22,11.94,7.606,6.309
88048,3.32,269.75665662,-9.77334973,-10.31,-116.12,21.35,4.607,3.433
84883,6.46,260.21916423,-10.69635486,51.86,-22.61,21.19,6.854,6.497
85474,6.37,262.00994813,-8.2080587,-84.75,-129.61,10.97,7.057,6.445
86284,4.58,264.46133236,-8.11872126,-11.7,-20.38,5.94,4.738,4.628
86768,6.3,265.94593637,-7.07958249,-7.12,-10.39,2.34,6.67,6.334
85922,5.61,263.37445668,-5.74457168,-42.2,-95.38,20.66,5.84,5.637
88404,4.77,270.77046145,-8.18025785,15.11,-37.61,19.22,5.463,5.006
88684,5.74,271.56297335,-4.75117796,142.64,-30.41,28.61,6.99,5.851
89512,6.35,273.99137704,-3.61798359,-0.5,-3.52,6.91,6.603,6.377
87495,6.18,268.16126597,-6.14356506,-0.7,-5.09,1.14,7.879,6.324
88101,5.86,269.90318648,-4.82091169,-2.5,-88.3,5.9,7.877,6.028
88175,4.62,270.12050178,-3.69016112,154.17,-44.43,43.11,5.091,4.671
87847,5.44,269.19895085,-4.08180189,-5.52,-8.86,7.66,6.945,5.576
96950,5.06,295.6295525,-16.12397392,67.78,-9.23,18.67,5.452,5.101
96808,5.3,295.18058838,-16.29314555,69.65,-50.2,13.31,6.746,5.421
97063,5.49,295.88936752,-15.46965541,135.55,-185.17,27.26,6.04,5.542
97423,6.11,297.01253704,-13.70355495,25.57,-24.95,16.0,6.346,6.122
96536,5.46,294.39365282,-14.30144432,-104.36,-146.68,32.36,6.053,5.521
95176,4.52,290.43175842,-15.95500233,1.79,-6.27,1.95,4.661,4.585
94929,6.09,289.75062622,-15.5358858,-88.85,-281.33,6.31,7.92,6.235
95557,5.71,291.5459647,-15.05325005,17.43,-0.55,3.78,5.718,5.716
95485,5.72,291.33984203,-13.89726417,52.85,55.2,4.51,7.512,5.872
96365,6.27,293.88943308,-12.25306622,-7.74,-19.87,9.41,7.684,6.402
97484,6.47,297.20905254,-12.31936853,-0.48,-21.53,1.99,8.7,6.677
97650,5.38,297.69501255,-10.76358902,-32.35,31.84,37.86,5.835,5.424
97499,6.0,297.25910696,-10.87071152,30.84,-21.34,11.42,7.608,6.135
98910,6.38,301.2725629,-11.59937704,-0.57,-14.98,2.56,7.024,6.443
99221,6.18,302.13028361,-10.06251198,6.13,-34.03,6.22,6.216,6.187
99457,6.39,302.79198547,-8.84233932,1.39,-2.07,0.03,6.244,6.428
98416,5.87,299.94787255,-9.95728408,-246.73,-392.36,40.75,6.582,5.928
96327,5.12,293.78022188,-10.56043644,6.87,-3.04,7.34,6.543,5.253
96917,6.31,295.51207344,-9.1934491,43.67,-84.44,9.75,8.058,6.457
55203,3.79,,,,,,,
97928,5.76,298.53446904,-8.57416489,7.87,-18.97,8.27,7.938,5.967
97967,6.49,298.65858512,-8.2369743,4.02,-30.2,9.02,6.416,6.436
97966,5.7,298.65686507,-8.22722614,8.11,-25.71,9.74,5.581,5.673
98038,6.49,298.83121009,-6.73463769,16.21,-58.74,11.67,6.965,6.543
94437,5.51,288.31464939,-12.28250973,12.51,-30.44,5.77,7.384,5.671
92488,5.82,282.74377104,-9.77410171,6.33,2.54,2.16,6.54,5.901
92674,6.27,283.25748147,-9.57555831,22.5,15.5,9.83,6.583,6.349
94385,5.35,288.16959861,-7.93950077,12.69,-7.06,2.68,5.475,5.371
93666,6.48,286.10063233,-5.68484308,6.15,0.07,2.7,11.772,7.196
96356,6.32,293.87413266,-7.46018539,22.84,-40.04,9.18,7.765,6.458
96483,4.93,294.2227024,-7.02747069,1.29,-2.69,2.24,4.903,4.958
95820,6.37,292.3390041,-7.04406367,-0.33,-9.4,2.05,7.593,6.475
95281,6.31,290.76850134,-7.40056318,15.11,-21.45,6.61,8.211,6.478
96556,5.45,294.44690167,-4.64750966,104.78,-53.59,31.14,5.955,5.497
95066,4.98,290.13682588,-5.41587489,113.42,44.83,21.17,6.177,5.093
95453,6.5,291.25629973,-4.88455503,35.58,7.88,9.92,6.912,6.541
95937,5.03,292.66593316,-2.78886135,23.06,-10.53,6.49,7.33,5.238
100977,6.12,307.10370567,-3.35774231,27.29,-21.22,5.85,6.065,6.116
100758,6.1,306.42719925,-2.80028034,-4.95,-40.0,4.57,7.653,6.236
99024,6.47,301.55080882,-4.07812491,51.59,-34.88,9.57,7.946,6.597
100232,6.05,304.93016868,-1.07859255,41.59,32.39,8.04,7.451,6.17
99631,5.44,303.30778095,-1.00926621,24.87,-30.06,3.67,7.3,5.626
99473,3.24,302.82610327,-0.82147569,35.48,6.05,11.36,3.185,3.237
102561,6.28,311.76488906,-2.48685951,-19.81,-21.53,4.14,8.336,6.461
101921,6.23,309.80519224,-2.41298335,8.02,3.31,2.65,6.108,6.212
101101,4.91,307.41232775,-2.8854763,71.88,-22.39,17.08,6.411,5.036
101692,4.91,309.18177937,-2.54991814,9.09,-16.05,1.48,6.995,5.076
101847,4.31,309.58447294,-1.10507951,15.66,-17.01,8.5,5.501,4.412
102770,6.24,312.3218893,-0.56327506,-26.76,-25.36,3.46,8.155,6.51
103414,6.06,314.29404317,0.46393242,11.81,-62.98,10.24,7.639,6.195
100664,6.14,306.15622323,1.06839246,7.93,5.49,3.88,6.097,6.14
100672,6.41,306.17397508,1.36861212,5.66,-20.1,3.77,8.555,6.621
101746,6.21,309.32657723,0.09700261,5.25,-10.11,5.07,6.095,6.197
101936,5.15,309.8534644,0.4864919,103.0,-19.44,13.33,6.51,5.266
101339,6.47,308.08498217,2.13280461,29.89,1.24,2.88,8.471,6.652
97871,5.63,298.32801307,-3.11449682,21.64,13.62,11.79,5.897,5.655
97244,6.47,296.46764026,-2.88344929,-2.71,-1.49,3.0,6.484,6.472
97687,6.12,297.79625917,-2.46088946,-7.72,-41.26,5.72,8.172,6.305
98844,5.67,301.09647111,-0.70902114,-2.21,-118.27,5.6,7.369,5.826
99171,5.97,302.00731244,-0.67802026,116.6,-67.94,20.89,7.288,6.086
99624,6.47,303.26843803,-0.33079848,-13.81,1.05,2.08,8.615,6.683
97980,5.6,298.68655124,0.27365959,42.37,-13.2,9.45,5.726,5.636
98385,6.17,299.84430859,1.37753175,16.51,67.66,4.24,7.609,6.297
96468,4.36,294.18031892,-1.28655047,1.89,-20.75,10.61,4.247,4.341
96807,5.64,295.18047034,-0.6212928,12.59,24.51,11.44,5.787,5.667
97804,3.87,298.11818257,1.00567827,6.94,-7.3,2.78,4.829,3.958
97709,6.47,297.86184303,4.08864671,-5.62,-6.14,-0.37,8.2,6.595
99585,6.25,303.14634666,0.8671023,2.1,-19.81,5.41,,
100969,6.2,307.06986982,2.93715202,38.93,3.7,7.15,7.334,6.303
101489,6.42,308.49967349,4.89868547,4.79,-8.79,5.24,7.713,6.527
99894,6.44,304.02511695,4.58091965,-40.72,-51.16,14.84,7.528,6.538
100541,5.3,305.79462251,5.34307747,-26.89,-37.12,13.23,6.552,5.408
91845,4.88,280.88016751,-8.27524299,21.29,11.58,6.24,6.327,5.018
91532,5.82,280.00166783,-7.79070788,-21.13,-37.3,6.19,7.849,6.002
91751,6.13,280.65050619,-7.07363239,-6.83,-8.97,13.43,7.427,6.243
91880,6.3,280.96340419,-6.81801161,29.3,-44.08,14.36,6.844,6.347
92391,5.99,282.42064627,-5.91283415,0.23,-11.69,2.19,8.054,6.167
92296,6.49,282.16453153,-6.00438915,8.29,31.96,6.19,6.78,6.526
92202,5.38,281.87073367,-5.70507074,-44.09,-31.36,2.32,7.066,5.543
93026,4.83,284.26514217,-5.84621426,60.77,-40.9,15.77,6.214,4.941
93429,4.02,285.42017236,-5.73901832,-24.15,-39.73,21.95,5.445,4.144
93805,3.43,286.56229139,-4.88233456,-19.68,-90.37,26.05,3.33,3.419
92175,4.22,281.79365558,-4.74782871,-7.71,-15.89,4.73,5.602,4.344
90967,6.36,278.34464313,-5.91164933,-11.04,-28.17,8.75,6.4,6.363
90692,6.27,277.55957304,-5.7241282,-2.22,-16.89,5.63,7.473,6.374
92524,6.08,282.84232175,-3.3178048,0.6,-21.29,11.8,6.431,6.104
91394,6.49,279.59914723,-3.19372155,6.47,33.59,20.01,7.174,6.545
92117,5.89,281.61909463,-0.96163956,20.0,-21.79,12.62,6.045,5.893
93717,5.4,286.24024804,-4.03135505,20.76,-26.73,10.04,6.847,5.528
93526,5.4,285.7270496,-3.69900363,11.33,6.98,6.53,5.401,5.403
95073,5.46,290.14867994,-0.89216854,5.63,3.1,6.4,5.406,5.456
95585,4.64,291.62954029,0.33857566,-0.86,-2.3,0.28,5.356,4.742
95222,5.81,290.58962436,-0.25227829,60.43,-27.28,8.98,7.222,5.939
94149,6.34,287.46497041,-0.42809819,2.67,-6.34,3.73,6.272,6.322
94913,6.4,289.7122248,0.33900138,16.97,9.21,6.68,7.743,6.521
94885,5.1,289.63537019,1.08508548,11.24,17.87,8.56,6.53,5.207
94833,6.19,289.45076722,2.03179581,2.7,-28.2,11.84,6.213,6.184
92963,6.2,284.09442308,-1.79981538,-2.93,-19.71,6.21,6.137,6.193
92386,6.24,282.40493577,0.83623568,13.75,-15.77,5.67,6.285,6.24
94477,5.14,288.42791464,2.2937137,5.78,-2.58,5.09,5.047,5.13
93580,5.82,285.88432906,1.81893472,23.71,-68.65,18.12,6.051,5.845
93051,5.56,284.31913909,2.5353768,-4.7,-12.53,2.96,5.562,5.563
90174,6.36,276.01499107,-3.58304161,-16.78,-47.43,15.1,6.764,6.393
89962,3.23,275.32883578,-2.897122,-547.57,-700.72,52.81,4.449,3.352
90642,5.38,277.42067689,-1.98522563,29.75,-33.81,13.81,6.602,5.49
89587,5.99,274.22121187,-3.00673658,18.11,-273.27,9.91,7.116,6.103
90253,6.15,276.23835484,-1.57940317,6.05,-4.1,7.54,6.642,6.229
90844,5.93,277.98745241,-1.00296614,10.03,-4.63,5.72,6.137,5.963
91322,5.76,279.39981039,-0.30942411,11.74,-19.83,5.06,5.849,5.779
90441,5.2,276.80212484,0.19612982,-2.64,-8.79,6.81,5.943,5.382
88671,6.32,271.53100222,-0.4460979,-21.49,-12.55,6.43,7.641,6.458
89527,6.1,274.02323196,2.37758611,-6.83,-28.61,4.62,8.169,6.344
89347,6.43,273.46758969,2.39349229,-1.39,-11.19,2.78,8.448,6.589
89918,4.85,275.21692548,3.37714467,1.71,8.45,12.11,6.007,4.952
91975,5.02,281.20805403,2.06007487,8.8,-15.06,6.91,4.95,5.009
92968,6.14,284.10665456,2.47120367,12.82,-5.61,6.23,7.383,6.245
92946,4.62,284.05483475,4.20352956,37.69,26.98,24.73,4.816,4.631
92951,4.98,284.06088696,4.20205672,52.42,31.17,22.84,5.218,4.987
92254,6.2,282.01111795,4.24138735,-4.94,14.28,3.68,8.165,6.367
93138,6.22,284.59879391,6.24018925,-9.4,-107.16,17.64,6.772,6.263
92872,5.58,283.86434313,6.61550576,6.02,-88.83,11.14,6.907,5.69
90858,6.41,278.02867924,3.65959509,9.22,3.24,2.73,6.379,6.411
91142,6.47,278.90198202,4.93606108,30.7,-29.84,9.74,6.573,6.469
91499,6.36,279.9036492,5.26428186,1.74,2.02,3.0,7.327,6.462
90487,6.07,276.95967451,3.74858969,-1.97,-8.09,2.38,8.179,6.239
92027,5.82,281.36814952,5.50012301,15.54,1.96,4.6,5.838,5.776
91237,5.43,279.16288632,6.67215598,-30.62,-144.29,31.53,5.872,5.477
91523,6.26,279.96499361,7.35870967,-2.13,-45.82,6.68,7.488,6.372
95812,6.25,292.32508068,0.24610506,12.46,-10.38,5.41,7.942,6.395
95793,5.79,292.25411887,1.95052861,-0.51,-33.35,16.95,5.9,5.802
96351,6.37,293.85469016,2.91347598,11.26,53.24,23.79,6.859,6.42
95501,3.36,291.37396941,3.11457923,253.06,80.67,65.05,3.752,3.405
95898,6.08,292.54389021,2.90407568,2.26,-1.2,1.96,8.438,6.295
95732,5.84,292.08665305,2.9300672,2.66,-15.24,3.18,5.838,5.846
95929,6.09,292.63797828,3.44440006,13.17,1.39,3.39,6.061,6.087
96630,6.36,294.70412852,3.38152187,1.3,0.22,-0.33,6.357,6.361
96204,6.35,293.44180953,5.46576513,-5.11,-23.67,3.8,8.364,6.635
96665,5.18,294.79850093,5.39778241,2.08,-3.78,4.78,5.175,5.178
94727,5.59,289.12926242,4.83482079,14.77,-10.42,5.97,5.684,5.587
94478,6.47,288.4334249,5.51563787,7.51,-13.44,5.45,6.595,6.491
96229,4.45,293.52178228,7.37931918,212.76,-155.39,29.5,5.977,4.585
98036,3.71,298.82819233,6.40793334,46.35,-481.32,72.95,4.798,3.814
97970,6.14,298.66743028,7.14035304,29.12,-0.01,12.38,6.191,6.143
97229,5.89,296.41631572,7.61315784,53.84,0.1,18.48,6.112,5.907
97607,6.49,297.57283311,7.90242825,-1.08,-3.96,2.1,6.375,6.475
97938,4.71,298.56175736,8.46165027,101.43,-81.28,15.96,6.065,4.833
97649,0.76,297.6945086,8.86738491,536.82,385.54,194.44,1.248,0.955
98823,5.51,301.03461172,7.27793427,14.24,12.97,6.19,6.865,5.632
98526,5.9,300.24571281,8.5577688,11.14,-13.96,3.63,7.915,6.077
99158,6.43,301.9597506,9.39976375,46.58,28.37,23.12,6.945,6.416
99234,6.34,302.15948837,10.7258712,3.83,-1.81,1.77,6.162,6.318
97144,6.43,296.17197869,8.72658032,37.3,-17.5,8.2,7.624,6.536
97697,6.25,297.82386363,9.62994013,7.38,-21.73,8.58,6.381,6.261
97278,2.72,296.56487567,10.61326869,15.72,-3.08,7.08,4.717,2.889
97675,5.12,297.75625098,10.4160539,240.09,-134.51,51.57,5.788,5.183
97454,6.44,297.12714544,10.69411398,-2.29,-5.82,1.85,7.614,6.561
97767,6.16,298.01518068,11.62913862,-345.23,-333.26,36.15,6.947,6.235
98103,5.28,299.05930285,11.42370978,32.4,4.57,15.84,5.301,5.291
97473,5.75,297.17520021,11.81592014,15.95,-9.79,5.72,6.585,6.195
96957,5.28,295.64169697,11.8266084,3.43,-10.49,4.34,5.982,5.36
96931,6.33,295.55338688,12.19328167,0.01,-8.44,4.53,6.227,6.317
94068,5.23,287.24965607,6.07339716,-9.02,-78.34,22.96,5.644,5.264
93488,6.25,285.5898381,8.37352914,9.69,3.96,3.84,8.402,6.475
94916,6.31,289.7197982,9.61816161,2.86,-37.46,6.31,7.677,6.428
95253,6.34,290.70144198,9.91288991,8.18,107.08,27.99,6.877,6.403
95002,6.03,289.97100182,11.53491074,42.44,22.14,11.71,6.148,6.033
94834,5.28,289.45416014,11.59539126,0.25,12.62,7.72,5.523,5.318
93867,5.07,286.74418054,11.07130501,-0.27,-31.47,6.43,5.003,5.066
93747,2.99,286.3525518,13.86370983,-7.04,-95.31,39.18,3.024,2.991
96481,5.98,294.21852927,11.27319815,9.16,3.21,2.86,7.068,6.075
95447,5.17,291.2407096,11.94285122,721.27,643.6,66.01,6.106,5.241
95572,5.76,291.60052721,13.02365808,14.1,59.03,17.96,6.32,5.815
97139,6.25,296.14246074,13.30280916,1.78,-10.82,4.03,6.196,6.246
96840,5.98,295.27303453,13.81570826,0.0,-10.95,1.98,5.884,5.979
96428,6.37,294.06532485,14.39117275,13.6,-42.21,9.22,7.708,6.475
94982,5.53,289.91393971,12.37463918,4.28,16.69,9.39,5.835,5.556
95664,6.31,291.89126683,14.28249131,7.07,-4.29,3.91,6.22,6.3
95822,5.57,292.34218384,14.59607671,50.77,-23.72,11.38,6.916,5.687
94720,5.65,289.11159428,14.54461509,9.15,0.22,8.77,5.626,5.635
94624,5.58,288.8337071,15.08367864,1.04,-11.17,5.32,6.92,5.693
96516,5.67,294.32243004,16.46276921,17.24,13.7,6.89,6.947,5.773
96688,6.37,294.85556676,16.57113626,0.29,-6.41,1.42,8.993,6.601
95398,6.27,291.09198653,16.93775593,-5.95,-14.08,9.18,6.352,6.268
80569,4.22,246.75599294,-18.45619698,-5.58,-22.22,6.67,4.515,4.282
80894,4.29,247.78497886,-16.61264015,-44.57,-38.04,15.53,5.47,4.39
80793,5.66,247.44542879,-14.5508975,33.75,7.57,12.18,6.695,5.759
82259,6.03,252.11243757,-14.90939987,-17.12,-8.79,7.3,6.263,6.062
79938,5.97,244.75180357,-14.87282262,-21.18,-1.13,3.77,7.947,6.177
79692,6.09,243.9645463,-14.84911862,6.56,1.45,5.31,6.196,6.095
82979,6.15,254.35833565,-10.96315727,0.28,-88.88,13.0,7.431,6.268
82369,4.64,252.45822137,-10.78280069,93.7,-81.94,27.04,5.216,4.693
83962,5.43,257.44965775,-10.5230375,54.71,-108.57,24.79,5.975,5.481
81377,2.54,249.28970847,-10.5671518,13.07,25.44,7.12,2.6,2.58
81580,6.33,249.91301157,-9.55423266,11.28,-146.76,23.02,6.898,6.385
81499,6.44,249.69885606,-8.61858536,2.82,-10.16,3.7,8.864,6.678
81663,6.47,250.23506622,-8.30962635,-11.23,-0.71,6.53,7.979,6.626
82730,5.23,253.6487981,-6.15392897,-30.23,-21.86,13.14,6.645,5.351
78955,6.32,241.76469512,-14.0713202,-261.22,11.77,34.6,7.13,6.405
79005,5.75,241.9018359,-12.74534315,-41.67,-27.64,7.66,5.764,5.758
79540,5.24,243.46211879,-11.83772219,-5.96,-10.11,7.43,7.05,5.4
79375,4.93,243.00000648,-10.06418514,-21.92,-27.95,19.79,5.068,4.951
79672,5.49,243.90472242,-8.36823651,232.16,-495.84,71.3,6.298,5.562
78436,5.53,240.19850629,-8.41132413,-15.05,-11.99,7.1,5.581,5.534
79387,5.43,243.03037216,-8.54757943,44.39,1.45,13.05,5.576,5.447
78849,6.35,241.43552422,-6.2911431,50.0,5.83,12.81,6.846,6.408
78870,6.39,241.49930167,-6.13974091,-34.19,-5.3,9.39,7.701,6.508
80628,4.62,246.95094563,-8.37170055,-67.26,-12.6,26.67,4.864,4.657
80719,6.49,247.20411533,-8.12867261,-55.59,-69.96,21.55,6.941,6.504
80840,6.46,247.62506733,-7.51445768,2.51,2.67,1.74,6.904,6.514
81440,6.05,249.50649344,-6.53799188,-7.45,-9.23,7.92,6.263,6.091
80620,5.24,246.93107061,-7.59755617,-0.95,-153.41,6.43,7.482,5.449
79882,3.23,244.58016994,-4.69260809,82.39,40.08,30.34,4.472,3.342
79463,6.26,243.2358369,-4.22076069,-29.74,-19.79,5.85,6.414,6.268
79781,6.18,244.23032857,-3.95336481,38.91,6.67,21.0,6.551,6.213
79593,2.73,243.58652601,-3.69397562,-45.83,-142.91,19.16,4.817,2.919
81300,5.77,249.08826456,-2.32383592,455.22,-307.63,102.27,6.838,5.861
80227,6.24,245.66212496,-2.07985224,-7.82,-7.36,8.01,6.315,6.251
84524,6.08,259.17813721,-6.2449569,-8.86,-7.58,8.01,7.491,6.204
84801,6.31,259.99803077,-5.91703822,45.42,-193.58,18.74,7.38,6.408
85622,6.36,262.44736311,-5.91932263,-33.13,-64.4,13.88,7.612,6.51
85365,4.53,261.65806271,-5.08649188,-91.53,-42.75,33.28,4.99,4.577
83906,6.35,257.22729747,-3.8826068,-54.85,-158.21,28.26,7.222,6.438
83262,4.82,255.26510631,-4.22245426,-40.28,-77.92,8.11,6.767,4.987
85042,6.28,260.71358055,-2.38791454,49.94,-107.54,51.39,7.127,6.362
84514,4.72,259.15294004,-0.44514192,-33.09,-63.92,14.97,6.242,4.867
86476,6.08,265.0497773,-2.15227627,-6.55,-10.32,5.99,8.306,6.368
87428,6.33,267.99769952,-1.2368115,-3.25,2.44,7.33,7.768,6.441
87875,5.95,269.26792871,0.06668731,20.54,-9.23,10.46,6.105,5.967
87812,5.82,269.07667921,0.67035571,-3.72,-0.36,3.93,5.897,5.839
87491,5.91,268.14776351,1.30504981,-32.72,-14.91,9.3,7.982,6.105
87224,6.44,267.3293655,1.96122606,-7.4,77.12,9.54,8.036,6.588
85307,6.44,261.49100049,-1.65190384,61.73,52.24,16.19,6.966,6.494
85667,5.31,262.59946496,-1.06250365,-126.64,-172.0,60.8,6.227,5.412
85537,5.41,262.20705273,0.33057703,-64.73,19.86,15.86,5.7,5.447
86391,6.25,264.78532668,2.02810485,45.38,-22.53,8.42,7.555,6.369
86831,6.16,266.14203543,2.57940751,7.21,13.64,7.09,6.232,6.137
85749,5.57,262.83893822,2.72446012,-19.25,19.22,8.75,6.631,5.672
82405,6.32,252.59270693,-2.65424668,2.37,-44.91,16.71,6.786,6.361
82693,6.25,253.54416698,-1.61210963,9.62,-80.15,13.7,6.588,6.28
83738,6.34,256.72057683,-1.65611713,34.88,-28.15,11.38,6.61,6.378
83853,6.06,257.05690056,-1.07937767,-10.55,-40.37,12.0,6.16,6.078
83635,5.63,256.38440349,-0.8920654,4.34,-1.91,4.26,5.767,5.652
83601,6.0,256.32011831,0.70337361,-15.67,-335.11,49.06,6.696,6.063
81687,6.25,250.29805122,-1.0002837,20.31,-11.49,21.22,6.608,6.295
82037,6.02,251.37365324,1.02014536,-3.84,6.63,6.84,5.998,6.016
81734,5.74,250.42725289,1.18110145,-101.96,53.42,19.7,6.12,5.766
81691,6.4,250.31975652,1.24548334,-13.36,-16.04,4.25,7.694,6.504
82480,5.51,252.85391115,1.21598136,-17.2,-14.02,9.45,5.576,5.515
82162,6.07,251.79066579,2.06456336,-11.0,-15.19,6.62,6.243,6.089
84500,5.89,259.13216019,1.21058377,-4.39,-15.73,5.38,5.93,5.905
84780,6.43,259.94370698,2.13948284,23.85,23.26,5.44,8.461,6.712
84479,6.17,259.05939112,2.18624365,11.32,-17.03,5.54,6.436,6.208
85355,4.34,261.62866503,4.14034239,1.25,7.09,2.78,6.285,4.497
84113,6.34,257.93841699,7.89472891,33.07,13.56,8.11,7.665,6.453
77287,6.24,236.68929693,-6.1203582,-11.94,1.26,3.48,7.747,6.375
77464,5.53,237.23672761,-3.81852811,-29.12,6.18,20.34,5.689,5.544
77516,3.54,237.40527375,-3.43014112,-98.07,-27.41,20.94,3.524,3.546
77660,5.09,237.81519764,-3.09042957,-92.51,-27.56,20.47,5.261,5.112
77227,5.39,236.52354097,-1.80411556,-21.84,-31.77,7.99,5.339,5.382
79195,5.39,242.46055144,-3.46673076,-24.27,0.64,6.6,7.254,5.554
79522,6.45,243.41094585,-1.47514027,-52.21,3.07,10.05,7.717,6.556
80708,6.46,247.17646594,0.05509353,-61.7,-98.11,10.89,8.255,6.608
80179,4.82,245.51850007,1.02892219,-156.01,48.09,36.56,5.227,4.854
79834,6.5,244.43069384,1.49671673,-16.09,-1.26,5.45,7.951,6.622
79120,5.93,242.24541959,3.45444515,-36.32,12.17,7.58,7.876,6.095
75101,6.34,230.196555,-2.412917,-262.44,-170.16,27.08,7.72,6.455
75342,6.11,230.93194231,-1.02231511,76.73,-28.21,18.2,6.423,6.137
76133,5.5,233.24144948,-1.18629929,-17.27,-41.17,12.06,6.921,5.628
74901,5.88,229.60888718,-0.46123725,-11.6,1.28,3.33,7.856,6.045
74689,5.62,228.9547494,0.37210753,-107.26,12.83,20.2,5.843,5.647
73536,5.71,225.45381414,-0.14025867,6.45,-15.03,3.19,7.667,5.891
75119,5.35,230.25842001,0.71558981,-42.48,-104.14,13.38,6.861,5.46
74895,6.5,229.59424244,0.93945188,35.04,-17.46,7.55,8.137,6.654
75761,5.15,232.15952692,1.84216258,-84.56,-33.48,26.68,5.445,5.188
74975,5.04,229.82741626,1.76665611,373.24,-513.64,40.46,5.695,5.112
77186,6.32,236.41458802,0.89104971,11.8,-4.39,5.27,7.871,6.474
77578,5.21,237.57303895,2.19662489,30.15,-47.62,12.4,6.524,5.337
77052,5.86,236.00769128,2.51552506,-44.96,-144.73,68.16,6.708,5.947
78442,5.82,240.21316189,4.42718026,-43.01,75.24,13.62,7.091,5.928
78685,6.07,240.94047189,4.98679189,-38.08,17.25,8.37,7.29,6.176
77622,3.71,237.70371344,4.4775798,127.98,61.87,46.39,3.9,3.728
77163,5.57,236.34778279,5.44732255,27.17,-3.19,8.49,5.61,5.573
77070,2.63,236.06664914,6.42551971,134.66,44.14,44.54,4.165,2.764
77257,4.42,236.61144121,7.35323973,-225.51,-68.52,85.08,5.157,4.485
80693,5.41,247.14157201,0.66516717,6.97,-67.95,7.72,7.313,5.559
80883,3.82,247.72850509,1.98410056,-31.37,-73.0,19.63,3.958,3.901
80558,6.06,246.70859435,2.34798373,20.93,-16.42,6.99,7.213,6.16
80610,6.35,246.8844464,2.87065873,6.39,-10.38,5.96,8.555,6.58
81641,5.77,250.16119601,4.21981484,-0.23,-10.7,10.76,5.765,5.771
82216,5.22,251.94346342,5.24684013,-21.75,-38.74,7.09,5.213,5.219
81404,6.48,249.39068306,5.27755599,-7.77,-12.5,7.62,7.961,6.603
79488,5.46,243.31420074,5.0210989,36.31,-5.11,7.68,7.392,5.628
79581,6.3,243.55658859,5.90189736,43.64,-21.04,9.75,7.795,6.417
81007,5.63,248.14865065,5.52122134,15.55,-0.41,10.12,5.566,5.619
80351,5.83,246.04511352,6.94817146,4.57,14.72,9.55,5.845,5.831
82402,5.48,252.58062783,7.24770528,51.83,-8.98,17.3,5.618,5.495
83342,6.33,255.49566563,8.45066223,26.8,2.64,8.6,6.483,6.399
78727,4.16,,,,,,,
83677,6.38,256.54017278,9.7338552,7.84,5.37,5.4,8.295,6.546
83000,3.19,254.41779418,9.37505626,-293.03,-9.7,37.99,4.691,3.322
83688,6.38,256.55427907,10.45386241,37.35,6.4,8.56,7.506,6.477
82073,5.15,251.45788751,8.58257816,-2.86,15.67,9.3,7.174,5.326
82673,4.39,253.50209743,10.16544339,-53.75,-34.68,13.95,4.246,4.352
82798,6.35,253.81653725,13.61999289,37.01,-34.06,12.72,6.749,6.385
82350,5.91,252.39447601,13.2611997,-29.03,-24.26,11.34,5.953,5.925
79137,5.93,242.29609713,6.38050993,258.17,-746.68,32.84,7.212,6.054
79072,5.69,242.11701282,8.53432477,-13.62,-6.16,5.74,7.78,5.924
79086,6.47,242.15220976,8.61324825,-30.26,-29.91,6.97,8.403,6.738
78840,6.27,241.40805867,8.09624575,7.55,0.79,8.1,6.386,6.28
77910,6.28,238.66780783,8.58033887,2.3,-0.64,13.54,6.496,6.304
79007,5.63,241.90646234,9.89176025,-20.84,-7.13,12.12,5.883,5.659
81008,4.84,248.15165942,11.48823391,-178.38,-79.16,10.29,6.802,5.011
80514,6.11,246.54756086,11.40746123,-48.05,13.02,9.11,7.473,6.224
81659,6.08,250.21399582,12.39505668,-30.61,-5.51,9.38,6.141,6.084
81425,6.3,249.45012563,13.68718619,-32.06,-62.3,14.39,6.805,6.346
82241,6.38,252.0369784,13.59033775,12.73,-17.33,4.8,7.488,6.479
82028,5.6,251.34377167,15.74541189,24.04,-50.64,6.31,7.749,5.818
81337,6.36,249.17895487,15.49752881,-14.74,-30.35,7.47,6.289,6.354
80463,4.57,246.35387324,14.03341514,39.39,-59.89,13.87,4.591,4.575
81231,6.42,248.8595556,17.05734541,-8.26,-1.4,6.17,6.486,6.417
88148,6.36,270.06525642,0.62948791,20.25,-2.03,8.26,6.548,6.387
88290,4.42,270.43828967,1.30510936,15.43,-13.61,12.31,4.483,4.443
88522,6.14,271.155655,1.9190071,-0.06,-6.25,-0.76,6.077,6.144
88601,4.03,271.36338682,2.50243928,124.56,-962.66,196.62,,
88192,3.93,270.16131466,2.93158759,0.41,-8.22,2.3,3.971,3.974
88149,4.79,270.06582324,4.36864674,1.78,-12.95,4.82,4.656,4.773
89000,5.67,272.47502296,3.12029682,13.68,-193.49,21.3,6.232,5.721
89065,5.5,272.66786991,3.32426855,18.87,-5.34,7.91,7.057,5.629
88964,5.71,272.39110031,3.99328654,50.07,-4.47,19.62,6.15,5.753
87108,3.75,266.97322515,2.70745875,-23.15,-75.12,34.42,3.807,3.751
87150,6.22,267.08430782,3.80419752,14.59,7.04,1.32,6.391,6.243
87937,9.54,269.45402305,4.66828815,-797.84,10326.93,549.01,,
86742,2.76,265.86823714,4.56691684,-40.67,158.8,39.78,4.304,2.899
87558,5.77,268.3094164,6.10125423,-127.82,69.89,31.87,6.286,5.815
87866,6.28,269.23318538,6.48773401,19.79,-1.65,4.79,6.262,6.283
88213,6.36,270.22024348,6.26831149,0.89,-6.98,2.17,6.21,6.33
89977,6.14,275.36834467,5.43574551,-3.12,-8.05,0.97,6.085,6.142
90497,5.71,276.99489066,6.19416039,-1.25,-23.26,4.41,5.661,5.703
89772,5.41,274.78984693,7.25976189,-45.38,1.96,22.24,6.814,5.537
90313,5.64,276.41167222,8.0320244,-4.24,-7.39,4.04,6.772,5.759
90971,6.42,278.34709587,8.26827334,-0.86,-9.12,2.06,6.37,6.418
91217,5.38,279.1159838,9.12281663,-6.29,-133.88,25.75,5.832,5.423
91090,6.48,278.69787478,10.89200074,6.87,3.78,5.13,6.514,6.479
88765,4.64,271.82647643,8.73379361,9.79,30.24,13.71,5.867,4.748
88771,3.71,271.8375861,9.56365345,-61.6,79.71,39.4,3.903,3.737
90052,5.99,275.64713837,12.02964433,8.9,14.61,6.81,6.049,5.987
86575,5.97,265.38468625,6.31316423,-2.97,-3.22,2.63,7.612,6.1
85333,6.01,261.57920731,7.59566929,0.02,-7.82,3.95,6.745,6.126
85450,6.42,261.93362195,8.44214144,13.08,-42.11,3.96,8.549,6.67
85139,5.77,260.99005723,8.85258733,4.22,-6.91,3.03,7.376,5.902
85998,5.8,263.65287832,9.58672378,6.63,-9.77,9.54,5.845,5.797
85826,6.42,263.06199676,11.93000748,2.69,16.32,6.59,6.402,6.418
86032,2.08,263.73335321,12.56057584,110.08,-222.61,69.84,2.315,2.106
85666,6.47,262.59436211,11.92398112,11.67,14.06,10.55,6.532,6.47
86373,6.12,264.74111526,13.32915582,-20.6,43.51,10.68,6.807,6.198
87910,6.33,269.36245797,11.04456794,-9.82,-10.33,9.36,6.493,6.35
87655,6.24,268.55920521,11.13095438,-70.81,-163.11,14.72,6.801,6.309
87335,6.19,267.68170518,11.94662907,-9.0,-33.26,6.41,7.812,6.332
89677,6.29,274.51226775,13.77705548,-2.83,-7.22,2.93,6.242,6.289
88862,6.34,272.14058047,14.28471737,-5.81,-0.48,6.13,6.57,6.348
89023,6.09,272.53636926,16.47661734,-1.65,-11.42,2.17,6.868,6.247
86732,6.22,265.8417558,14.29509983,1.24,28.02,8.78,6.727,6.27
86809,6.18,266.07186946,14.41003119,-3.69,14.62,6.93,6.458,6.225
86546,6.34,265.29582024,15.17838782,-7.69,-4.83,7.76,6.383,6.339
87427,6.43,267.99360355,15.32627417,-6.88,40.23,7.4,7.762,6.6
88217,6.28,270.23875892,15.09379176,-50.98,-99.34,22.2,7.197,6.367
88128,4.67,270.01425282,16.75094481,-7.53,-10.61,4.97,6.28,4.807
92475,6.37,282.68977943,10.9763769,7.51,6.35,1.75,8.163,6.466
93203,5.27,284.77387015,13.62254853,19.49,-124.92,20.99,5.917,5.324
93179,5.91,284.69551472,13.90677273,0.94,-51.42,13.45,6.23,5.939
93244,4.02,284.90578844,15.06847757,-52.68,-73.81,21.22,5.392,4.138
92593,6.19,283.00802921,13.96566731,-5.65,-8.32,4.08,6.193,6.204
90337,6.37,276.48014319,14.96628017,-7.6,-19.85,8.72,6.317,6.361
91279,6.31,279.28771035,16.19817678,14.71,48.58,11.14,7.447,6.409
91159,6.21,278.97163554,16.97586994,49.09,-71.19,29.23,6.483,5.882
92161,4.34,281.75509317,18.18122968,83.74,119.01,35.17,4.514,4.36
92131,6.18,281.67230062,18.70596703,15.76,-24.69,6.09,8.305,6.382
93966,6.08,286.98867463,16.85412507,65.61,-304.46,47.72,6.953,6.157
93124,5.33,284.56144717,17.36093633,0.08,-9.98,1.32,6.22,5.411
94646,6.46,288.88904113,18.51632809,-10.49,10.06,3.04,8.729,6.669
95582,5.84,291.61952782,19.89161003,0.64,-48.14,7.17,7.893,6.018
95498,5.14,291.3689314,19.79853912,96.65,-71.49,13.78,6.433,5.261
95560,5.6,291.55518356,20.09782036,3.36,-36.13,14.94,5.596,5.594
95487,6.31,291.34331486,20.27176831,-5.87,-17.08,8.16,6.292,6.302
95340,6.4,290.94553232,20.26435487,3.07,0.42,2.88,6.413,6.399
94598,6.03,288.76120242,20.20315025,4.02,-11.2,4.5,7.159,6.131
94910,6.5,289.70170105,19.61047566,-0.29,0.44,3.22,6.495,6.507
94620,5.65,288.82224652,21.23209944,36.38,7.82,10.26,5.8,5.666
94703,4.76,289.05433156,21.39044277,0.73,-6.12,3.58,4.668,4.751
92937,5.69,284.02562647,18.10579902,-47.38,-160.08,11.84,7.104,5.821
93523,6.11,285.71923778,19.66101428,6.31,-1.53,2.12,7.822,6.252
93374,6.47,285.27262462,19.30961261,8.07,-3.19,7.14,7.908,6.597
92312,5.89,282.22240149,19.32877145,15.96,-21.0,11.63,5.92,5.896
93975,6.22,287.01456055,21.69874452,45.27,75.28,22.83,6.71,6.264
94382,6.02,288.15301833,21.55456041,14.51,4.79,3.24,6.102,6.025
93443,6.44,285.4559296,22.26437745,12.57,14.4,7.88,6.594,6.468
93270,6.28,284.99216447,22.81449194,-16.17,9.52,4.31,8.497,6.524
93845,5.78,286.65983699,24.25075812,58.3,14.37,9.82,5.92,5.797
90086,6.22,275.76223559,16.68803424,-11.28,-14.12,6.58,7.804,6.363
90762,5.76,277.76861912,16.92860639,-33.04,-20.79,7.88,5.824,5.765
90067,5.25,275.70414875,17.82657724,72.52,16.06,7.48,6.88,5.395
89684,6.24,274.53214741,18.13168429,-3.17,2.61,4.37,6.229,6.235
91118,5.79,278.80245637,18.20339202,21.25,7.46,4.82,5.793,5.788
90729,6.49,277.67350531,20.81568735,16.29,-263.84,27.92,7.475,6.571
88172,6.42,270.11522556,19.50578365,5.2,0.8,2.01,6.343,6.406
88429,6.41,270.81068909,19.61315807,-4.4,-0.47,8.01,6.431,6.413
88899,5.1,272.22024304,20.04528382,8.45,-21.05,10.16,5.31,5.126
88886,4.37,272.1895526,20.81457203,-2.71,-6.2,2.14,4.145,4.338
90139,3.85,275.92402821,21.77034249,195.54,-242.92,25.4,5.369,3.979
89861,4.92,275.0745983,21.9614409,17.51,-59.29,7.66,7.028,5.118
89298,6.14,273.3188664,21.88020909,61.39,50.64,0.63,8.069,6.305
90023,5.41,275.53622172,23.28498721,11.61,77.88,4.82,7.586,5.617
89683,6.45,274.53217527,23.29693573,11.88,-11.96,1.95,8.723,6.672
92043,4.19,281.4155466,20.54712356,-9.25,-335.65,52.37,4.761,4.259
92614,5.43,283.06846943,21.42516648,-7.25,-10.12,7.1,5.296,5.391
92270,6.19,282.06827761,23.51476509,25.3,-6.78,34.85,6.77,6.24
91958,6.3,281.16785681,23.59009138,16.54,-85.61,22.52,6.801,6.352
92818,4.57,283.68700483,22.64507357,6.4,1.03,6.71,5.57,4.678
93256,5.26,284.93928575,26.23043204,85.85,-11.33,9.36,6.856,5.399
91139,5.62,278.87664511,23.6055287,3.31,0.73,6.7,6.933,5.749
90915,5.88,278.19227861,23.61677633,13.32,10.21,4.11,7.822,6.033
90637,5.87,277.39879328,23.86620645,0.05,-1.95,2.21,5.745,5.856
92088,4.83,281.51861708,26.66207055,18.68,24.39,12.96,6.376,4.96
84671,5.03,259.65410656,10.86471277,8.08,-97.65,4.72,7.044,5.205
84177,5.32,258.11585728,10.58522897,6.06,-25.22,4.2,7.392,5.514
84345,2.78,258.66192687,14.39025314,-6.71,32.78,8.53,4.71,3.335
85934,6.36,263.42819351,14.84177698,22.09,-73.53,4.53,8.375,6.631
85187,6.34,261.14081507,15.60602165,6.94,10.98,6.7,6.286,6.307
85185,5.75,261.13137304,16.30107639,12.58,-28.83,7.55,5.838,5.756
83613,4.89,256.34441753,12.74085469,50.63,-11.02,22.68,5.052,4.896
83504,6.06,255.99178693,13.56773647,22.66,-130.21,9.66,7.404,6.174
83478,5.91,255.91381185,13.60542885,-21.43,-33.96,12.38,5.921,5.918
83430,4.97,255.78273333,14.0921003,25.96,-63.21,7.97,7.061,5.17
82989,6.38,254.38370142,13.88394324,-81.01,69.73,16.29,7.562,6.468
83308,6.27,255.38769941,14.94971947,5.82,-1.13,5.92,6.327,6.283
84938,6.35,260.38935959,16.73126622,-6.46,-15.5,4.39,8.442,6.546
85302,6.09,261.4765552,16.91753762,-13.95,16.44,5.0,8.14,6.342
84631,6.0,259.52055177,17.31791351,11.87,-11.12,8.12,6.019,6.003
84833,5.01,260.07860691,18.05721601,8.99,-55.69,6.9,7.152,5.201
86623,5.54,265.49432602,15.95217942,-6.99,103.01,28.15,5.998,5.586
85930,5.68,263.41413313,16.31770553,-5.67,-62.67,10.2,6.964,5.796
87044,5.61,266.78349746,17.69704078,11.07,-11.19,8.86,5.665,5.625
87192,6.13,267.19949521,19.25499439,-8.84,9.13,5.33,6.16,6.134
87158,5.69,267.10313561,20.56542749,25.03,5.52,13.04,6.897,5.799
85912,5.65,263.3451751,19.25689917,-29.48,-91.32,27.26,6.236,5.707
85385,5.52,261.70469683,20.08093784,0.16,16.11,6.94,5.358,5.497
86118,6.11,263.99818491,20.99627817,6.71,-15.06,8.5,6.317,6.123
86254,5.76,264.37957747,24.3099689,-6.19,9.29,13.59,5.898,5.772
82802,5.35,253.84265772,18.43318381,-114.79,11.85,9.19,7.21,5.517
83565,6.19,256.17224125,19.59910193,13.6,1.44,5.43,6.225,6.224
83493,6.35,255.969473,19.69049258,-22.94,8.55,2.92,8.418,6.583
82764,5.39,253.7297302,20.95848435,56.33,1.5,12.8,6.621,5.502
83254,5.69,255.24225416,22.6321519,-8.7,-23.29,1.07,7.398,5.809
83692,5.56,256.57545246,22.08424707,-97.78,-38.65,9.11,7.265,5.717
84599,6.25,259.3994005,23.09063832,-2.93,-4.78,1.83,8.261,6.404
84431,5.99,258.92290165,23.74270442,-41.52,23.17,4.37,7.724,6.131
85157,5.7,261.02756159,22.96037466,-43.53,-36.77,23.37,5.976,5.736
84887,5.13,260.2259101,24.49943984,-19.36,-1.91,7.05,5.125,5.126
84821,5.36,260.04094409,25.53764398,13.13,-16.91,6.49,5.435,5.372
85693,4.41,262.68457505,26.1106045,18.39,16.78,8.88,6.256,4.555
85313,6.38,261.5035957,26.87868518,7.88,20.28,4.82,6.518,6.39
84054,6.2,257.76321245,24.23762081,-11.66,30.27,11.41,6.469,6.226
83007,6.35,254.42626311,24.38130868,6.48,-20.08,6.72,7.737,6.452
82987,6.27,254.37933698,25.35280257,8.05,15.85,5.87,7.416,6.369
83367,5.76,255.57775223,25.50537839,55.19,99.25,8.84,7.06,5.88
84379,3.12,258.75801735,24.83958739,-21.14,-157.68,41.55,3.242,3.136
84691,5.68,259.7020634,28.82298375,47.98,-6.63,10.24,6.932,5.791
88331,5.25,270.59604036,20.83364838,-1.85,-6.91,3.17,5.121,5.236
88267,4.26,270.37667886,21.59568814,7.55,38.79,6.93,4.717,4.287
88604,6.18,271.37553926,21.64661981,11.94,1.69,7.9,7.798,6.325
88657,4.96,271.50795297,22.21889206,-13.33,-5.26,5.3,7.149,5.185
87341,6.14,267.70155128,22.31638065,16.75,-20.73,10.25,6.429,6.171
87777,5.62,268.96171591,22.46422113,-2.11,-0.17,6.67,7.24,5.756
88346,6.22,270.62564696,22.92324285,-2.99,-5.45,4.83,6.091,6.198
89773,5.3,274.79447741,24.44604619,8.4,5.41,2.55,7.286,5.458
88528,6.34,271.16749339,23.94217079,16.27,-70.55,16.12,6.702,6.378
88817,5.79,271.9562881,26.09726716,-10.47,29.79,19.65,5.985,5.845
88818,5.83,271.95651031,26.10122114,-1.92,24.37,14.27,6.049,5.876
87895,6.32,269.30973653,23.99571002,-17.28,73.7,35.02,7.11,6.398
86731,5.73,265.84016161,24.32764591,-116.66,72.26,26.13,6.554,5.807
86667,5.56,265.61832228,24.56431006,-55.19,-103.84,8.92,7.446,5.725
86537,6.37,265.27290643,24.51312096,-18.35,54.84,4.88,7.892,6.492
87194,5.09,267.20478791,25.62296216,-3.67,-38.51,15.94,6.579,5.226
87747,5.47,268.85494207,26.04997848,4.39,4.97,1.02,5.891,5.508
87933,3.7,269.44096106,29.24792527,82.33,-18.73,24.12,4.879,3.802
90398,6.5,276.67053001,26.44923123,1.66,-6.19,4.17,6.357,6.482
90256,6.27,276.24358491,27.39481834,1.65,-14.35,8.41,6.356,6.297
89935,5.12,275.25423981,28.86983516,4.01,48.81,11.79,5.378,5.15
91533,6.43,280.00805744,30.84938758,-13.18,34.23,5.62,7.562,6.528
90342,5.81,276.49488169,29.82898959,23.23,-24.45,7.63,5.9,5.824
90923,5.47,278.20812019,30.55418062,13.4,11.61,8.92,5.367,5.457
88794,3.84,271.88562824,28.76247025,-0.17,7.51,9.39,3.817,3.835
89827,6.01,274.96696427,29.66638344,-2.46,3.56,4.98,7.727,6.154
89925,5.61,275.23737263,29.85879387,0.69,54.1,17.36,5.903,5.639
88929,6.36,272.292425,30.46919267,73.52,139.13,7.41,7.923,6.494
88745,5.05,271.75669828,30.56186809,-100.93,111.7,63.88,5.677,5.118
89172,4.96,272.97569523,31.4052884,-14.46,25.21,5.42,7.086,5.167
86974,3.42,266.61549553,27.72249917,-291.42,-750.0,119.05,4.357,3.501
85790,5.66,262.95655998,28.40743646,7.46,25.64,11.86,5.652,5.655
86153,6.37,264.08926229,27.56680721,-4.59,-69.36,3.38,8.35,6.582
86130,6.4,264.03375242,28.18501951,1.7,29.56,7.77,8.192,6.559
87308,5.51,267.59529976,29.32202669,30.88,47.88,12.23,6.895,5.639
87998,4.41,269.62562385,30.18926892,-0.48,3.23,4.1,4.858,4.448
86925,6.22,266.41763106,31.50468387,4.56,-2.27,0.8,6.22,6.244
84934,6.37,260.38013023,28.75809921,12.16,0.8,6.09,7.267,6.468
85715,5.63,262.73071285,31.15810073,3.81,15.59,8.65,6.85,5.736
86178,6.04,264.15302243,30.78519255,30.58,-5.66,15.07,6.24,6.067
86506,6.3,265.17178162,31.28766077,-59.41,-75.11,8.09,7.688,6.427
86462,6.05,264.98968601,31.2024431,-9.41,11.15,6.12,8.129,6.244
88636,5.72,271.4566582,32.23072212,19.1,-19.96,4.69,7.244,5.849
88190,6.01,270.1515728,33.21373928,-4.12,-23.61,4.37,8.009,6.187
88277,6.18,270.39953406,33.31121818,22.02,19.54,3.37,8.22,6.354
89156,5.98,272.93796497,33.44702748,13.52,12.14,4.27,6.039,5.989
89826,4.33,274.96550503,36.06444696,-16.14,41.32,13.71,5.844,4.449
88836,5.49,272.00961362,36.40171633,-95.0,-186.09,15.66,6.987,5.616
89008,5.57,272.49577622,36.46625671,13.14,11.2,7.52,6.746,5.667
88020,6.03,269.67632168,36.28791591,6.61,-49.09,9.42,7.234,6.134
87808,3.86,269.06324389,37.25052158,2.74,7.24,4.87,5.602,3.996
88972,6.38,272.40688326,38.45891534,-316.17,-468.33,90.11,7.517,6.486
25776,6.18,82.55804936,-84.78521152,-6.84,44.27,9.35,6.175,6.18
17328,6.4,55.63620779,-85.26202284,20.99,24.32,6.78,6.521,6.557
7568,5.66,24.3657494,-84.76965017,34.69,23.45,8.94,6.855,5.776
1074,5.78,3.3314522,-84.99402068,10.97,17.4,4.0,8.006,5.986
7601,5.88,24.47908355,-82.97528876,122.3,120.7,36.86,6.626,5.95
14521,5.67,46.88292015,-78.98942329,79.07,73.56,13.13,6.012,5.698
23148,5.84,74.71244667,-82.47052255,-5.1,4.12,9.34,7.013,5.938
20297,5.78,65.24179812,-81.58022679,9.07,126.08,18.61,6.202,5.809
20049,5.67,64.49656949,-80.21418106,28.26,61.02,8.0,6.727,5.779
26394,5.65,84.28663598,-80.4716745,311.97,1050.19,54.92,,
27566,5.46,87.56999717,-79.36152292,-4.5,65.95,12.06,5.365,5.444
26264,6.04,83.90054432,-78.82088325,12.55,18.18,4.1,6.018,6.043
23251,6.29,75.05536691,-78.30001167,-18.53,1.03,3.04,8.272,6.463
21611,6.05,69.59060165,-77.65597754,-7.03,-10.49,4.98,7.466,6.168
16827,6.29,54.12576577,-78.32308914,-14.3,6.53,4.1,7.766,6.425
16290,5.68,52.49552432,-78.35178497,-11.26,-26.72,10.63,6.869,5.781
15201,5.51,48.98899185,-77.38860498,113.2,62.0,34.02,6.026,5.561
17678,3.26,56.80929799,-74.23924251,51.07,115.27,15.23,5.364,3.452
814,5.29,2.50945435,-82.22399743,-21.66,-20.39,13.45,6.625,5.397
8366,6.05,26.94453905,-80.17616913,-71.73,-58.41,16.13,6.449,6.089
11757,5.27,37.91716991,-79.10924959,137.14,-54.42,11.18,6.529,5.381
7879,6.33,25.33868782,-79.14825374,59.76,22.13,8.26,7.548,6.449
8991,6.15,28.9593779,-78.34867741,103.01,53.05,24.2,6.677,6.201
7271,6.11,23.41359158,-78.5044859,-30.96,-137.42,7.4,7.338,6.216
13244,4.76,42.6189035,-75.06688108,-33.95,-27.18,9.92,6.494,4.898
17543,6.26,56.34873335,-71.65823679,21.15,42.99,7.04,6.112,6.239
11095,5.99,35.71864225,-73.64582097,-81.59,11.84,10.26,7.403,6.111
14131,5.51,45.56415553,-71.90249547,27.18,15.95,6.21,5.341,5.484
15840,6.14,51.00948316,-69.62465075,22.08,18.35,5.48,6.708,6.194
14547,6.12,46.95416193,-69.26495674,-37.41,15.1,10.86,7.427,6.233
25918,5.18,82.96942437,-76.3416634,143.2,287.75,32.43,6.647,5.303
22871,5.47,73.79641541,-74.93700232,27.6,61.88,4.58,7.453,5.637
24507,6.49,78.85368002,-73.58848926,-22.29,5.85,9.09,6.681,6.517
23737,6.26,76.53858384,-73.03782413,17.48,62.26,7.7,6.279,6.269
26169,5.79,83.68659342,-73.74136684,0.06,37.09,3.12,8.014,6.029
22717,6.28,73.2738923,-72.40833805,-46.17,270.71,30.74,6.901,6.341
23467,5.3,75.67918703,-71.31432608,-3.54,10.68,5.08,6.574,5.407
21949,5.53,70.76644496,-70.93111187,9.3,34.77,6.75,5.372,5.503
25482,6.02,81.74925231,-68.62249571,-10.85,-19.76,13.16,6.493,6.123
24372,4.81,78.43927858,-67.18534976,18.18,38.96,5.97,6.491,4.951
27534,5.1,87.47313958,-66.9012309,-22.1,18.08,6.37,4.929,5.078
27100,4.34,86.19341279,-65.7355408,-28.38,6.12,22.48,4.61,4.367
26368,6.28,84.22911509,-66.56031364,-6.11,10.81,3.81,6.209,6.275
22737,6.43,73.37703998,-66.67543873,4.54,10.35,2.84,8.552,6.617
23840,5.19,76.89171306,-63.39957018,12.57,-44.74,5.2,7.286,5.398
22081,6.46,71.24130644,-63.2297076,-9.57,-3.01,7.15,7.851,6.591
15968,5.96,51.40105611,-69.33659399,-0.41,64.81,25.45,6.449,6.005
16368,5.81,52.71534366,-66.4897181,16.99,1.7,3.83,5.735,5.8
15353,6.03,49.49578856,-66.92688494,57.15,13.07,17.24,6.208,6.043
17440,3.84,56.04814541,-64.80709398,308.39,78.72,32.71,5.301,3.963
18401,6.14,59.01624183,-63.46384651,70.38,52.83,8.79,7.546,6.26
16245,4.71,52.34244352,-62.93843436,383.05,373.11,46.65,5.179,4.756
21253,5.79,68.39208243,-62.82363051,-117.21,-19.34,21.74,7.108,5.896
20384,5.24,65.47173239,-63.38681514,85.2,174.37,8.58,6.451,5.341
20825,5.74,66.94184598,-62.52121428,-11.73,3.5,9.92,7.021,5.849
19233,6.37,61.83871877,-64.22310952,185.91,336.76,43.12,7.148,6.451
20020,5.88,64.41777199,-63.25549171,5.48,35.53,7.05,5.753,5.812
19780,3.33,63.60596306,-62.47397888,41.64,49.72,19.98,4.489,3.438
19805,5.45,63.7022883,-62.19204942,-2.96,97.94,12.21,6.889,5.577
19917,6.34,64.08717814,-60.94854291,43.73,25.01,8.41,6.464,6.365
21479,5.59,69.1903235,-62.07698129,-68.46,-71.22,16.02,7.316,5.86
20619,5.94,66.27233379,-61.23824628,-18.82,21.69,5.08,7.944,6.112
19921,4.44,64.12118133,-59.30174841,-47.99,-167.81,54.84,5.821,4.556
18744,4.48,60.2241876,-62.15936923,1.8,34.95,6.65,6.577,4.698
18597,4.56,59.68640623,-61.40015059,9.79,-14.39,6.15,6.67,4.745
18772,4.97,60.32529605,-61.07905148,66.66,94.51,9.85,6.82,5.126
18592,6.05,59.67864137,-57.10238788,25.85,11.55,16.2,6.573,6.097
1706,5.96,5.3697616,-77.42685699,14.23,-6.44,4.68,7.772,6.125
2021,2.82,6.41334183,-77.25503511,2220.12,324.37,133.78,,
122,4.78,0.39937928,-77.06529438,-56.52,-176.95,14.77,6.43,4.928
3781,5.09,12.14632729,-74.92335356,133.21,-34.59,15.94,6.871,5.241
1268,6.49,3.97890167,-75.91160944,-17.82,-2.41,4.63,7.736,6.592
2629,6.11,8.34677242,-71.26621472,73.49,-13.04,6.65,6.426,6.147
4293,5.45,13.75124739,-69.52697888,7.92,-43.35,15.52,6.845,5.575
5896,4.25,18.93956391,-68.87623708,411.11,127.43,48.94,,8.439
11001,4.08,35.43759585,-68.6594239,-50.07,2.38,24.1,4.134,4.085
10418,5.57,33.56042796,-67.84155199,25.19,45.66,4.41,7.581,5.749
10513,5.67,33.86899336,-67.74633515,43.01,-12.65,6.97,7.381,5.818
12394,4.12,39.8967653,-68.2669476,87.4,0.56,21.27,4.047,4.101
12876,4.83,41.38555249,-67.616724,66.5,44.02,11.06,4.917,4.841
115125,5.19,,,,,,,
12717,6.23,40.86027168,-66.71405573,98.55,-80.68,18.36,6.885,6.315
11293,6.39,36.36035123,-66.49402863,-20.67,1.21,3.54,8.299,6.598
8928,4.68,28.73339519,-67.64748114,76.0,73.17,15.04,5.874,4.792
9318,6.09,29.92116544,-66.06657323,34.0,6.2,7.62,7.61,6.219
9149,6.36,29.47237594,-65.42468427,-24.59,-6.5,6.09,7.505,6.459
11479,6.35,37.01808014,-64.29978331,34.24,6.15,8.47,6.328,6.355
377,5.59,1.17188841,-71.43685835,30.0,-13.62,5.7,5.456,5.571
1647,5.5,5.16267858,-69.62491154,-4.01,-0.64,10.65,5.448,5.494
5992,6.23,19.26533831,-66.39789075,53.04,15.04,9.69,6.282,6.202
4879,6.25,15.67872783,-65.45611076,8.53,3.68,4.06,8.377,6.476
3330,5.38,10.61790472,-65.46813002,54.11,41.12,24.59,5.984,5.442
2889,6.43,9.15663761,-65.12442483,41.88,-8.54,5.05,8.06,6.565
4200,5.73,13.40741156,-62.87135327,74.42,0.65,5.32,7.678,5.924
5268,5.36,16.82738598,-61.77526197,73.79,-11.24,11.68,6.45,5.443
6631,5.92,21.27198122,-64.3694363,23.15,-17.1,3.23,7.95,6.093
9236,2.86,29.69113269,-61.56992444,262.54,26.88,45.74,3.223,2.892
8983,6.07,28.9436084,-60.86113745,14.17,66.77,21.5,6.478,6.102
8957,6.43,28.83206122,-60.31238593,-45.78,-40.39,18.23,6.851,6.432
7921,5.7,25.44980076,-60.78924102,12.81,-40.52,8.79,7.33,5.841
7506,6.18,24.18654178,-58.2709679,23.38,0.83,4.05,8.284,6.39
7387,6.03,23.81128987,-58.13939438,284.01,-33.05,24.72,6.474,6.065
13429,6.47,43.22769897,-65.45525503,-6.45,-14.69,7.04,7.765,6.576
13884,4.98,44.69902505,-64.07129717,22.96,5.39,10.4,5.144,4.993
12871,5.73,41.36438582,-63.70453152,19.39,-8.81,18.23,6.925,5.852
13387,6.03,43.07894232,-62.90959822,61.96,6.27,5.89,7.655,6.161
13141,5.25,42.2556956,-62.80659207,94.53,29.02,19.73,5.396,5.274
15330,5.53,49.43528798,-62.57689893,1337.83,648.71,82.51,,
15371,5.24,49.54640411,-62.50793537,1331.1,646.84,82.79,,
16531,6.42,53.2144352,-61.01698766,77.48,47.37,7.6,7.743,6.534
11258,5.36,36.22497693,-60.31162902,-71.08,-131.04,20.4,5.828,5.41
14240,5.12,45.90376552,-59.73761994,-72.81,-63.89,23.67,5.529,5.161
14930,5.71,48.13808292,-57.32158199,18.65,13.55,2.48,9.122,6.069
17464,6.29,56.14110276,-54.27418613,25.49,65.5,12.81,7.592,6.382
16509,5.67,53.14465247,-50.37884857,94.26,83.16,10.63,7.08,5.783
15884,6.5,51.15087344,-51.06270539,-7.37,19.71,7.49,6.502,6.509
12484,5.21,40.16491631,-54.54992422,32.76,5.24,20.49,5.693,5.266
12775,6.15,41.04414752,-52.57056106,-23.37,-14.76,8.06,6.269,6.162
10871,5.81,34.97602796,-55.94484169,23.32,18.71,5.78,7.864,5.991
22534,6.42,72.73574565,-53.45990399,-87.35,84.89,31.18,6.912,6.427
9685,6.45,31.14600838,-54.88162897,75.79,-24.72,21.17,6.888,6.493
12225,5.3,39.35110362,-52.54308845,111.29,1.05,22.49,5.634,5.331
12653,5.4,40.63816025,-50.80082665,333.73,219.21,58.0,6.09,5.465
11925,6.24,38.47757346,-51.09349627,-8.66,-20.61,18.72,6.862,6.299
11102,5.9,35.72772659,-51.09228926,22.09,66.01,16.3,6.156,5.927
13518,6.22,43.52696642,-50.87141943,-2.3,7.24,2.93,8.242,6.387
15655,6.4,50.38927921,-47.77662913,7.04,-13.03,7.19,7.662,6.509
15305,5.84,49.36084175,-47.7517377,-6.9,30.31,6.89,7.423,5.975
14749,6.11,47.61348238,-48.73409558,16.73,-25.01,8.41,7.551,6.231
12611,6.09,40.53514682,-46.524212,9.99,-94.3,24.47,7.205,6.193
14187,5.81,45.73267366,-46.97504226,24.77,2.42,3.97,7.505,5.952
27660,6.35,87.84625475,-64.03360643,-7.98,16.77,2.92,7.444,6.459
27890,4.65,88.52458376,-63.09102096,120.11,573.43,36.67,5.982,4.764
26001,5.34,83.24801962,-64.22751422,33.1,-1.27,14.07,6.661,5.457
25781,6.19,82.56610896,-63.92782972,4.42,59.28,8.16,6.472,6.224
26069,3.76,83.40631813,-62.48985585,1.06,12.56,3.14,4.775,3.85
26190,6.32,83.73934029,-61.17598319,-7.48,-26.73,9.37,7.364,6.412
25429,5.14,81.58032066,-58.91259871,-8.22,32.22,6.98,6.38,5.235
22844,6.11,73.72051578,-58.54781783,100.99,68.25,32.38,6.624,6.164
23693,4.71,76.37787652,-57.47298928,-31.87,117.42,85.83,5.326,4.77
27737,5.93,88.08409189,-57.15600008,17.99,-78.63,7.86,6.735,6.013
26079,6.42,83.43457243,-54.9023146,65.95,10.37,17.8,7.07,6.484
27530,4.5,87.45656999,-56.1664886,81.61,-71.77,18.78,5.9,4.619
27317,6.19,86.80552101,-54.36073163,5.5,1.33,2.67,8.012,6.341
25098,6.1,80.59229956,-56.13445367,-5.02,21.84,4.35,5.976,6.077
23653,6.26,76.25252482,-54.40741679,-0.01,6.54,4.66,8.276,6.446
25303,6.26,81.19288289,-52.31617828,-5.18,-27.66,6.11,6.337,6.247
24829,5.44,79.84214072,-50.60652008,23.0,227.39,27.7,6.05,5.498
24520,6.48,78.91166823,-52.18223022,14.56,21.14,3.81,8.049,6.591
24384,6.03,78.47222426,-52.03072111,0.2,-13.99,4.65,7.857,6.192
22040,5.28,71.08799653,-59.73284052,29.32,44.19,14.66,5.518,5.302
20552,6.28,66.05133135,-57.07115747,-104.32,-73.73,36.92,7.032,6.302
21281,3.3,68.49882684,-55.04500559,58.06,12.73,18.56,3.159,3.248
22531,5.58,72.73077622,-53.46172112,-79.08,87.79,26.97,5.972,5.654
21666,6.45,69.76787044,-51.67279617,13.58,18.12,4.97,8.17,6.593
20109,6.08,64.66658653,-52.86027488,45.84,73.1,13.49,6.652,6.137
19893,4.26,64.00621426,-51.48709578,100.57,184.23,49.26,4.634,4.294
21914,5.3,70.69356887,-50.48141805,-35.9,34.63,9.5,6.539,5.409
23649,5.05,76.24146891,-49.57783014,68.74,-3.03,6.88,7.033,5.218
23482,5.37,75.70302244,-49.15147328,-43.96,27.18,38.19,5.886,5.428
20781,6.1,66.77465426,-46.94683571,66.47,-275.4,30.82,6.65,6.161
20934,6.13,67.33351038,-46.51535931,51.93,36.72,8.32,7.497,6.242
21060,5.07,67.70874038,-44.95374351,2.44,-2.48,4.59,4.81,5.033
28180,6.48,89.30985167,-53.4256934,9.47,-0.07,4.53,8.379,6.627
27947,5.29,88.70878524,-52.63607272,-17.21,243.54,28.65,5.629,5.32
27583,6.32,87.62012003,-52.76790524,-7.54,10.65,3.69,7.249,6.421
27621,5.16,87.72174399,-52.1086873,2.42,-76.29,12.33,6.404,5.269
27321,3.85,86.82118054,-51.06671329,4.65,81.96,51.87,4.077,3.879
26515,6.43,84.57258718,-50.64104142,-0.72,19.1,6.25,6.379,6.419
27937,6.11,88.67134853,-49.62704326,-5.23,13.82,2.96,5.907,6.079
26300,6.1,84.01188868,-47.31372679,-8.71,-7.97,6.25,7.596,6.229
27243,5.31,86.61402516,-46.59722012,7.8,16.33,7.09,6.629,5.412
25768,5.46,82.53942437,-47.07733403,20.84,-131.94,22.87,6.214,5.529
25887,5.86,82.89995202,-45.92540473,18.57,36.13,6.96,7.615,6.006
25317,6.09,81.23157887,-44.22570485,-2.0,8.59,6.13,7.618,6.215
27512,6.38,87.39220514,-44.87540774,-3.13,5.76,2.32,7.993,6.509
27001,6.38,85.92132767,-45.8331013,24.48,97.57,12.24,6.726,6.414
28287,5.81,89.65648606,-44.03458558,-12.02,9.49,2.58,7.152,5.926
28328,3.96,89.78662719,-42.81510761,18.53,-11.45,6.14,5.42,4.068
25488,5.86,81.77215841,-40.94377328,3.27,108.48,10.52,6.154,5.884
25194,5.73,80.85001902,-39.67843559,26.66,5.04,5.81,7.857,5.94
26545,5.81,84.68136124,-40.70735801,-2.31,21.19,6.65,5.705,5.796
26981,6.25,85.87562146,-39.40691739,48.43,3.9,18.73,6.677,6.291
25993,5.45,83.21407027,-38.51334582,50.43,-10.57,18.92,7.05,5.591
23555,6.3,75.97472974,-41.74533727,22.82,159.17,31.93,6.935,6.376
23377,6.02,75.39385911,-39.71812649,-4.39,33.25,8.9,7.143,6.117
22488,6.06,72.56743031,-41.32100968,-3.02,66.56,19.11,6.493,6.104
21770,4.44,70.14092957,-41.86357034,-141.18,-74.95,49.67,4.844,4.488
21525,6.4,69.33020095,-41.87306444,24.76,49.44,9.1,6.608,6.426
21998,6.24,70.93443179,-41.06481341,11.21,10.47,5.0,8.151,6.398
22847,6.11,73.72840898,-39.62866145,-6.24,22.28,3.22,7.941,6.26
22144,6.04,71.48122939,-39.35657299,-58.13,-18.99,10.36,7.416,6.168
24426,5.75,78.62015802,-35.97703069,11.33,14.2,6.73,7.023,5.849
25608,5.56,82.06386207,-37.2309313,11.9,67.75,11.1,5.593,5.565
25859,3.86,82.8030645,-35.47043592,28.36,-34.11,11.77,5.34,3.996
26019,5.75,83.280485,-35.13930773,100.02,-28.13,11.74,7.156,5.88
24909,6.34,80.08627558,-34.69885053,4.39,-2.29,4.67,6.727,6.382
25007,6.05,80.32025164,-34.34506641,0.57,6.2,1.72,5.832,6.046
23596,6.32,76.10890221,-35.70520775,28.46,40.58,9.77,6.681,6.364
23595,4.55,76.10129897,-35.48287057,126.17,-44.36,17.63,6.143,4.706
24659,4.81,79.37093064,-34.89438961,93.71,-336.53,29.63,6.088,4.933
18275,6.46,58.64139696,-52.69033035,26.97,-39.2,9.33,6.656,6.487
17493,6.49,56.2102753,-48.06111837,20.0,-74.2,6.42,7.776,6.605
17534,5.72,56.31616344,-47.35945424,-3.07,-9.03,8.93,6.937,5.824
16339,5.98,52.65374344,-47.3751741,64.6,20.03,8.81,6.125,5.992
18199,5.93,58.38876601,-46.8935886,17.65,-35.18,9.06,7.527,6.059
17298,6.5,55.54131805,-45.95792132,-72.55,13.51,25.39,7.117,6.566
20161,5.33,64.8193549,-44.26783026,63.14,-36.63,14.1,6.71,5.449
20630,6.38,66.32957233,-44.16105659,27.33,65.64,27.0,6.901,6.429
20856,6.41,67.03948044,-41.95983905,-14.68,2.56,3.04,8.499,6.596
19747,3.85,63.5003388,-42.29387294,41.89,-203.65,27.85,5.268,3.981
19515,4.93,62.71013758,-41.99374121,199.09,69.1,18.61,5.329,4.97
19721,6.36,63.39880393,-40.35783872,10.69,30.91,3.26,8.286,6.53
18262,5.7,58.59657689,-40.357029,-22.06,8.3,6.32,6.432,5.775
15510,4.26,49.97177014,-43.07154929,3038.08,726.34,165.02,,
16870,4.57,54.2736588,-40.27451075,2.77,-14.23,14.88,5.892,4.701
16285,5.76,52.47997851,-42.63425261,-59.48,-1.45,16.04,6.008,5.788
16310,6.12,52.55661496,-41.36951768,-10.4,-172.75,29.33,6.7,6.172
16015,6.33,51.54903801,-41.63700538,19.61,27.01,7.39,6.397,6.336
14913,5.92,48.10699596,-44.41965395,82.73,-2.61,22.83,6.467,5.986
17436,6.45,56.02650052,-40.66008603,25.07,-83.56,10.77,7.751,6.532
17797,4.3,57.14926223,-37.62012878,75.83,-10.69,20.23,4.238,4.243
17351,4.59,55.70884185,-37.31334485,-90.81,-71.42,18.34,6.131,4.722
17874,4.17,57.36367035,-36.2001125,-49.42,-56.63,15.54,5.358,4.27
17734,6.21,56.95668288,-36.10582931,12.52,18.34,6.16,6.077,6.186
18213,5.11,58.41218403,-34.73229529,31.99,-0.81,9.19,4.93,5.076
16156,6.49,52.04791177,-35.85341812,35.67,-3.29,9.01,6.638,6.496
15987,6.39,51.4825644,-35.92087386,36.34,-4.74,10.01,6.499,6.401
16112,5.71,51.88902397,-35.68133899,76.73,6.38,7.02,7.369,5.846
17304,4.99,55.56207975,-31.93839587,5.16,14.23,4.45,4.784,4.955
21861,5.04,70.51435953,-37.14476616,46.9,193.14,36.16,5.497,5.083
21042,5.95,67.66803902,-35.65358006,1.51,31.23,8.92,7.25,6.065
20535,3.97,66.00902233,-34.01698632,73.77,57.57,11.95,5.907,4.132
20467,6.38,65.78232507,-35.54484031,-1.62,10.27,3.88,7.996,6.511
19509,6.43,62.69118936,-35.27372401,-20.06,-26.02,2.75,7.816,6.57
20138,6.36,64.76204095,-33.90462785,-2.11,4.53,8.61,6.525,6.375
20042,3.55,64.47341068,-33.79833145,62.31,-6.75,18.27,3.426,3.536
22573,5.82,72.86749463,-34.906232,24.68,-22.43,11.39,5.957,5.841
23446,5.92,75.59503803,-31.77154017,-6.44,85.28,9.9,7.446,6.047
21958,5.66,70.7888076,-30.76539538,-30.32,-66.45,4.36,7.495,5.823
22280,6.35,71.95649059,-30.02059732,28.97,92.79,6.35,7.733,6.473
21486,6.28,69.21225109,-30.71679507,-13.58,6.65,8.28,6.176,6.261
21393,3.81,68.88779874,-30.56231049,-48.92,-12.75,15.62,5.037,3.918
21248,4.49,68.3776229,-29.76583186,-114.35,-271.56,26.22,5.748,4.613
22192,6.18,71.60730189,-28.0874882,-4.04,18.19,17.4,6.399,6.201
18723,5.93,60.1692644,-30.49070974,47.49,5.15,9.09,5.966,5.926
17738,5.52,56.98342907,-30.16732063,26.2,-231.06,11.55,6.745,5.632
19095,5.59,61.40543294,-27.65203636,200.52,94.21,23.16,5.966,5.624
21743,5.56,70.02852595,-24.48241131,-69.92,17.7,10.34,6.744,5.669
21324,6.37,68.65888456,-24.04054358,14.91,18.05,7.54,7.853,6.512
20347,6.08,65.38038046,-25.72845717,37.06,-50.38,18.4,6.507,6.127
20765,6.11,66.73722642,-24.0812884,-6.88,-14.09,9.0,6.285,6.131
20465,5.81,65.77358735,-24.89211883,19.59,-15.64,7.18,7.796,5.985
20106,6.09,64.65608026,-22.9698285,51.96,43.85,10.86,6.441,6.108
1599,4.23,5.00797581,-64.8776232,1707.56,1165.36,116.38,,
2578,5.07,8.18247614,-63.03137868,86.15,-49.85,21.52,5.126,5.075
2487,4.53,7.88898014,-62.96544985,87.95,-45.79,18.95,4.687,4.528
2484,4.36,7.88566992,-62.95808549,82.48,-54.37,23.35,4.278,4.33
3489,6.06,11.13134786,-62.49760602,103.16,6.29,11.89,6.756,6.257
4563,6.23,14.59240996,-60.69629569,42.11,23.33,5.85,6.355,6.253
3352,5.99,10.67349903,-60.26268184,263.68,-51.74,13.73,7.705,6.138
798,6.34,2.46706528,-62.29683686,17.32,17.5,7.37,6.527,6.356
3170,5.89,10.10273354,-59.45568115,883.26,443.01,39.26,6.571,5.96
4829,6.12,15.50755785,-57.00242929,6.46,16.53,8.86,7.274,6.205
3405,4.36,10.83851683,-57.46309763,-5.16,15.5,13.57,4.361,4.365
3277,5.72,10.44292464,-56.50145475,90.15,57.28,15.29,5.965,5.73
5477,6.41,17.53073683,-57.69413983,-2.86,-114.73,7.9,7.531,6.513
7588,0.45,24.42813204,-57.23666007,88.02,-40.08,22.68,0.458,0.522
7751,5.76,24.94684603,-56.19644067,286.1,16.66,122.75,6.994,5.951
7978,5.52,25.62146258,-53.7405747,166.97,-106.71,57.63,6.17,5.581
8241,5.04,26.52557865,-53.52218065,126.45,59.04,17.54,5.076,5.042
5348,3.94,17.0960837,-55.24583235,21.17,29.7,11.66,3.854,3.958
8240,5.49,26.52469172,-50.81621317,43.66,-17.45,4.8,7.564,5.675
2789,6.04,8.88881583,-54.82174811,22.48,-51.27,12.88,7.329,6.166
2937,6.4,9.32573293,-54.3938098,70.07,-3.79,6.85,7.66,6.513
3527,6.15,11.24883557,-53.71490037,223.4,2.2,22.09,6.791,6.209
730,6.32,2.25978189,-54.00196301,46.45,13.08,7.0,7.236,6.41
2711,5.57,8.61506261,-52.37318294,227.8,38.21,39.03,6.128,5.625
3949,5.24,12.67136689,-50.98692422,62.99,44.67,13.06,5.67,5.273
7189,6.27,23.15163543,-49.72753415,-28.24,-73.47,12.41,6.797,6.32
7083,3.93,22.81242306,-49.07307701,138.22,154.2,22.15,5.191,4.051
2472,4.76,7.85356695,-48.80356171,140.74,19.47,18.97,,
6952,6.25,22.37723818,-46.75646248,2.37,16.72,3.32,8.35,6.447
5165,3.32,16.52127713,-46.71849042,-70.16,31.6,16.46,4.446,3.416
7115,6.17,22.91256447,-45.57572379,-11.58,4.82,10.21,6.243,6.161
5862,4.97,18.79403213,-45.53209717,664.47,178.12,66.43,5.656,5.03
6595,6.26,21.17467728,-44.52852794,-10.09,-19.4,5.32,7.731,6.377
6867,3.41,22.0914236,-43.31772906,-18.21,-207.71,13.94,5.491,3.624
9007,3.69,28.98680207,-51.60958673,681.24,284.23,57.19,4.784,3.808
10602,3.56,34.12708452,-51.51211145,90.75,-21.9,21.06,3.424,3.535
10138,6.12,32.60000721,-50.82531507,2092.84,654.32,91.63,,
9085,6.1,29.24856719,-51.76685008,348.83,249.36,37.97,6.674,6.156
11407,4.24,36.74627081,-47.70382692,19.97,-5.44,6.17,4.073,4.221
8593,5.94,27.72699465,-50.20612713,-47.97,-4.3,13.37,6.126,5.958
9022,6.37,29.03914737,-49.8364799,14.36,14.0,5.13,6.267,6.358
9095,4.82,29.29163705,-47.38529869,101.65,8.79,12.22,5.92,4.93
8552,6.14,27.58367053,-47.81650912,115.7,48.33,6.65,7.418,6.253
8837,4.39,28.41174872,-46.30244631,-92.38,-91.46,10.15,6.428,4.607
9459,5.15,30.42667654,-44.71339037,-31.8,-48.79,8.76,7.094,5.319
10111,6.32,32.51987613,-43.81555677,50.21,-7.27,8.32,7.445,6.417
10035,5.84,32.28888091,-43.51647088,-48.33,-51.42,5.68,7.398,5.971
12413,4.74,39.94966387,-42.89163328,92.11,-15.07,25.15,,
12708,6.35,40.83426702,-40.52793963,14.73,14.11,5.95,6.281,6.294
13271,6.36,42.69906166,-39.93219929,42.3,-10.16,10.02,6.415,6.368
11043,6.3,35.54875946,-43.19991721,60.73,43.52,7.39,7.555,6.404
10832,6.36,34.85317746,-41.84843472,4.86,27.62,6.1,7.851,6.482
11231,6.17,36.14044388,-40.84072432,228.91,109.39,32.05,6.974,6.251
12486,4.11,40.16638213,-39.85530905,135.17,-27.34,22.42,5.4,4.229
12608,5.99,40.52746495,-38.3837178,20.46,12.95,8.59,7.157,6.095
12300,6.48,39.60312581,-37.99039371,114.2,-62.3,18.71,7.103,6.54
9951,6.5,32.02373939,-41.88039268,-16.15,-11.27,11.47,6.747,6.526
10096,6.49,32.45179984,-40.86644598,48.51,-22.51,14.68,6.982,6.541
9313,5.57,29.91189289,-42.03028941,-50.58,-99.76,12.55,6.918,5.685
8882,5.12,28.59191795,-42.49688104,-34.32,-28.34,10.55,5.051,5.107
8320,6.18,26.81955818,-41.76004487,12.1,48.81,5.79,8.19,6.355
8641,6.44,27.85977105,-39.83587507,15.74,-24.7,7.25,7.848,6.556
8820,6.09,28.34615301,-38.59470335,128.67,29.48,8.62,7.551,6.215
8514,6.37,27.45359409,-38.40348295,2.1,282.37,36.89,6.986,6.434
8369,6.33,26.94903392,-37.15953257,0.81,20.4,5.85,7.597,6.433
10440,5.91,33.63317374,-41.16670109,-20.87,-26.12,9.77,7.13,6.016
11121,6.47,35.77750969,-37.57606333,-6.49,-33.36,2.78,8.614,6.696
11802,6.28,38.06133465,-36.42733787,57.14,12.5,7.75,7.598,6.398
11867,5.91,38.2793288,-34.64992327,-17.41,-17.94,8.58,7.27,6.015
11477,5.13,37.00704179,-33.81105246,18.56,5.52,21.35,5.24,5.141
10320,5.27,33.22691696,-30.72384252,15.32,7.15,9.82,5.247,5.26
50,6.49,0.14287059,-53.09766277,52.98,-20.52,16.89,7.256,6.579
2256,6.26,7.1790872,-50.53284634,159.44,-5.33,8.58,7.67,6.386
3583,5.8,11.43930832,-47.55217573,183.96,78.36,66.92,6.572,5.867
3807,6.28,12.23640318,-46.69769826,-10.56,20.81,8.4,7.412,6.378
2802,5.51,8.92139531,-48.00066027,47.14,-101.4,27.61,6.04,5.564
2383,5.67,7.60822774,-48.21469821,163.44,-87.3,22.19,6.087,5.711
3245,4.59,10.33156671,-46.08500934,-28.92,1.04,13.19,5.825,4.707
107,5.53,0.33380226,-50.33739907,7.34,10.59,5.84,7.626,5.722
522,5.7,1.5777634,-49.07509405,575.21,-39.94,39.0,6.319,5.763
88,5.71,0.26915958,-48.80985919,-17.92,-6.75,5.97,6.863,5.807
3137,6.0,9.96631161,-44.79633326,42.69,16.74,10.75,7.465,6.126
3521,5.94,11.23801546,-42.67632489,-89.06,-96.11,15.01,6.279,5.968
4890,5.39,15.7049656,-46.39733801,-2.21,10.96,13.86,6.524,5.49
6592,5.42,21.16988858,-41.49245885,16.95,-36.94,13.22,6.746,5.536
3903,6.49,12.51565121,-43.39494468,13.43,9.7,10.31,6.831,6.511
5300,5.21,16.94927201,-41.48693516,36.0,7.85,16.48,5.406,5.23
5661,5.95,18.1890296,-37.85640391,88.99,-30.76,13.62,6.287,5.974
4770,5.59,15.32593934,-38.91664868,66.98,49.92,5.19,7.124,5.72
765,3.88,2.35224949,-45.74698836,122.15,-180.13,23.28,5.187,3.993
1502,6.33,4.67717473,-43.2355705,50.23,-0.06,8.56,7.893,6.464
2072,3.93,6.55048418,-43.67990933,106.14,32.83,42.51,4.164,3.965
2081,2.4,6.57028075,-42.30512197,232.76,-353.64,42.14,3.802,2.519
2388,6.18,7.61594916,-40.93962515,-3.25,16.16,7.77,6.563,6.21
25,6.28,0.07936537,-44.29029741,58.36,-108.64,13.74,7.238,6.375
2240,5.42,7.11007309,-39.91490183,135.95,-41.36,7.86,7.451,5.604
3356,6.05,10.67870812,-38.46346745,2.49,-6.25,7.55,6.042,6.073
3456,5.9,11.04964742,-38.42197898,247.02,120.68,8.76,7.401,6.032
2663,6.41,8.43270424,-35.00082229,-60.33,-516.78,27.63,9.387,8.457
7443,6.43,23.96083226,-39.94700724,-43.99,-48.95,26.54,6.927,6.475
7213,5.49,23.23355059,-36.86518161,0.09,-20.33,12.29,6.796,5.61
7886,6.2,25.36368452,-38.1329641,50.23,56.51,23.87,6.667,6.233
7643,5.94,24.61455891,-36.5279533,-13.27,-122.36,10.1,7.289,6.054
7941,5.7,25.51256331,-36.83226421,-29.32,-16.7,10.71,5.702,5.706
7361,6.11,23.71180174,-31.89221429,-69.78,-42.29,8.87,7.53,6.236
9207,6.37,29.61116045,-33.06673777,4.19,-20.26,9.42,7.652,6.483
8480,6.35,27.33067634,-31.07242337,85.62,-16.48,7.35,7.944,6.485
9440,5.34,30.3116514,-30.00156583,-108.68,-108.79,11.71,6.442,5.45
9521,6.4,30.61781113,-29.66566527,-15.71,9.52,7.22,6.586,6.429
9677,4.68,31.12262534,-29.29683966,12.56,8.54,9.03,4.5,4.668
7955,5.25,25.53602338,-32.32685759,-74.79,-46.35,15.02,6.576,5.371
7463,5.69,24.03512124,-29.9074336,119.68,47.98,16.13,6.107,5.739
7118,5.79,22.93021487,-30.28292502,-4.43,-64.34,10.74,7.159,5.908
8233,6.38,26.50414338,-27.34872151,97.86,-45.12,23.16,6.807,6.43
5042,6.44,16.13586737,-33.53278805,-44.23,-23.51,6.3,7.794,6.538
4852,5.5,15.60990729,-31.55204219,81.0,15.25,14.39,5.619,5.518
6502,5.84,20.87903356,-30.94550599,-15.51,-45.83,3.67,7.923,6.016
4932,6.28,15.82401808,-29.52577074,-102.77,-31.82,8.93,7.457,6.39
4577,4.3,14.65144118,-29.35746436,22.44,6.3,4.85,4.123,4.283
4363,6.11,13.98137347,-27.77582706,10.75,-5.1,1.75,8.303,6.311
7016,5.92,22.5953198,-26.20785462,43.67,1.4,7.35,7.683,6.087
6971,6.37,22.42829333,-25.61778011,37.75,12.76,5.54,7.841,6.494
8209,5.29,26.41106016,-25.05243403,159.48,-72.38,36.46,5.741,5.314
7363,6.41,23.71481184,-23.69971287,25.08,12.91,3.29,8.101,6.548
6789,6.43,21.84712814,-22.33802701,-1.66,-84.29,8.43,7.859,6.543
6960,5.11,22.40041765,-21.62934677,55.64,3.22,14.72,5.145,5.114
13847,2.88,44.5654818,-40.30473491,-53.53,25.71,20.22,3.052,2.898
13789,6.41,44.38593897,-38.1909517,2.61,11.1,9.01,6.386,6.408
13473,5.93,43.39313847,-38.43708698,58.88,34.27,16.83,6.453,5.98
14972,6.29,48.25620858,-35.94370659,-0.84,7.74,6.8,6.198,6.276
13225,5.92,42.56144528,-35.84368582,51.52,20.27,6.52,7.067,6.027
13265,5.48,42.66834974,-35.67571664,3.86,-54.37,6.14,7.12,5.618
13947,6.32,44.90958178,-32.50722144,7.3,9.67,7.9,6.321,6.311
16672,6.39,53.63990978,-31.87479845,15.36,-1.1,2.36,8.312,6.576
16628,6.2,53.48672231,-31.08030021,-35.15,76.4,23.54,6.762,6.261
15024,6.17,48.40806266,-29.80412191,15.47,-3.14,7.21,7.498,6.284
14879,3.8,48.01783332,-28.98910623,371.49,612.26,70.86,4.522,3.975
15357,5.93,49.51038343,-28.797036,155.37,-16.12,16.14,6.303,5.955
16029,5.93,51.59383221,-27.3176091,7.67,53.45,7.52,7.11,6.036
15585,6.4,50.18823634,-26.60656152,41.6,22.84,20.59,7.053,6.469
15700,6.36,50.5678437,-25.58780402,5.11,0.66,7.25,6.378,6.351
12186,5.78,39.24425358,-34.57734519,-18.27,-259.92,39.16,6.585,5.855
12786,6.21,41.08550087,-32.524662,25.29,-21.95,9.34,6.262,6.218
13147,4.45,42.27233113,-32.40628403,86.96,158.96,19.31,5.703,4.567
13363,6.38,42.9840101,-30.81477504,122.99,104.95,31.18,6.969,6.442
13768,6.29,44.30380182,-29.85527529,-16.38,-5.53,6.92,6.859,6.34
12288,5.84,39.57748196,-30.19388274,98.67,-73.97,27.99,6.386,5.89
13202,5.39,42.47562958,-27.94203549,46.55,22.19,5.88,5.403,5.39
11524,6.11,37.14773173,-31.10240175,-36.49,-17.72,8.8,7.533,6.23
12122,5.74,39.03865189,-30.04496366,-15.95,-5.75,5.02,7.038,5.845
11918,4.96,38.4613017,-28.2323401,-12.69,-1.4,7.19,4.891,4.952
13907,6.14,44.77705541,-28.90707982,1.64,-54.67,9.61,7.463,6.253
14086,5.88,45.40604298,-28.09048221,282.98,-440.9,32.94,6.882,5.964
14551,6.18,46.96168705,-27.8311011,65.72,-20.57,17.35,6.387,6.194
13942,5.69,44.90027293,-25.27433851,181.75,84.67,30.92,6.18,5.742
15125,6.25,48.75115546,-26.10040647,-10.7,-21.75,5.95,6.297,6.255
15479,5.63,49.89542972,-24.1228468,5.94,-22.68,2.78,7.77,5.835
14757,6.37,47.64729714,-23.73862338,60.38,31.18,11.88,7.555,6.483
13197,6.14,42.46247539,-24.55999911,-49.96,-128.23,8.98,7.54,6.268
13008,6.47,41.79641948,-22.48565414,-18.93,-39.47,26.18,6.918,6.505
14146,4.08,45.59830468,-23.62433613,-145.96,-55.76,37.85,4.301,4.113
13782,5.44,44.34875521,-23.8620767,101.47,-35.81,20.54,5.734,5.466
13835,5.82,44.52369967,-23.60613828,71.99,51.95,4.99,7.549,5.962
13479,5.93,43.39695392,-22.37612257,85.6,-76.11,10.73,7.267,6.046
17618,5.91,56.61426555,-29.33816606,7.18,3.8,9.9,6.059,5.929
17007,6.01,54.69857269,-27.94311708,21.55,25.85,7.81,5.966,5.998
18673,4.62,59.98115045,-24.01625677,11.41,17.08,9.85,4.483,4.609
18216,4.64,58.42784574,-24.61221253,30.93,-7.18,8.46,4.472,4.612
16449,6.38,52.9733836,-25.61411273,53.46,-14.98,13.55,6.539,6.386
16697,6.48,53.71821945,-25.58290648,51.5,33.44,5.44,7.728,6.589
17717,5.24,56.91508473,-23.87479582,48.02,49.01,11.98,5.333,5.25
17651,4.22,56.71245432,-23.248438,-159.86,-528.54,55.79,4.726,4.27
17798,5.81,57.14884582,-20.90293608,-29.81,-16.7,3.93,7.934,6.004
19111,6.34,61.44469987,-20.51253638,-27.24,-10.81,10.47,7.495,6.437
19037,6.12,61.17038255,-20.38183041,17.14,-13.78,7.28,7.616,6.243
20264,5.38,65.16248826,-20.63959902,26.13,-9.4,7.05,5.355,5.377
20075,6.0,64.56697503,-20.71530624,4.85,19.17,3.12,8.117,6.235
20892,5.95,67.16256011,-19.45859808,37.76,-113.46,10.09,7.526,6.081
19571,5.8,62.90073099,-20.35627812,45.73,49.83,13.06,6.004,5.811
18926,6.47,60.85311396,-20.14379271,-0.2,-1.4,3.41,6.228,6.431
18173,6.21,58.30386773,-18.43444969,2.8,1.17,4.67,7.312,6.323
19601,6.41,63.00108195,-17.27460047,21.02,-54.17,9.5,7.635,6.511
18990,6.36,61.0360431,-16.58857827,93.93,-61.63,7.2,8.023,6.512
19398,5.45,62.32431793,-16.38587725,-1.08,0.99,4.49,5.243,5.412
15643,5.5,50.35010618,-23.63508924,-24.17,-18.93,7.75,6.609,5.595
15382,4.86,49.59206509,-22.51114978,12.55,13.07,12.79,6.013,4.969
15474,3.7,49.87904033,-21.7579421,51.35,32.2,12.63,5.783,3.92
16611,4.26,53.44686638,-21.63281597,44.91,-27.47,11.02,4.142,4.25
15411,5.72,49.67113524,-18.55964006,124.9,-63.27,27.33,6.151,5.748
16803,5.24,54.07246744,-17.46704107,33.35,-9.65,6.89,5.087,5.222
18428,6.37,59.11523947,-13.59754104,9.3,4.19,0.81,8.563,6.564
18543,2.97,59.50720862,-13.50824471,60.51,-111.34,14.75,5.052,3.149
17136,6.35,55.04766529,-15.22649985,-3.76,-14.11,5.06,7.452,6.437
18339,5.99,58.81739077,-12.09905104,-76.94,-22.14,20.41,6.379,6.024
17593,4.43,56.53542672,-12.1017353,55.59,60.03,6.56,6.543,4.616
17214,6.49,55.30729338,-11.80249015,81.07,29.82,10.88,6.922,6.527
17395,5.59,55.89099355,-10.48561144,-7.97,-20.23,23.3,5.86,5.62
10798,6.33,34.74435827,-25.94676773,-218.07,444.51,78.88,7.244,6.421
11212,6.45,36.08373505,-25.84749833,32.59,16.08,6.08,8.178,6.598
11644,6.5,37.55697441,-25.18651726,80.35,30.95,9.39,6.859,6.538
11072,5.19,35.6350873,-23.81631542,197.34,-4.39,45.6,5.943,5.265
10069,6.48,32.39508853,-24.34568294,-31.06,-42.03,16.07,6.828,6.507
9562,6.3,30.71567005,-23.88655058,-39.5,-32.04,3.4,8.017,6.443
10326,5.86,33.25396814,-21.0002366,55.83,40.75,8.17,7.156,5.979
12964,6.48,41.68773623,-21.63956244,76.06,16.84,22.18,6.924,6.512
11671,6.17,37.63662647,-22.54524212,6.58,-31.4,7.28,8.216,6.345
13288,4.76,42.75977464,-21.0039789,-39.0,-16.63,17.85,5.927,4.873
12843,4.47,41.27492276,-18.57265077,330.93,36.28,71.56,5.037,4.522
11381,5.89,36.64651715,-20.04286354,86.18,101.46,11.47,7.499,6.025
11907,6.19,38.41768954,-20.00172697,-36.61,-79.86,8.93,7.605,6.316
11108,6.22,35.7397799,-18.35465998,131.68,-132.68,8.41,7.44,6.335
9061,4.92,29.16732782,-22.52671153,62.22,-30.19,8.18,6.789,5.069
9347,3.99,30.0009367,-21.07777193,133.01,-24.53,10.84,6.069,4.185
9326,5.43,29.94245126,-20.82457549,17.93,15.2,4.88,7.562,5.633
9862,6.39,31.71650468,-19.13878097,148.4,-36.22,12.01,7.868,6.52
7679,5.58,24.71544923,-21.27547447,129.52,37.13,14.21,5.972,5.616
8778,5.78,28.21703176,-16.92912351,41.36,-51.94,9.87,6.094,5.818
8688,6.44,27.94204315,-15.64748397,13.42,1.47,4.05,8.524,6.628
11033,5.89,35.52073828,-17.66202807,9.02,-58.12,6.47,7.5,6.021
9999,6.07,32.19028203,-17.77910445,-10.9,-21.0,2.51,8.223,6.267
11348,5.88,36.50156687,-15.34111517,-44.31,-54.13,15.24,6.037,5.875
11783,4.74,38.02198846,-15.2443199,-80.92,-146.84,38.73,5.266,4.788
11345,4.88,36.48755111,-12.290452,-11.71,-11.37,6.17,4.841,4.867
9572,5.87,30.74397324,-15.30594985,25.62,7.32,9.91,7.094,5.969
14814,6.25,47.81976899,-16.02493952,-25.66,-11.14,6.05,7.794,6.381
14797,6.36,47.77194948,-13.26430421,26.92,8.14,3.16,7.108,6.433
12562,5.98,40.39221887,-14.54941172,-5.85,55.86,20.29,6.48,6.026
12770,4.24,41.03064356,-13.85867594,-7.58,-8.4,7.4,4.092,4.223
13402,6.05,43.13287752,-12.76925369,398.11,-189.55,96.33,7.164,6.146
16263,5.57,52.40009401,-12.67474889,7.74,4.95,7.76,5.777,5.598
16142,5.74,52.00395041,-11.28648689,-1.48,-46.39,9.58,7.156,5.86
17378,3.52,55.81231706,-9.76519868,-91.71,742.23,110.58,4.708,3.631
16780,5.56,53.9902171,-11.19397792,23.65,80.6,8.6,6.733,5.683
16677,6.25,53.65607976,-9.86827337,20.11,4.99,6.29,6.272,6.247
17057,6.19,54.85592628,-10.43702564,-26.5,-103.7,8.68,7.504,6.297
16537,3.72,53.23509009,-9.45830584,-976.44,17.97,310.75,4.859,3.827
15244,6.14,49.14902114,-9.15474637,1.48,28.93,28.83,6.628,6.2
15197,4.8,48.95844499,-8.8198405,-3.82,45.52,27.18,5.086,4.834
14110,5.84,45.48372163,-9.96139327,43.54,-5.52,11.55,7.251,5.951
15776,6.2,50.8237481,-7.79356443,2.11,-219.54,27.09,7.081,6.298
16266,6.01,52.41328224,-6.80423924,-84.93,-89.94,8.72,7.29,6.103
12390,4.83,39.89054885,-11.87158159,172.01,-236.31,36.99,5.346,4.874
13883,6.14,44.69711267,-9.77646597,-8.26,-16.38,11.11,6.42,6.174
13421,6.31,43.2111419,-9.44133236,110.03,39.62,9.94,6.559,6.358
13701,3.89,44.10668245,-8.89760976,77.73,-219.99,24.49,5.299,4.021
12444,5.79,40.05209879,-9.45268375,-138.45,-78.69,46.42,6.404,5.85
11029,5.43,35.50600237,-10.77733458,153.43,-81.89,33.48,5.863,5.472
12002,5.74,38.67745683,-7.8592885,60.32,-64.45,5.94,7.566,5.895
12107,5.53,39.00028366,-7.83145306,-33.57,-59.29,6.31,7.603,5.716
14060,5.75,45.29152748,-7.66283629,97.77,-72.1,10.71,7.086,5.864
14355,6.3,46.29691909,-8.27430166,61.13,22.33,7.67,7.598,6.413
14293,5.26,46.06865515,-7.60089934,65.43,17.41,23.22,5.495,5.279
14168,5.32,45.6760804,-7.68546315,26.33,-3.55,12.65,6.559,5.434
14124,6.2,45.53845132,-6.49419402,80.54,-143.75,30.81,6.916,6.26
15203,6.17,49.00353799,-5.91869682,9.79,-3.59,5.29,6.158,6.194
14456,5.23,46.63953388,-6.08854227,7.12,-5.11,6.1,7.296,5.441
15230,6.3,49.09046225,-5.73041469,22.06,-20.18,3.09,8.406,6.508
14819,6.08,47.82824506,-3.81155504,-4.25,-16.65,4.16,8.25,6.279
13717,5.16,44.15602146,-3.71221461,-35.75,-43.31,17.28,5.27,5.179
14040,6.11,45.2119809,-2.87864142,7.41,9.65,4.17,8.378,6.316
13874,5.22,44.67538999,-2.78272383,-28.7,-62.96,10.2,5.247,5.234
13951,5.56,44.92151015,-2.46490094,-4.56,-20.82,9.76,5.467,5.536
32500,6.46,101.74383218,-87.02497454,4.64,4.2,25.55,6.954,6.514
43908,5.43,134.1745136,-85.66323432,-116.27,33.74,20.73,5.781,5.459
53702,6.19,164.80901947,-84.59387348,-64.13,-8.02,9.17,6.316,6.205
49065,5.53,150.18293561,-82.21474569,-26.99,31.11,8.17,5.583,5.527
46928,5.07,143.47293825,-80.94129374,-34.61,14.67,6.05,4.89,5.046
46107,5.34,141.04053926,-80.78720514,-138.55,135.39,17.69,5.872,5.39
41191,5.67,126.08492509,-80.91471955,-151.92,213.07,12.93,6.982,5.798
43012,5.79,131.48014451,-79.50457035,-26.11,81.26,5.83,7.874,5.968
56996,6.32,175.2566544,-83.09996178,-59.61,10.24,9.47,7.698,6.444
52633,4.45,161.44639899,-80.54020283,-37.33,6.19,8.97,4.212,4.414
52595,5.46,161.3182296,-80.4695233,-17.4,-30.3,9.21,6.735,5.603
53151,6.36,163.1194501,-79.55944198,-11.29,2.09,1.94,8.242,6.501
52340,5.97,160.46490038,-79.78330226,-17.5,5.82,3.26,5.877,5.96
51839,4.11,158.86757668,-78.60781379,-38.0,11.53,7.89,6.183,4.283
57137,6.38,175.72721843,-79.30636263,127.49,-10.97,17.95,7.502,6.481
55225,6.35,169.64252563,-79.66860236,57.7,-20.06,15.5,6.662,6.382
55497,6.43,170.48794976,-77.60834843,-77.89,-8.36,13.4,6.674,6.452
48320,6.47,147.75333462,-80.06109591,-3.19,15.33,4.64,6.534,6.498
47956,5.43,146.58507788,-76.77598144,83.51,-56.95,17.05,6.571,5.537
51835,6.29,158.85334697,-76.30900474,-17.82,7.86,6.31,7.861,6.431
50954,3.99,156.09891874,-74.03154474,-16.12,-27.63,61.67,4.417,4.03
31897,5.61,100.01211946,-80.81372235,-5.08,53.37,8.07,5.856,5.632
36039,5.54,111.40911866,-79.09420265,-29.88,5.95,6.99,7.189,5.672
42794,6.05,130.80128686,-79.0701501,-30.83,28.12,10.23,6.338,6.093
42637,5.46,130.33167303,-78.96342637,-29.31,27.58,10.32,5.335,5.445
40888,4.34,125.16203304,-77.4845764,-129.09,40.78,21.22,5.848,4.47
40702,4.05,124.6302785,-76.91998251,109.84,106.92,51.4,4.54,4.105
33384,5.45,104.14366809,-79.42018913,-1.54,-1.61,9.17,5.508,5.463
36914,6.33,113.84025431,-74.27500789,-3.63,20.78,3.4,6.19,6.241
39041,6.33,119.81573907,-73.24412159,-6.77,-20.33,7.97,6.51,6.342
45166,6.13,138.05110817,-76.66292167,39.27,-43.98,8.95,7.536,6.251
45581,5.28,139.35504716,-74.89439024,-16.33,31.85,4.52,5.318,5.286
45585,5.86,139.36514198,-74.73467629,-29.08,35.19,12.37,5.846,5.865
46741,5.46,142.90134667,-73.08091865,-25.16,2.44,4.12,7.522,5.65
44599,4.47,136.28679299,-72.60269387,-8.44,-4.72,7.18,5.217,4.54
46407,6.33,141.95494967,-71.7812037,-76.94,42.03,17.67,6.802,6.365
46358,5.46,141.77707532,-71.60209195,-102.43,80.99,16.23,6.842,5.58
46143,6.45,141.15482482,-70.07577997,-43.0,0.29,5.28,8.117,6.6
41003,5.28,125.51884143,-73.40005893,-31.12,30.19,9.16,5.297,5.287
41907,6.11,128.17448213,-73.35696538,-54.26,72.09,8.55,7.307,6.211
43351,6.1,132.45890766,-72.5512595,-6.36,8.07,1.03,6.332,6.131
40817,5.33,124.95414818,-71.51499632,-17.29,37.04,8.35,5.248,5.322
40834,5.63,125.0023296,-71.50546247,-17.73,35.09,8.25,5.491,5.607
42425,5.19,129.77136771,-70.38665235,19.21,-38.05,13.64,5.204,5.19
44626,4.66,136.40992522,-70.53852074,-4.36,9.89,3.02,4.472,4.639
45238,1.67,138.30100329,-69.71747245,-157.66,108.91,29.34,1.746,1.675
45571,5.38,139.32250201,-68.68957252,-109.18,-28.45,29.83,5.871,5.438
44283,5.89,135.28536477,-68.68391841,16.2,1.01,4.28,8.006,6.079
58484,4.88,179.90704708,-78.22181833,-41.24,-8.48,8.95,4.837,4.893
57092,6.48,175.5617502,-75.22730303,43.19,-5.79,29.08,7.109,6.531
56675,5.64,174.31642653,-75.89654092,-128.21,-1.21,23.75,6.052,5.687
55308,6.26,169.90242028,-75.14244982,-23.94,-0.91,6.13,6.237,6.257
53546,6.16,164.31585745,-75.09977108,-11.14,3.94,1.39,8.117,6.302
55332,6.46,169.96181267,-72.95827692,-41.91,-5.79,6.71,6.462,6.459
55979,6.09,172.07692869,-72.47396862,-25.85,-3.45,4.3,6.23,6.118
55657,5.55,171.04657107,-72.25660192,-26.02,-2.45,3.69,5.596,5.583
55350,6.41,170.01734764,-71.99433341,-24.93,-1.62,4.3,6.428,6.408
54673,6.34,167.87321458,-71.43619887,-16.77,4.07,5.59,8.135,6.496
54327,5.58,166.70803819,-70.87793836,-22.57,3.3,2.89,5.487,5.569
52150,6.08,159.81640749,-74.49338395,-18.48,0.08,2.95,8.315,6.283
50976,6.18,156.18568628,-73.97175863,-24.84,10.9,7.4,6.281,6.187
51495,4.94,157.75864399,-73.2215089,-7.45,7.64,3.38,7.146,5.131
52535,6.26,161.11356183,-72.44362716,-151.58,53.25,31.29,6.855,6.319
51438,4.72,157.58364619,-71.99271995,27.94,-30.04,12.6,4.778,4.723
53272,5.99,163.42553924,-70.72033781,-29.45,0.48,4.2,5.953,6.014
52537,6.43,161.13508599,-70.85525541,-47.91,0.18,9.2,6.747,6.479
52520,6.25,161.08376292,-70.85972326,-46.04,0.85,9.43,6.505,6.268
53556,6.48,164.33424913,-69.03806214,-24.98,2.86,3.92,6.439,6.44
52785,6.35,161.87756549,-69.43773364,-8.29,0.3,2.61,6.23,6.34
52730,6.34,161.70037254,-69.20979312,-7.87,2.83,2.11,6.552,6.377
51425,6.19,157.53671877,-66.98466678,-17.36,5.24,2.64,6.177,6.187
57696,4.98,177.48594609,-70.2257858,-7.61,-1.96,2.24,6.753,5.131
55140,6.06,169.32925694,-67.82349927,14.18,-6.64,1.92,8.35,6.279
56727,5.94,174.45211345,-67.62035361,-84.13,-10.46,9.38,7.236,6.05
58085,6.38,178.68590817,-66.37603942,14.51,-65.43,23.09,6.811,6.412
57581,4.75,177.06037263,-66.81487085,30.77,-16.25,7.55,6.779,4.918
57363,3.63,176.40236386,-66.72884344,-100.42,33.21,25.42,3.842,3.651
56862,5.01,174.87347083,-65.3977489,-28.52,-7.01,5.81,6.043,5.174
56287,5.89,173.08331854,-66.9618349,-0.1,4.68,10.94,7.347,6.014
55597,5.09,170.83929752,-64.95473134,-22.59,7.0,6.87,4.978,5.05
55280,5.99,169.8201814,-64.58259742,-301.28,43.9,26.72,6.54,6.039
55779,5.18,171.4315173,-63.97231572,-314.38,-65.52,36.46,5.759,5.226
52815,6.46,161.97312616,-64.26286554,-15.46,9.65,6.95,6.454,6.456
52221,5.51,160.0477648,-65.10024026,-17.45,12.86,7.0,5.309,5.481
52678,5.33,161.56907694,-64.51458587,-15.83,10.88,6.99,5.203,5.317
52370,4.76,160.55893343,-64.4664538,-17.75,11.27,7.15,4.582,4.731
52419,2.74,160.73927802,-64.39447937,-18.87,12.06,7.43,2.478,2.706
52736,4.87,161.71351737,-64.38349702,-18.61,9.33,7.26,4.662,4.825
52701,5.23,161.62337904,-64.26326386,-16.98,9.16,7.6,5.131,5.216
52487,5.74,160.96339384,-64.24905176,-16.35,4.05,3.23,5.731,5.752
52502,4.8,161.02890478,-63.9611007,-17.06,11.97,6.74,4.623,4.773
52160,6.33,159.84522693,-64.11181305,-16.97,10.2,6.8,6.233,6.31
54289,6.39,166.60133089,-64.83995575,-48.91,-6.73,6.89,6.537,6.407
54767,5.22,168.18862745,-64.16978296,-46.98,5.41,10.38,5.122,5.208
54301,4.62,166.6353096,-62.42413654,-36.83,9.57,8.82,5.911,4.724
53334,5.95,163.6233225,-61.82661289,4.92,-3.85,1.96,8.256,6.157
48715,6.3,149.04066795,-71.38930933,-15.36,3.78,1.59,6.195,6.319
50099,3.29,153.43449551,-70.03792169,-35.73,7.55,8.81,3.21,3.288
48782,6.18,149.24932341,-69.1018253,-17.86,8.81,3.0,6.052,6.169
49764,5.8,152.37583168,-68.68283264,-19.74,22.09,5.59,5.832,5.822
50847,4.97,155.74241361,-66.90152522,-22.84,11.04,7.59,4.805,4.942
50083,5.15,153.3778442,-66.37283938,-34.35,11.53,10.74,5.422,5.176
49698,5.26,152.17849096,-65.81553262,-62.86,38.98,9.55,6.484,5.362
47591,6.33,145.55411422,-66.91481962,-14.5,-0.26,5.51,6.419,6.336
46460,5.9,142.12749104,-66.70198874,-34.47,45.82,12.17,5.919,5.902
46737,6.27,142.88770483,-66.7190455,-17.93,7.78,4.64,8.003,6.415
45615,6.14,139.46527559,-67.05089926,-6.57,12.72,2.4,7.767,6.275
44382,4.0,135.61166181,-66.39584369,-2.01,-95.8,26.24,4.198,4.02
46328,6.05,141.68408799,-64.9298568,-63.33,64.17,14.65,6.235,6.07
48002,2.92,146.7755734,-65.07201888,-11.55,4.97,2.01,3.242,2.965
48310,5.56,147.73165865,-62.74513696,-12.16,8.46,3.4,7.268,5.704
47854,3.69,146.31178147,-62.50792328,-12.88,8.28,2.16,5.356,3.831
46482,5.91,142.19660989,-62.2732034,-65.4,28.42,6.76,7.331,6.027
47422,6.4,144.93812076,-62.94296853,-17.74,18.53,5.23,6.3,6.397
47391,4.51,144.83767061,-61.32810523,-34.89,18.6,14.57,4.439,4.502
51194,6.0,156.85583147,-65.7047139,-81.88,20.57,14.22,6.122,6.009
51327,6.42,157.26529712,-65.17633489,54.4,37.44,5.2,8.612,6.635
50562,6.35,154.92517522,-65.13724358,-8.43,2.13,1.63,8.376,6.503
50520,5.66,154.77133097,-64.67628786,-35.18,12.33,11.18,5.687,5.62
51313,5.27,157.21915426,-64.17228466,-15.9,2.83,1.04,7.733,5.511
51265,6.42,157.07617385,-63.16457309,-16.31,3.26,1.6,6.377,6.425
49642,6.45,151.98598839,-62.22143545,-5.93,7.81,3.99,6.32,6.432
50067,6.42,153.3383312,-61.65883585,-15.79,2.73,3.19,6.264,6.393
50371,3.39,154.27085535,-61.33231977,-24.25,6.38,4.43,5.397,3.55
51576,3.3,158.0061825,-61.68536031,-16.59,11.42,6.56,3.245,3.351
51732,6.25,158.55300893,-60.98762873,-8.72,-0.22,3.93,8.069,6.404
51461,6.41,157.66351149,-61.35650693,3.05,13.36,4.02,8.571,6.624
52468,4.58,160.88461543,-60.56662705,-15.22,3.12,3.06,6.792,4.762
52679,6.26,161.57132204,-60.60289257,-43.82,8.38,8.93,6.324,6.28
52488,6.45,160.96777327,-60.117788,-6.55,2.03,0.5,6.426,6.45
51912,5.08,159.08568462,-59.56429542,-39.9,-39.92,12.14,6.596,5.214
50287,6.22,154.01356689,-59.9034364,-39.12,10.59,12.07,6.461,6.251
51232,3.81,156.96977108,-58.73940856,-13.25,2.21,3.13,4.19,3.858
50993,5.93,156.2479199,-58.57631762,-74.09,6.12,10.98,6.309,5.959
50785,6.34,155.54364867,-58.265637,-48.3,26.72,9.51,7.456,6.443
50916,6.34,155.96106527,-57.95390426,-21.89,-11.86,4.11,8.315,6.504
49223,6.41,150.70592901,-62.15667622,-8.77,3.89,1.18,8.632,6.594
49281,6.14,150.89224818,-61.88405008,-17.73,4.23,1.88,6.133,6.193
49164,5.93,150.50043754,-60.42089968,-7.42,3.9,1.02,6.254,5.97
49233,6.18,150.74979136,-60.17868581,-6.89,4.6,1.01,6.381,6.198
48339,5.79,147.80013966,-59.42567316,28.4,-41.59,4.37,7.532,5.937
47913,6.22,146.48259392,-58.79400021,-102.23,70.89,12.36,6.762,6.272
50044,6.07,153.25485242,-59.91809443,-15.31,2.6,1.65,5.982,6.081
49926,6.07,152.89786643,-58.82782701,-24.57,26.79,4.32,8.247,6.304
49934,5.7,152.943633,-58.06055982,-10.71,6.63,2.52,5.612,5.748
50069,6.48,153.34298496,-56.58669891,-26.39,0.61,3.97,8.38,6.642
49160,6.2,150.492043,-57.34984456,-38.39,22.82,4.33,7.617,6.319
49052,6.5,150.14409087,-56.94616519,-53.08,23.35,6.38,7.748,6.629
49092,6.42,150.30006153,-56.09656162,-27.45,1.0,3.76,6.398,6.417
37504,3.93,115.45498347,-72.60613528,33.38,15.29,24.36,5.271,4.068
35946,6.49,111.1546398,-71.47075644,7.69,40.95,12.9,6.631,6.494
37720,6.16,116.05456897,-69.82161624,-46.7,9.56,8.09,6.119,6.159
29271,5.08,92.55918047,-74.7525279,121.84,-212.82,98.54,5.981,5.152
32222,6.36,100.90305337,-73.11796953,12.43,-98.28,7.76,7.591,6.462
31977,6.5,100.2398436,-71.7750932,22.13,-40.85,7.53,7.92,6.624
32912,5.41,102.86241294,-70.96347336,4.02,25.56,5.84,5.263,5.382
32332,6.1,101.23197446,-70.43377284,-15.57,5.94,5.18,7.838,6.253
34481,3.78,107.18676883,-70.49919435,23.71,108.06,23.02,5.073,3.876
34473,5.68,107.1764228,-70.49734046,17.17,104.08,22.16,6.165,5.668
34270,6.47,106.55959722,-68.83757671,5.46,-1.3,6.51,7.792,6.584
35228,3.97,109.20762844,-67.95717248,-4.11,8.5,4.94,4.94,4.056
41451,5.51,126.81994813,-70.09359517,-18.51,46.57,11.43,5.488,5.51
39794,4.35,121.98266997,-68.61713647,-29.88,30.58,5.08,4.186,4.309
42850,6.33,130.97635905,-68.21164561,1.51,26.84,3.1,8.286,6.488
43414,5.34,132.64450311,-66.79322494,92.61,100.38,19.04,5.829,5.381
42895,6.03,131.12520012,-65.82568206,-63.56,104.15,16.49,6.288,6.055
41312,3.77,126.43435936,-66.13652042,-35.83,-152.15,30.21,5.23,3.895
38210,5.78,117.42081658,-66.19597303,-1.81,-0.58,7.12,5.716,5.769
37773,6.37,116.18282329,-66.07204846,-15.97,47.43,5.03,7.572,6.492
39138,4.81,120.08320513,-63.56750271,-1.88,19.31,6.02,4.606,4.781
40680,5.06,124.57823985,-65.6132455,20.7,22.11,11.01,6.543,5.189
41321,5.95,126.46507032,-64.60065452,-15.03,15.18,9.11,7.172,6.049
40926,6.11,125.28186889,-64.10595398,-7.58,-19.95,7.02,7.294,6.208
39843,6.32,122.10271092,-63.80083385,-7.68,5.41,4.17,6.239,6.307
40429,5.16,123.81647486,-62.91561677,-26.87,-10.95,13.47,5.246,5.136
30321,5.56,95.65929247,-69.98412773,25.96,34.75,5.48,7.535,5.729
30565,5.37,96.36937934,-69.69078672,-13.25,200.75,12.25,6.61,5.486
33682,5.18,104.96074141,-67.91701197,-27.0,234.21,11.26,7.009,5.33
29134,5.06,92.18476724,-68.84345717,-50.9,19.68,11.78,4.97,5.038
28909,5.72,91.53900939,-66.03968885,13.51,27.98,9.82,5.684,5.696
30973,6.28,97.51253886,-65.56838774,1.09,59.75,10.27,6.671,6.31
34780,6.03,108.00825571,-63.1900541,-2.3,-1.98,5.45,6.014,6.031
38863,6.14,119.30316882,-63.2968807,-0.61,18.96,7.03,6.003,6.123
36346,6.38,112.21417299,-64.5097841,5.36,-8.4,4.79,8.432,6.574
39530,6.25,121.17891287,-62.83637455,-5.6,11.37,2.61,6.122,6.234
39903,4.74,122.25357658,-61.3017058,-155.04,-297.69,46.75,5.261,4.796
40655,6.47,124.48246427,-59.16676267,-49.04,-25.86,12.84,6.958,6.503
38783,5.74,119.07772578,-60.52646168,-4.33,10.59,2.62,7.766,5.914
38994,5.77,119.71065387,-60.82448838,-4.54,10.73,3.17,5.652,5.758
39070,5.19,119.90644286,-60.58708857,-3.52,11.27,3.12,7.49,5.412
39073,6.3,119.9170508,-60.20737695,-4.41,10.68,2.39,6.233,6.293
38908,5.59,119.44293578,-60.30336068,518.38,118.86,61.76,6.274,5.656
38160,5.78,117.30394188,-60.28402896,-37.41,140.08,28.62,6.265,5.826
37530,6.4,115.54259877,-58.63093533,-5.4,7.03,3.05,6.271,6.381
37599,6.2,115.72235259,-58.23015202,-31.96,38.73,5.18,7.543,6.324
37854,6.1,116.39800467,-56.7225967,-3.99,10.95,3.46,6.553,6.146
38087,6.3,117.08127238,-56.47109287,-4.63,7.26,1.44,7.622,6.481
38152,5.57,117.2780096,-56.41038485,-6.58,10.2,3.49,6.99,5.699
38656,5.62,118.72246913,-57.30288338,-69.25,31.64,9.5,7.314,5.762
39238,6.28,120.38160067,-55.45467367,-15.41,7.45,4.88,6.088,6.257
44665,6.37,136.53170821,-64.49992086,18.6,29.57,5.53,8.142,6.519
45101,3.96,137.81986611,-62.31701587,-38.04,15.93,6.53,3.738,3.93
44256,5.8,135.1906126,-60.96384715,-4.42,7.76,2.59,7.337,5.922
45856,4.79,140.23679302,-62.40463293,-14.29,0.2,14.65,5.988,4.902
46225,5.77,141.36407358,-61.95061204,-115.54,55.95,13.79,5.94,5.762
46101,5.99,141.02289906,-61.64878694,-0.82,-47.52,9.67,7.344,6.11
46049,6.3,140.86388943,-60.30232993,-10.28,6.61,1.44,8.214,6.455
45214,6.36,138.21097157,-60.91681495,-22.14,18.93,5.9,6.297,6.349
45556,2.21,139.27261834,-59.27526115,-19.03,13.11,4.71,2.49,2.269
45219,5.54,138.23176998,-59.41396656,5.55,15.65,6.87,6.593,5.629
45080,3.43,137.74210535,-58.96693014,-17.67,14.14,7.79,3.205,3.401
45418,6.02,138.82357591,-58.38837967,-17.25,1.14,6.24,5.87,5.983
45437,6.32,138.89470968,-57.57776219,-15.37,8.32,2.97,7.631,6.426
45496,4.34,139.05042678,-57.54143764,-27.77,-14.77,6.08,6.479,4.525
42286,5.45,129.3285274,-62.85341217,-10.96,-21.91,9.74,6.763,5.571
43783,3.84,133.76192355,-60.64471195,-28.18,42.24,10.45,3.717,3.821
43669,5.78,133.45278722,-60.35393124,-10.05,9.22,2.37,5.66,5.762
42440,6.35,129.805183,-60.31733717,-41.25,19.94,7.46,6.444,6.476
42568,4.31,130.15431317,-59.76101468,-6.87,4.92,2.31,4.163,4.305
42936,6.2,131.27312609,-58.7243202,-5.27,0.51,3.27,6.048,6.128
44143,5.17,134.85158738,-59.08439697,-174.6,281.78,38.2,5.657,5.207
43937,4.93,134.24344613,-59.22935883,-8.43,8.65,5.25,4.679,4.875
44565,6.43,136.19998116,-57.85262854,-25.03,22.71,2.96,6.714,6.411
43763,6.36,133.72521204,-58.23969727,-20.24,16.14,3.75,6.239,6.339
43499,5.59,132.9022178,-57.63361532,-15.29,15.56,4.55,5.454,5.572
43620,6.02,133.26584378,-56.64957371,-22.86,36.45,11.01,5.987,6.006
44708,6.1,136.64183582,-55.80242862,-9.56,7.04,2.75,5.919,6.071
46974,4.08,143.61109601,-59.22976797,-11.23,6.02,1.65,4.071,4.09
46620,5.88,142.59772226,-58.36190438,-28.81,26.67,3.08,8.081,6.103
47479,5.3,145.17751102,-57.98357162,-43.84,7.64,14.85,5.541,5.334
47893,6.47,146.41932908,-57.1860602,-18.69,7.75,3.75,6.337,6.454
47498,5.8,145.25876248,-57.25944118,76.24,-41.64,9.0,7.193,5.918
46701,3.16,142.80564072,-57.0343916,-32.58,6.08,13.72,5.196,3.346
48119,6.05,147.16691281,-56.41192613,-58.39,14.77,9.82,7.241,6.152
47559,5.99,145.44974998,-55.21376962,-12.34,3.26,1.21,5.817,5.955
48469,6.5,148.25043836,-55.37321732,-12.65,3.72,0.46,6.303,6.471
48774,3.52,149.2156452,-54.5677973,-13.13,2.83,1.69,3.417,3.524
47204,5.44,144.3028174,-53.66848607,-23.99,-9.13,13.95,5.628,5.48
47172,6.18,144.19337925,-52.94390589,-125.12,96.95,8.4,7.529,6.297
47717,5.56,145.92625551,-53.89136176,-67.58,32.72,9.19,5.507,5.545
45742,6.28,139.88536568,-55.18649115,-12.61,8.23,0.95,6.154,6.27
45328,5.26,138.5751025,-55.56970109,-32.89,29.44,5.11,6.511,5.371
45920,5.61,140.45878607,-55.51487092,-64.28,76.25,11.84,5.855,5.64
45941,2.47,140.52845511,-55.01069531,-10.72,11.24,6.05,2.287,2.449
45603,6.33,139.42628604,-54.49485748,-22.56,11.83,4.02,8.145,6.477
46283,5.09,141.57490643,-53.37893587,-19.94,11.06,7.72,4.958,5.077
46950,5.01,143.53667204,-51.25528201,-8.5,6.39,3.5,4.771,4.978
46594,5.45,142.5213665,-51.51719294,-18.98,11.85,7.85,5.342,5.433
46093,6.05,140.99724486,-51.73709116,-4.71,4.4,0.57,6.708,6.144
45675,5.83,139.67650557,-51.5606599,-5.22,3.5,0.17,6.454,5.95
45631,5.26,139.52454326,-51.05089519,-21.0,14.83,7.57,5.177,5.25
41037,1.86,125.62860299,-59.50953829,-25.34,22.72,5.16,3.496,2.08
42129,5.27,128.81491578,-58.22476298,-21.11,11.56,3.39,5.081,5.228
42134,4.84,128.83186765,-58.0092947,53.8,27.3,14.21,6.116,4.957
42579,6.34,130.18146468,-57.54553217,-22.87,17.52,14.38,6.558,6.319
40932,5.96,125.30042487,-57.97323049,-3.07,4.24,1.37,5.836,5.942
41653,6.36,127.40165094,-55.19090363,-9.69,-13.23,4.52,7.345,6.436
43105,4.5,131.67733004,-56.76979718,-9.4,8.64,5.97,4.282,4.473
42717,6.26,130.58708068,-55.77465771,-73.99,41.57,9.86,7.79,6.384
42913,1.93,131.17582214,-54.70856797,28.78,-104.14,40.9,2.05,1.949
43797,5.7,133.79898826,-54.96554657,24.23,-91.2,41.41,6.28,5.758
41813,6.34,127.87321243,-54.39390506,15.43,-43.1,6.64,8.032,6.483
42459,5.45,129.84944512,-53.43982462,-23.97,23.51,7.23,5.27,5.423
42400,6.45,129.68679697,-53.09043371,-26.06,21.68,6.46,6.337,6.437
43195,6.29,132.00101403,-52.8502078,-24.89,23.25,7.02,6.171,6.258
42715,5.49,130.57922931,-53.10011485,-23.22,24.05,6.75,5.317,5.463
42726,4.83,130.6058767,-53.11404062,-24.88,23.21,6.8,4.621,4.801
42504,5.18,129.99009397,-53.05478181,-25.81,21.49,7.61,5.008,5.154
42535,5.56,130.0728703,-53.01545412,-25.47,23.17,6.91,5.395,5.532
42536,3.6,130.07337168,-52.92197259,-24.62,35.09,6.59,3.388,3.568
39957,5.66,122.39013231,-56.08547484,1.56,37.14,8.58,5.912,5.683
39225,6.12,120.34603423,-54.51554272,-5.9,5.24,2.47,6.051,6.11
41644,6.44,127.37424503,-54.211802,-21.12,16.97,4.53,6.3,6.424
41861,5.68,128.02072039,-53.21196039,-16.2,16.78,3.57,6.422,5.787
41483,5.08,126.90271156,-53.08853976,-67.63,24.72,16.01,5.392,5.109
41373,6.05,126.60517431,-52.80750215,-37.95,1.04,14.07,6.126,6.059
41426,6.49,126.74097365,-52.70484071,-92.33,-45.15,18.49,6.982,6.537
42177,5.79,128.96683262,-50.96967696,-13.69,10.46,6.99,5.625,5.769
41081,5.89,125.72991589,-52.12377702,-22.75,19.48,13.68,5.915,5.896
41296,5.18,126.38058013,-51.72745683,-14.68,17.14,4.84,4.955,5.142
42088,5.01,128.68170313,-49.94424627,-12.56,17.66,3.72,6.722,5.135
44423,6.39,135.77229936,-53.55039508,-19.3,9.42,3.78,6.287,6.374
43878,4.68,134.0803251,-52.72351071,-16.58,14.6,8.68,4.553,4.687
44337,5.23,135.43572156,-52.18871825,-14.67,13.53,7.46,5.097,5.235
45002,6.19,137.48813265,-52.08299346,-91.72,54.65,10.73,7.522,6.319
43593,6.39,133.17011719,-52.12894176,-16.52,14.79,7.19,6.562,6.608
44979,6.48,137.43748594,-49.42431351,-0.21,-28.74,6.35,6.689,6.498
46045,6.27,140.85573902,-48.2869573,-12.14,6.22,2.34,6.099,6.245
44509,6.46,136.02412427,-47.44146376,-11.1,5.72,2.85,6.254,6.417
45270,5.92,138.39364708,-47.33843989,-25.0,13.35,5.88,5.856,5.901
45122,5.78,137.88912076,-46.58392947,-7.17,7.65,2.85,5.52,5.745
42834,5.15,130.91781669,-49.82281081,-3.56,3.65,2.15,4.885,5.111
43589,5.92,133.16090445,-48.35909798,-13.44,0.33,3.0,5.715,5.875
44024,5.88,134.48155402,-48.57293357,-16.42,9.63,3.04,7.237,5.994
43671,5.31,133.46083652,-47.52071984,-5.97,-23.85,12.49,5.632,5.343
42614,5.9,130.27218464,-48.922689,-4.64,3.62,2.03,5.644,5.859
42712,5.48,130.56748955,-48.099099,-4.92,3.51,1.93,5.246,5.445
42624,4.74,130.3047503,-47.31714129,-10.53,6.87,1.72,4.92,4.785
43413,5.09,132.63943261,-46.52919614,-2.76,3.84,1.21,4.828,5.072
43148,5.71,131.82853523,-46.15542775,-3.83,5.21,0.9,6.379,5.809
43023,3.87,131.50689464,-46.0415392,-12.23,4.82,2.1,3.909,3.895
43082,5.43,131.62729635,-45.91251639,-4.97,4.87,0.99,5.74,5.49
44093,5.17,134.71844252,-47.23482313,-84.4,55.68,14.77,5.475,5.193
44511,3.75,136.03883562,-47.09771376,-46.82,-9.57,10.55,5.295,3.883
45085,4.99,137.76834415,-44.86791223,-4.42,4.32,-0.26,5.226,5.039
43807,6.26,133.83005467,-45.04169055,-13.12,8.39,3.49,6.053,6.228
43347,4.94,132.44853466,-45.30790977,-12.39,14.42,3.94,4.988,4.947
43520,6.38,132.95852355,-44.15094757,-12.87,6.66,2.54,6.186,6.341
44213,6.04,135.09276114,-43.17399229,-8.89,0.51,3.26,5.848,6.033
57851,4.89,177.96363695,-65.20589445,-34.37,-6.55,9.64,4.767,4.916
58427,5.59,179.69861981,-64.33955671,-5.98,-1.53,1.15,5.784,5.63
58103,5.89,178.75009496,-63.27917897,-8.83,-0.51,1.27,6.126,5.936
57669,4.3,177.42120019,-63.78848906,-17.93,4.44,7.1,4.135,4.298
57211,6.1,175.970101,-62.87824289,13.47,-15.26,8.23,6.17,6.101
57175,5.0,175.87999922,-62.48939856,-5.85,1.14,1.27,5.99,5.1
56769,6.46,174.58487608,-63.37275081,-6.24,1.49,-1.44,6.494,6.493
56050,6.45,172.3131,-63.55394067,-6.26,1.29,0.66,6.778,6.504
56561,3.11,173.94553448,-63.01982488,-33.84,-6.87,7.96,3.071,3.113
56961,6.32,175.15421034,-62.56810342,-5.73,0.61,1.16,6.297,6.306
56986,4.93,175.22355273,-62.09010401,-15.0,1.08,4.47,6.359,5.063
56754,5.15,174.53071631,-61.82655484,-62.04,-3.49,10.98,5.094,5.134
56201,6.28,172.81271949,-61.27846788,-6.41,2.0,0.7,6.901,6.398
55831,5.22,171.64764356,-61.1151713,-13.83,1.78,2.1,5.178,5.27
58469,6.34,179.85677288,-62.83094991,-5.51,0.91,-0.36,6.718,6.392
57741,5.68,177.61368682,-62.6493833,-5.99,0.89,1.06,5.97,5.725
58326,5.59,179.41682551,-62.44873578,-24.01,-5.19,5.45,5.362,5.536
57439,4.11,176.62853753,-61.17835907,-21.85,-16.23,7.51,5.231,4.203
56656,5.14,174.25334034,-61.28344643,-228.21,1.73,14.11,6.573,5.254
56550,6.23,173.92643343,-61.28787407,-7.0,1.54,0.74,6.376,6.255
56606,5.84,174.09325391,-61.05243721,-12.94,1.7,2.23,5.704,5.822
56250,5.12,172.95336415,-59.51564932,-6.59,0.67,0.96,5.689,5.231
56243,5.07,172.9419714,-59.44206384,-4.08,1.14,1.01,6.404,5.205
54461,5.11,167.14169012,-61.94717969,-5.82,2.03,0.59,5.372,5.168
54751,4.59,168.15008453,-60.3176307,-6.23,2.33,0.26,5.207,4.672
54829,5.74,168.37829647,-59.6193167,-7.52,-0.57,1.79,5.597,5.721
54463,3.93,167.14748181,-58.97504198,-5.03,2.09,0.55,5.507,4.054
53701,6.16,164.80852435,-61.32074411,-28.7,1.94,8.99,6.101,6.172
53394,5.93,163.82192922,-60.51720824,-36.09,84.3,10.66,7.284,6.044
53589,6.36,164.45080678,-59.73219545,-5.12,2.09,-0.04,7.957,6.483
53253,3.78,163.3731926,-58.85326474,79.75,38.65,33.71,4.973,3.888
53231,6.26,163.33825968,-58.89346136,-13.23,3.27,2.07,6.12,6.232
54708,6.24,168.01498327,-58.42335374,-49.73,-0.76,4.43,8.262,6.504
55645,6.5,170.98559851,-57.88039388,10.9,-17.88,5.81,8.49,6.683
55003,6.42,168.92818077,-57.35586929,-13.26,-5.41,5.59,6.546,6.438
54294,6.07,166.62208089,-58.67503584,-10.06,5.86,2.66,7.677,6.165
54082,6.16,166.00103542,-57.95533279,-18.37,0.65,1.1,5.938,6.132
58041,6.05,178.54796472,-57.41019133,-9.67,-2.82,2.38,6.104,6.055
57870,5.56,178.04330796,-56.98782681,-106.9,35.13,9.57,5.638,5.569
57512,5.42,176.82987104,-57.69654711,-25.51,19.99,3.97,7.597,5.617
58379,5.44,179.56352995,-56.31731449,-21.56,1.77,5.15,5.356,5.429
56970,5.95,175.17705098,-53.96854858,-10.83,-23.94,3.06,8.119,6.148
56480,4.62,173.69046642,-54.26413167,-55.55,16.64,7.04,4.53,4.607
55581,5.82,170.78402208,-56.77936853,-31.63,5.72,4.99,5.803,5.813
55425,3.9,170.25184266,-54.49101395,-35.32,-2.2,10.15,3.699,3.863
54840,5.75,168.41420693,-53.2319031,-16.39,37.23,7.31,7.443,5.895
55849,5.8,171.69710349,-53.15995577,-40.94,16.76,5.22,6.412,5.86
54264,6.28,166.52392143,-51.21274434,-0.53,-72.33,7.92,7.475,6.39
54291,6.31,166.6148566,-50.95674344,-55.3,7.48,8.89,7.794,6.433
54783,6.12,168.23641587,-49.73610537,-26.0,6.36,4.29,7.457,6.233
54746,5.37,168.13810684,-49.10107805,-99.28,33.7,20.02,5.574,5.391
52827,5.98,162.0225662,-59.91916925,-7.58,2.71,-0.01,6.293,6.048
52806,6.47,161.93472992,-59.87525692,-15.53,-0.12,2.65,6.304,6.45
52526,6.32,161.09549553,-59.99332651,-7.1,2.48,1.23,6.395,6.299
52308,6.35,160.32301986,-59.67692226,-7.81,2.58,0.61,6.487,6.397
52405,5.36,160.66905761,-59.21576469,-6.48,2.32,0.48,5.645,5.422
52922,5.85,162.3519019,-59.32377833,-16.79,-5.94,3.82,5.905,5.915
52103,6.5,159.68914323,-59.2624197,-14.26,-0.18,2.17,6.35,6.463
52102,4.69,159.68755215,-59.18299905,-14.29,0.79,1.76,6.859,4.894
52127,5.96,159.74877044,-58.81688568,-76.65,13.1,5.03,8.119,6.177
52004,5.47,159.36281779,-58.73334704,-7.46,3.11,0.4,6.027,5.536
53100,6.29,162.9455422,-57.27231455,-50.89,-0.1,5.4,6.578,6.32
53154,5.26,163.12855279,-57.24041437,-6.77,3.63,0.54,5.419,5.284
52797,6.29,161.91003927,-57.46741767,-11.94,2.78,1.18,8.5,6.466
52742,5.14,161.73956163,-56.7571908,-21.25,-0.58,5.95,5.034,5.127
51623,5.98,158.19923561,-58.66675023,-6.54,2.16,0.29,6.349,6.044
51676,6.09,158.35582196,-58.19015734,-7.75,3.39,0.24,6.521,6.178
51849,4.45,158.89714422,-57.55763551,-15.43,-0.16,2.37,6.565,4.632
51192,4.65,156.85199279,-57.63881373,-6.71,3.72,-0.01,5.238,4.734
52043,5.89,159.51109079,-57.25631096,-15.58,0.72,2.55,5.719,5.866
52154,4.29,159.82671887,-55.60327905,-18.87,4.31,3.62,5.592,4.395
53260,6.45,163.38926255,-56.42051347,-17.46,5.19,0.03,8.241,6.576
51984,6.43,159.3171827,-53.85526528,-10.86,2.15,1.97,6.223,6.395
50493,5.8,154.65899399,-56.11067508,-239.33,115.9,27.91,6.367,5.862
50676,4.5,155.22839581,-56.04322401,-18.15,1.49,2.34,4.358,4.491
50555,4.59,154.90318833,-55.02931452,-14.79,4.03,2.19,6.675,4.751
50232,6.16,153.81938623,-54.97421495,-13.49,3.23,2.29,5.942,6.12
51140,5.58,156.70389571,-54.87731436,-13.71,5.01,2.04,7.588,5.74
49994,6.16,153.09572184,-52.16335203,-52.74,45.23,9.75,7.661,6.285
49712,4.85,152.23439032,-51.81126187,-14.6,0.51,3.01,4.689,4.836
51523,4.89,157.84264509,-53.7159928,-418.76,209.46,45.72,5.473,4.948
50332,6.2,154.16738579,-51.2046642,-39.92,11.71,4.66,8.142,6.456
50078,5.78,153.36685079,-51.75580487,-53.27,6.95,10.25,5.952,5.808
50070,5.27,153.3453401,-51.23293774,-39.7,-13.61,20.06,5.588,5.304
53811,6.44,165.15138517,-53.11186852,-86.03,15.35,7.86,8.119,6.596
53771,6.15,165.03474528,-51.81780645,-64.0,2.81,16.7,6.374,6.177
53530,5.9,164.28284129,-50.76504906,-37.55,12.92,10.3,6.114,5.926
52727,2.69,161.69217542,-49.42012517,62.55,-53.57,28.18,3.893,2.818
54185,6.11,166.26726476,-49.39232585,-36.36,11.03,6.34,6.093,6.099
54380,6.44,166.89227103,-48.64003833,-15.22,23.14,5.89,8.383,6.599
54137,5.67,166.13042166,-47.67918306,-115.47,32.74,11.69,5.972,5.703
51245,6.1,157.00866133,-49.40569161,19.1,-44.93,3.54,8.057,6.271
51986,3.84,159.32606984,-48.22561631,-131.48,-1.58,37.71,4.201,3.873
51635,5.02,158.23700305,-47.00336923,-24.04,6.83,3.38,6.407,5.148
50609,5.66,155.06967962,-47.69910004,-9.13,4.0,1.21,7.845,5.833
51561,5.76,157.98937004,-45.06671373,-15.4,1.41,7.04,5.487,5.677
51560,6.04,157.98605873,-45.0696557,-19.96,-1.7,6.83,5.933,6.05
51610,5.91,158.14008597,-44.6184503,-12.76,-23.62,8.21,7.052,6.005
51816,6.09,158.79354136,-43.66466238,-46.01,30.87,3.62,7.269,6.209
58453,6.04,179.79532236,-51.69674825,-15.46,-5.21,3.84,7.684,6.178
56497,5.5,173.73751871,-49.1369474,-172.45,188.13,15.72,6.836,5.619
57443,4.89,176.63436255,-40.50133452,-1531.69,403.41,108.23,,
57322,6.26,176.30273465,-49.0698694,-22.97,10.87,6.26,7.796,6.395
56700,5.46,174.39187576,-47.74737759,-68.58,28.07,8.98,7.033,5.591
56573,5.26,173.98148244,-47.64152017,33.95,-50.42,17.24,5.559,5.286
56518,5.64,173.80565752,-47.37256106,-87.27,-7.7,5.0,7.815,5.877
54718,6.27,168.04268745,-46.26677462,-51.71,5.58,10.11,6.461,6.291
55068,6.3,169.11641893,-45.88017922,-139.84,68.68,18.05,6.732,6.321
54811,5.77,168.31120754,-44.37222081,-5.4,1.92,3.88,7.926,5.964
54929,6.22,168.72555764,-43.73370761,-16.5,1.89,1.89,8.305,6.388
55528,6.1,170.59644589,-44.64584748,-44.8,-31.72,9.49,7.289,6.209
58242,6.26,179.18343317,-47.07243569,-126.5,23.1,18.52,6.74,6.306
58452,6.36,179.79460657,-45.83219996,-30.05,-8.45,6.69,6.261,6.335
57803,4.47,177.78646511,-45.1734495,-72.42,-8.62,7.03,6.158,4.609
57371,5.28,176.43334854,-45.69014545,-41.73,4.8,4.17,5.124,5.256
57013,5.54,175.33273307,-43.09567719,-82.4,4.24,15.58,5.584,5.535
56000,5.14,172.14627993,-42.67421801,-34.61,6.27,5.22,5.096,5.129
55667,6.13,171.09191996,-42.66910033,-8.47,-0.69,1.06,5.892,6.093
55133,6.46,169.30986211,-41.93430363,-53.86,-9.13,8.13,6.489,6.453
56391,5.39,173.40526595,-40.58670322,-83.64,27.08,8.86,5.556,5.424
56319,5.64,173.20057957,-40.4363361,-74.9,58.55,5.99,7.68,5.821
56632,6.3,174.16976145,-37.23719322,-26.71,2.74,7.54,6.378,6.307
53762,5.81,164.99762038,-43.80713489,-62.71,10.03,11.26,5.718,5.793
53411,6.4,163.86354781,-43.02054885,-53.22,8.53,10.19,6.468,6.409
53379,6.08,163.75433505,-42.25109194,-45.98,-2.52,6.58,6.008,6.079
54360,5.15,166.81981683,-42.63878147,-82.12,41.21,11.5,5.21,5.168
53773,4.37,165.03852431,-42.22586959,23.0,4.5,15.99,4.52,4.389
53940,6.48,165.55766001,-41.11406717,16.52,-32.13,1.85,8.471,6.738
52709,6.29,161.6547559,-43.19253898,0.91,-55.08,13.33,6.528,6.317
52112,6.1,159.70970482,-42.75341389,-19.46,-12.22,5.73,6.923,6.189
53502,4.6,164.17915128,-37.1374629,74.96,-124.5,16.4,5.899,4.712
55130,6.24,169.30025601,-38.0143894,-71.63,9.26,13.96,6.374,6.252
55763,5.87,171.38803347,-37.74754766,-41.69,-11.45,6.03,7.864,6.096
55756,5.21,171.37304571,-36.06310533,-107.66,17.68,11.64,6.477,5.328
55953,6.44,171.99443796,-35.32884907,9.18,-0.12,2.58,8.547,6.615
55588,5.0,170.8029263,-36.16476782,-26.52,-0.63,3.8,6.919,5.171
54173,5.43,166.22587294,-35.804689,-21.69,4.45,6.15,5.449,5.426
55164,6.44,169.41201062,-34.73730711,-27.55,-16.83,21.42,6.912,6.48
54725,6.35,168.06159256,-32.43382529,11.58,13.29,4.82,8.5,6.562
54561,5.79,167.47242253,-32.36745668,17.54,-29.6,9.54,5.825,5.783
49137,6.2,150.419689,-53.36411581,-16.56,0.47,2.26,6.013,6.172
48799,6.13,149.29562255,-52.63879276,-8.83,4.11,0.95,5.964,6.096
49477,6.5,151.53026467,-52.18797821,-55.35,16.15,8.28,7.774,6.613
49394,6.23,151.25776152,-51.31364777,-29.55,11.27,6.13,6.155,6.219
48730,6.39,149.09125711,-51.33615432,-7.61,-1.66,0.7,6.174,6.354
48527,5.95,148.45879641,-51.1467146,-13.68,0.55,1.91,5.74,5.916
47694,6.15,145.86501179,-51.2281564,-16.02,8.37,2.39,6.03,6.142
48613,5.71,148.7136023,-50.24397661,-37.02,7.29,10.22,5.717,5.712
49619,6.4,151.89887481,-48.26083007,-15.94,3.94,2.51,6.194,6.366
48835,6.06,149.42752387,-48.4140703,-9.34,-1.84,0.86,5.892,6.048
49485,5.06,151.54675512,-47.36986491,-10.84,-53.46,12.63,6.2,5.182
49259,6.11,150.83585305,-46.63616508,-28.39,-10.77,10.85,6.159,6.114
47175,4.34,144.2069042,-49.3551286,-130.56,42.29,30.35,4.559,4.363
46914,5.12,143.43566625,-49.0050932,-23.39,8.78,3.4,4.835,4.953
47145,6.18,144.10588902,-48.75116061,-8.01,-7.7,13.8,6.525,6.233
48287,5.72,147.67487458,-46.93400208,-38.82,32.7,5.46,7.121,5.837
48374,4.58,147.91953494,-46.54764424,-24.41,9.8,3.01,6.112,4.713
48348,5.62,147.83234215,-46.19395369,-49.65,33.82,9.74,7.13,5.749
48224,5.09,147.48817288,-45.73276023,-24.87,10.07,3.81,4.973,5.079
48561,5.72,148.57361875,-45.28352716,-17.2,4.42,3.86,5.543,5.669
47963,5.58,146.62658773,-44.75505925,-13.12,-0.43,2.27,5.349,5.529
50391,6.48,154.3341711,-46.83494301,-22.66,0.45,16.07,6.856,6.516
51077,6.13,156.54127857,-42.73839839,-95.31,-39.21,9.83,7.585,6.257
51014,6.18,156.3217323,-42.4673738,-1.74,-12.47,5.56,7.475,6.294
50903,6.24,155.91963976,-41.9532195,-112.88,12.62,14.05,7.381,6.349
50799,4.82,155.58169175,-41.65010791,-27.23,60.77,16.26,6.259,4.943
50241,5.59,153.88145179,-43.11224108,22.4,-52.68,5.99,7.57,5.751
50191,3.85,153.68447399,-42.12206281,-150.68,49.84,31.72,3.921,3.847
49844,5.98,152.65706616,-41.71493294,28.07,-129.15,14.63,7.603,6.119
50480,5.97,154.61777521,-41.66849763,-28.24,3.13,5.92,5.884,5.955
50103,5.91,153.44158428,-40.3460764,-73.96,8.47,7.24,7.47,6.042
50122,6.33,153.48575382,-40.31075244,-30.43,-9.1,7.27,7.549,6.438
48706,6.39,149.02229845,-40.82450401,-23.24,-17.15,3.88,8.491,6.591
49343,6.42,151.09746649,-39.97585933,-37.32,0.51,5.12,8.137,6.563
49645,6.34,152.00695797,-37.33346184,-27.42,7.03,5.53,7.588,6.443
49418,6.27,151.3136859,-36.38435183,-6.96,-12.19,7.73,7.69,6.388
46067,6.21,140.91571525,-46.90876865,-19.27,7.45,2.89,6.098,6.189
45962,5.74,140.59997928,-46.04750246,-3.02,23.71,5.72,6.889,5.828
45413,6.25,138.81100525,-45.55549346,-7.9,-2.0,1.8,6.182,6.262
45481,6.02,139.016808,-44.89873417,-5.59,4.44,0.75,6.344,6.078
45505,5.12,139.09598912,-44.26574592,-2.54,4.66,0.81,7.316,5.309
46194,6.31,141.28289581,-43.97670178,-48.11,40.81,4.13,8.343,6.547
45924,5.56,140.46224949,-42.19473814,60.21,-50.28,5.77,7.694,5.77
47267,5.51,144.50597591,-43.19086905,24.0,-31.03,6.73,6.765,5.606
46811,5.35,143.08029475,-40.64932106,9.68,-5.69,8.36,6.485,5.453
46651,3.6,142.67547063,-40.46688763,-147.14,48.65,53.89,4.006,3.624
46874,6.43,143.28213125,-39.12916862,-41.31,39.13,13.75,6.841,6.461
45314,5.85,138.53429096,-44.14585354,-24.23,12.97,6.26,5.697,5.827
45189,5.56,138.12725463,-43.61329176,-22.34,12.25,5.23,5.416,5.515
45344,5.24,138.60210323,-43.22752192,-25.01,12.02,5.86,5.068,5.223
44816,2.23,136.99907126,-43.43262406,-23.21,14.28,5.69,4.428,2.408
45242,6.27,138.32781495,-42.27344152,-14.21,62.43,6.95,7.907,6.41
44299,5.56,135.33698096,-41.86429036,-18.74,14.8,6.92,5.382,5.528
45127,6.05,137.92061284,-39.25887079,-20.7,10.71,2.55,5.862,5.989
46297,6.19,141.61854205,-40.50172135,11.76,6.11,10.87,6.486,6.219
46114,6.05,141.06781642,-39.42543933,12.96,-26.01,6.29,6.297,6.08
46517,6.15,142.31771878,-38.40354893,-106.25,3.01,16.04,6.409,6.177
45544,5.31,139.23791125,-39.40145479,-29.76,-34.59,9.18,6.814,5.437
45439,4.92,138.90317393,-38.56991789,-71.22,-10.06,14.49,6.338,5.04
45259,6.31,138.3575943,-38.61643569,-1.5,-14.68,4.56,6.326,6.307
46075,6.47,140.93717495,-37.75696435,-80.7,26.48,9.92,6.704,6.495
45814,6.04,140.12367944,-37.58163503,-17.36,-21.77,6.35,7.885,6.203
48191,5.95,147.36728577,-37.1867849,-88.86,8.06,8.01,7.543,6.09
48926,5.23,149.71808346,-35.89093311,-89.59,-16.27,30.67,5.582,5.266
48219,6.36,147.46400531,-36.26847322,-18.07,4.29,5.87,7.659,6.471
48748,5.83,149.14779191,-33.41854978,34.33,22.02,6.8,7.391,5.963
47627,6.39,145.67236047,-35.50172774,-20.07,7.53,2.3,6.316,6.378
47224,5.96,144.36841333,-36.09599061,-25.61,-1.43,9.67,7.401,6.078
47039,6.48,143.79948668,-35.823745,-73.99,-2.06,15.78,6.977,6.52
46736,5.86,142.88722307,-35.71432898,156.61,-173.39,11.44,7.541,6.001
46515,4.51,142.31140615,-35.9513478,-24.74,5.07,4.66,6.385,4.663
47199,5.62,144.29112334,-32.17861272,31.48,-13.87,12.19,6.939,5.732
47868,6.45,146.34172832,-30.20276206,-11.49,4.78,0.39,6.267,6.424
51821,5.5,158.80364609,-39.5625967,-32.17,3.29,3.9,9.723,5.853
50888,5.34,155.87255727,-38.00970922,-158.83,-53.55,24.7,5.633,5.366
52273,6.36,160.2148261,-35.74173139,-26.6,5.53,4.69,7.539,6.473
50492,6.31,154.65782263,-36.80459709,-32.36,10.29,5.36,7.98,6.45
50234,6.17,153.83705315,-36.51773519,-28.59,7.54,8.88,7.526,6.282
49769,6.14,152.38369551,-35.85681022,-442.84,16.26,32.55,6.889,6.226
51172,4.28,156.78814953,-31.06780228,-80.42,9.63,8.9,6.171,4.436
51376,5.57,157.39749325,-30.60707101,-29.27,2.44,6.78,5.518,5.566
52965,5.61,162.48769199,-34.05819988,-40.12,6.99,9.41,5.654,5.609
53699,5.7,164.80726626,-33.73745399,-4.53,-58.03,20.56,6.149,5.771
52407,5.63,160.68003687,-32.71567314,-30.95,-0.12,5.39,5.634,5.628
52841,5.87,162.05888249,-31.68785403,-29.19,1.61,7.65,5.905,5.875
54030,6.44,165.81702176,-31.96078529,-42.02,-26.29,4.33,8.54,6.635
53818,6.06,165.17015147,-31.83961881,-77.49,102.97,32.04,6.701,6.129
54430,6.47,167.06570976,-29.97245501,9.04,-12.92,7.13,6.508,6.469
50075,6.38,153.35411361,-33.03187875,-369.81,64.39,43.98,7.098,6.437
50868,6.25,155.80474516,-30.16223451,2.91,-11.72,18.63,6.612,6.292
50456,5.52,154.53166913,-28.99202661,-15.4,10.85,1.5,5.831,5.552
48776,6.32,149.22558279,-27.47521203,-73.03,23.82,6.49,6.528,6.333
49967,6.28,153.01198942,-28.60595499,-39.83,-0.34,6.4,6.298,6.278
50066,6.23,153.33117633,-27.02897817,-55.56,35.83,7.98,6.613,6.255
51364,5.58,157.37088906,-29.66385399,-59.71,8.85,8.42,7.436,5.738
51551,6.04,157.95305052,-28.23709212,-81.1,-4.58,23.59,6.642,6.099
51979,4.87,159.30749487,-27.41268661,-112.98,21.52,6.8,6.994,5.065
51885,6.29,159.01877664,-26.67528564,2.12,-79.49,22.72,6.869,6.381
51718,5.08,158.50371309,-23.74521609,-10.44,21.15,5.15,7.163,5.257
50142,6.36,153.53740135,-23.81397243,-24.41,10.87,2.44,8.496,6.563
50728,6.47,155.36956636,-23.71087724,-49.88,17.62,8.73,6.709,6.495
51795,6.1,158.74067829,-23.17633022,-99.7,34.01,15.76,6.671,6.154
29353,5.01,92.81256272,-65.58970507,-22.98,118.34,4.86,7.115,5.21
30524,6.26,96.23252208,-63.82817363,-5.39,12.22,4.59,6.098,6.236
30352,6.3,95.75615393,-63.68317619,-17.07,16.45,3.05,8.426,6.482
30480,6.45,96.11071103,-63.42864724,19.37,-116.0,31.46,7.253,6.523
31068,6.15,97.7943764,-61.87957075,-9.53,10.74,2.84,5.954,6.125
32607,3.24,102.04807134,-61.94197988,-68.39,242.03,32.96,3.525,3.276
34350,6.46,106.81784892,-59.71643858,-7.35,9.28,2.24,6.303,6.434
31711,6.15,99.50176847,-61.53356388,-50.08,72.69,46.15,6.907,6.242
32775,6.11,102.50420544,-60.24940871,4.8,107.92,30.16,6.639,6.157
34000,5.5,105.8129557,-59.17813539,-9.98,10.93,6.77,5.465,5.621
33800,6.01,105.27157418,-58.94029633,-56.89,147.82,18.65,6.355,6.044
33012,6.41,103.18933679,-59.34128772,-14.82,38.22,6.94,6.634,6.437
28991,5.04,91.76401174,-62.15441128,21.44,-69.66,8.28,6.681,5.18
30463,5.78,96.05783068,-60.28139797,-30.78,29.99,11.37,5.778,5.78
29788,6.44,94.07848864,-59.21273358,-45.52,-316.87,27.5,7.13,6.486
31137,5.69,97.99296524,-58.75384073,-0.67,2.39,4.5,5.63,5.701
30423,6.47,95.94548524,-58.54393301,9.54,25.51,10.22,6.627,6.482
30703,5.82,96.76723213,-58.00210529,-8.51,-4.43,5.38,7.491,5.966
33577,6.46,104.6516388,-56.39476607,-22.81,-34.06,10.01,6.918,6.497
33588,6.26,104.66587384,-55.72892565,-64.14,-80.9,11.64,7.745,6.389
36977,6.39,114.006746,-55.88773325,-14.56,10.37,5.42,7.921,6.526
38438,5.7,118.12394382,-54.36718432,-5.44,8.01,2.23,5.491,5.664
36496,5.95,112.62877606,-54.39943169,13.27,27.46,7.53,8.003,6.135
37248,6.06,114.75139782,-53.2733797,-17.58,9.42,5.99,5.906,6.032
34105,5.14,106.07632905,-56.7497313,10.99,2.85,11.55,5.112,5.15
35084,5.96,108.83861519,-52.49951781,-42.22,120.13,8.39,7.374,6.083
35564,5.5,110.08940661,-52.3118825,-35.17,147.45,28.75,6.055,5.541
35589,5.38,110.16172862,-52.08592527,-8.17,0.46,6.61,5.286,5.367
36942,4.93,113.91541745,-52.53380809,23.44,-11.57,8.28,6.758,5.088
36444,5.87,112.49893731,-52.65128759,-22.51,53.54,9.87,7.159,5.983
36856,6.29,113.66493572,-51.4745378,-4.78,8.53,2.45,6.376,6.302
36114,5.09,111.59106537,-51.01849597,-5.5,6.09,5.8,6.414,5.197
28596,6.41,90.53881794,-60.09684953,16.64,7.85,3.95,8.423,6.649
30932,5.2,97.36891553,-56.85284448,-38.15,32.34,10.44,6.598,5.321
30342,5.6,95.73278618,-56.3699207,-40.24,-20.04,19.87,5.899,5.633
32269,6.47,101.05336472,-54.69552342,-16.64,6.68,4.43,6.32,6.459
32531,5.6,101.82795802,-55.54004918,-0.86,25.08,5.45,7.633,5.781
32477,6.45,101.67373429,-54.69506225,-42.54,14.08,7.87,7.603,6.601
32761,4.41,102.46381712,-53.62249221,-2.27,17.57,5.9,5.564,4.513
29276,4.72,92.574638,-54.96866057,-4.11,6.53,1.97,4.423,4.687
30438,-0.62,95.98787763,-52.69571799,19.99,23.67,10.43,-0.417,-0.608
29913,6.4,94.46557314,-52.73303375,8.55,0.95,3.8,8.31,6.557
31407,4.35,98.74411397,-52.97563454,-7.65,11.33,1.85,4.347,4.371
31265,6.18,98.35963588,-52.32931746,-32.87,34.37,5.37,7.568,6.304
32402,5.81,101.47383863,-52.40971351,-3.55,9.14,2.37,7.821,5.96
33139,6.24,103.50962353,-50.61214118,-55.72,222.66,18.63,7.483,6.355
32494,5.39,101.7195573,-51.2654494,-22.01,-89.56,3.6,7.076,5.529
32768,2.94,102.48390349,-50.61439973,34.23,-65.85,17.85,4.501,3.071
31079,5.58,97.82591372,-51.82620719,102.5,104.6,26.87,6.222,5.636
32918,6.42,102.88568011,-48.29272906,18.97,-10.41,4.69,7.968,6.547
34349,5.96,106.80542082,-51.9683879,-11.91,42.99,5.78,7.221,6.071
33779,5.14,105.21460498,-51.4026336,-21.64,20.12,5.28,7.303,5.353
34177,6.47,106.31830326,-50.36013794,-24.4,39.58,4.14,8.328,6.626
37043,5.69,114.18302388,-48.8301697,-7.55,0.87,6.56,5.639,5.683
37174,5.68,114.57588221,-48.60144811,-4.18,5.13,0.65,6.498,5.751
34059,4.92,105.97356647,-49.58425759,-53.69,139.0,16.98,5.091,4.946
34670,5.12,107.69791141,-48.93257706,-17.24,196.97,10.43,6.74,5.255
35020,4.75,108.65893526,-48.27192832,-4.18,0.63,9.2,4.645,4.736
35029,5.72,108.69177379,-46.84967225,-10.15,0.1,7.67,5.583,5.699
33357,4.94,104.0666214,-48.72116448,1.57,8.4,3.07,7.141,5.145
34834,4.49,108.14058722,-46.75956448,-135.6,106.79,47.22,4.878,4.533
35181,5.64,109.06446675,-46.77461104,1.64,32.07,4.71,7.495,5.801
34899,4.87,108.30571289,-45.18252474,-24.84,-88.24,17.97,4.873,4.881
35347,5.86,109.51773775,-43.98677255,-9.82,-5.56,5.25,5.715,5.833
36377,3.25,112.3078263,-43.30189129,-59.86,188.73,17.74,5.251,3.438
39184,5.87,120.20818254,-54.15129599,-26.2,8.56,4.66,5.683,5.827
39566,5.52,121.26544452,-53.1079136,2.46,-3.08,8.29,7.265,5.666
38827,3.46,119.19475729,-52.98240062,-28.38,16.76,8.43,3.243,3.427
40433,6.44,123.84695805,-50.44920558,-16.19,-6.68,4.44,8.393,6.602
40282,5.52,123.39261076,-50.19606698,21.68,-1.96,4.33,7.663,5.715
38667,6.36,118.75182427,-52.58335768,-13.58,11.49,3.25,6.345,6.358
38963,6.44,119.58946876,-51.44857837,-42.61,43.9,6.29,6.749,6.476
39035,6.35,119.80129013,-49.97686927,-5.37,7.53,2.54,6.112,6.285
39038,6.37,119.80652353,-49.97378939,-10.57,7.29,3.89,6.141,6.304
39527,5.96,121.17669801,-50.59039998,-8.61,1.7,2.4,7.502,6.088
40016,6.46,122.58571945,-49.23735993,-10.01,5.24,2.0,6.265,6.425
39919,5.66,122.28964371,-48.68440955,-10.3,-1.26,3.75,5.532,5.648
39691,6.34,121.67338693,-48.49741254,-6.95,9.78,2.38,6.101,6.298
41039,4.79,125.63207774,-48.49039742,-6.28,6.81,2.16,4.608,4.795
41616,5.33,127.26982565,-47.92893948,-7.77,6.72,1.99,7.08,7.171
41781,6.39,127.79432795,-47.86664025,-13.82,8.49,3.1,6.189,6.355
40749,6.45,124.77332023,-48.19787583,-14.37,9.39,3.96,6.267,6.419
40077,5.83,122.79501934,-48.46200365,-17.24,4.02,4.48,5.627,5.79
39970,5.23,122.4298316,-47.9372165,-6.31,9.6,3.54,4.967,5.196
38267,5.89,117.59951934,-50.5093647,-66.6,-42.5,12.59,7.306,6.024
38957,4.47,119.56018303,-49.24492865,-7.48,6.91,2.8,4.228,4.436
38500,4.63,118.26517655,-49.61307949,-8.44,14.65,4.53,4.344,4.588
39122,6.01,120.06132736,-48.98161594,-34.18,43.93,8.65,6.06,6.014
39153,6.13,120.12068883,-48.87177402,-5.97,2.57,2.16,6.006,6.105
38879,6.21,119.33365125,-47.89072855,-9.12,9.46,3.23,6.08,6.196
38518,4.22,118.32567862,-48.10294824,-4.9,5.89,1.68,4.044,4.218
38917,5.14,119.46555642,-45.57774475,-17.29,31.33,10.87,6.78,5.266
39014,5.98,119.75754809,-45.21586305,-11.58,7.92,3.03,5.793,5.948
39953,1.75,122.38314727,-47.33661177,-5.93,9.9,3.88,1.627,1.793
40285,5.14,123.40068034,-46.9916532,-10.31,10.34,3.36,4.952,5.114
40299,6.49,123.44024303,-46.57869454,-8.26,4.32,3.23,6.277,6.461
40397,6.45,123.71352105,-46.48591091,-5.24,7.94,2.45,6.235,6.414
40155,5.77,122.99988027,-46.64436989,-3.65,7.61,2.23,6.518,5.826
40183,6.0,123.12831936,-46.26430821,-5.5,9.34,4.62,5.869,6.0
39584,6.18,121.33461827,-46.97842667,-6.07,6.43,1.69,5.989,6.149
40357,5.86,123.599493,-45.83454842,-8.83,10.71,3.61,5.612,5.814
39690,5.04,121.66809949,-45.26604229,-5.28,11.0,2.63,6.985,5.198
39961,5.2,122.39967933,-44.12277919,-11.98,2.54,2.87,4.965,5.163
40160,6.48,123.02525761,-43.40045038,-5.02,4.4,0.48,8.711,6.652
40096,4.73,122.85790344,-42.98728888,-5.33,4.6,0.7,4.955,4.776
41986,6.25,128.3761528,-46.97067315,-2.89,4.78,1.65,8.281,6.417
42570,3.77,130.15656369,-46.64875492,-6.3,4.29,1.05,4.629,3.886
41905,6.49,128.16880542,-47.04213104,-13.29,9.61,5.01,8.174,6.634
41941,6.36,128.25777973,-45.75292764,-8.86,9.06,1.33,6.2,6.337
42679,5.2,130.48713962,-45.4107261,-5.9,5.02,1.21,5.434,5.255
42564,5.67,130.14690182,-45.19111481,3.36,5.01,3.43,7.827,5.864
41674,5.98,127.44022551,-46.33172799,-25.27,14.48,5.18,5.814,5.96
41737,6.3,127.66349041,-44.73733165,-9.65,4.9,1.46,6.257,6.313
41639,5.03,127.36453332,-44.72482773,-5.85,6.41,0.47,4.768,4.964
41621,5.82,127.2815535,-44.16043155,-7.39,7.5,2.04,5.627,5.811
42312,4.11,129.41100573,-42.98910371,-10.38,9.47,2.27,4.274,4.152
43209,6.43,132.03661085,-42.46346345,-13.65,7.0,1.92,6.185,6.389
43392,6.0,132.58758781,-42.08979986,-6.01,3.6,1.71,5.845,5.978
43528,6.49,132.98167158,-40.98659824,-9.48,5.78,2.93,6.353,6.472
43673,6.42,133.46151651,-40.44755087,-6.38,3.5,2.48,7.625,6.549
42884,4.05,131.09985828,-42.64932331,-23.88,19.46,14.27,5.154,4.154
43177,6.35,131.91835588,-41.7362388,-20.5,-227.68,34.55,7.051,6.411
43073,6.21,131.59905651,-41.12540265,-21.3,5.39,4.53,6.141,6.2
43325,5.47,132.41319515,-40.32015599,-9.76,-0.76,2.05,5.561,5.481
43354,6.38,132.46833118,-39.14170326,-63.91,41.13,12.82,6.669,6.407
41250,5.97,126.23839828,-42.76985034,-12.12,6.83,1.05,5.777,5.943
41323,5.45,126.46634614,-42.15310407,-16.47,13.36,4.01,5.261,5.426
41361,6.07,126.57390136,-39.05897459,-7.92,7.76,5.32,6.016,6.031
42540,5.2,130.08007139,-40.2638933,-55.93,7.66,11.63,5.186,5.203
42123,6.44,128.80200479,-39.97055528,74.22,42.6,27.53,7.145,6.509
41806,6.31,127.85291267,-39.06413261,-5.92,9.3,2.09,6.083,6.238
42001,5.92,128.41019515,-38.8488327,-21.04,7.43,3.95,5.768,5.899
41970,6.48,128.33278556,-38.3706896,-10.72,5.73,2.39,6.269,6.446
42070,6.28,128.62192854,-37.61119548,-11.49,10.84,3.3,8.426,6.532
42455,6.12,129.84255538,-36.60681885,-165.53,54.98,24.86,6.614,6.163
38089,4.69,117.08436527,-47.07753199,-101.31,-78.38,14.36,6.058,4.808
38159,5.82,117.30361005,-46.85774089,-3.32,9.67,1.7,5.634,5.797
38020,5.22,116.88129103,-46.60850937,-3.57,7.95,1.95,5.022,5.197
38164,4.1,117.30957923,-46.37322729,-4.62,9.04,1.66,3.856,4.072
38183,6.32,117.36797937,-44.75122662,-41.68,28.68,9.9,7.536,6.423
38292,6.45,117.67715212,-44.57997832,-9.9,13.61,5.81,7.59,6.555
38872,5.08,119.32679394,-44.10987569,-11.48,6.92,2.54,4.864,5.054
38732,6.02,118.94414755,-43.84505768,-12.42,1.4,3.81,5.911,6.037
37606,5.04,115.73817103,-45.17177284,-77.76,-553.41,41.43,5.995,5.131
37461,6.41,115.34051593,-44.63217873,-0.1,4.56,2.86,6.397,6.405
37823,6.02,116.32521067,-43.75255904,-9.37,-2.77,3.68,5.927,6.008
38355,6.34,117.83476239,-43.09524646,-5.41,5.88,2.06,6.113,6.311
38370,6.05,117.91817864,-42.88822205,-6.44,8.14,1.85,5.796,6.015
38846,5.36,119.2408718,-43.50042396,-10.6,5.31,2.91,5.136,5.323
39420,6.28,120.87341734,-42.94832058,-18.55,-2.68,4.18,7.555,6.389
39974,6.27,122.44875204,-42.64082338,-8.72,8.41,3.33,6.483,6.546
38845,6.09,119.24088448,-42.4065153,21.49,16.42,4.64,7.86,6.237
38925,6.46,119.47829592,-40.78436106,23.32,3.61,5.69,7.709,6.571
39360,5.52,120.68662049,-41.30986539,-6.11,15.23,6.71,5.33,5.481
39429,2.21,120.89612561,-40.00318846,-30.82,16.77,2.33,1.957,2.189
38074,6.14,117.03562523,-40.65231342,-3.35,-26.58,5.43,8.205,6.341
37664,5.12,115.92428224,-40.93332961,131.14,-171.23,15.13,6.548,5.247
38414,3.71,118.05435622,-40.57579889,-13.89,5.3,9.46,5.026,3.829
38455,4.49,118.16105542,-38.86282206,-9.49,4.02,5.09,4.265,4.462
39061,5.22,119.86843828,-39.29683773,-78.34,-43.68,17.28,5.683,5.274
37982,6.33,116.77405856,-39.33103329,-22.17,15.5,4.76,6.136,6.299
37666,6.42,115.92888042,-38.20191748,-21.41,15.59,5.62,6.258,6.395
38010,5.07,116.85416576,-38.51115599,-9.94,4.69,2.63,4.929,5.058
37915,5.87,116.54399474,-37.93370008,-19.53,12.37,5.16,5.731,5.845
37819,3.62,116.31376631,-37.96859848,-10.77,5.97,2.35,5.847,3.821
37752,5.89,116.14249707,-37.94295545,-22.23,15.72,5.36,5.741,5.866
37939,6.31,116.63937426,-37.77249301,-50.16,-31.5,5.46,8.078,6.465
38497,5.44,118.26464297,-36.36377387,-10.82,1.82,4.31,6.927,5.555
40326,4.42,123.51202967,-40.34773028,44.84,-65.79,10.5,5.924,4.555
40947,6.15,125.35075062,-39.62072962,7.33,6.47,14.89,6.365,6.176
41107,6.28,125.82055829,-38.2860638,0.59,-6.17,2.33,8.406,6.504
40091,4.44,122.83958436,-39.61855304,-8.91,3.1,1.74,6.529,4.608
39866,6.36,122.15686745,-37.68124187,-7.81,8.71,1.84,6.282,6.345
40220,6.4,123.21482669,-37.92446687,-3.9,-1.24,5.81,6.534,6.405
40706,4.44,124.6391383,-36.65953286,-111.27,100.62,35.06,4.716,4.47
40063,6.42,122.75702941,-37.29238656,-4.72,5.82,1.33,6.394,6.448
40324,6.11,123.49460507,-36.34079527,-7.21,7.69,2.2,5.874,6.06
40321,5.09,123.49299197,-36.32229977,-8.66,7.89,2.77,4.831,5.049
41939,6.36,128.24380764,-34.63404652,-18.26,3.27,7.65,7.566,6.47
40943,5.18,125.33770565,-36.48419365,-8.04,6.98,2.0,4.934,5.151
40639,6.42,124.44230214,-36.06759473,-3.44,1.51,0.76,8.41,6.676
40485,6.15,123.99511855,-35.90320668,-8.11,6.59,1.72,8.172,6.324
40678,5.59,124.57244799,-35.45170517,11.4,1.01,7.9,7.206,5.722
40787,6.44,124.87299244,-34.59014713,-8.88,4.31,4.0,6.333,6.425
41515,5.75,126.99760675,-35.11378822,-6.91,11.03,3.26,5.546,5.721
39251,5.9,120.40636615,-37.28373201,-2.31,4.97,5.48,6.099,5.923
39299,6.31,120.52554892,-37.05007505,3.44,13.11,3.96,8.41,6.525
40274,4.78,123.37301019,-35.89954225,-7.3,10.07,3.33,4.608,4.758
40344,5.77,123.55537215,-35.49007215,-46.16,21.91,14.38,7.101,5.888
39920,6.21,122.29245558,-35.45504736,-0.44,13.41,8.37,7.336,6.312
38593,5.48,118.54588048,-35.87729557,-3.88,3.41,4.07,5.241,5.444
39617,6.15,121.43704092,-33.56944572,-7.62,4.24,0.96,7.527,6.25
40291,6.38,123.4210439,-33.56955241,33.76,9.96,8.65,7.874,6.505
40945,4.83,125.34597645,-33.05437199,-11.31,2.38,3.89,6.721,4.985
39487,5.25,121.06747264,-32.67484684,-5.31,7.48,1.39,7.676,5.448
40341,6.07,123.54599673,-32.14072755,-7.01,6.79,2.07,5.855,6.039
40476,6.22,123.96905389,-30.92591456,-49.71,-12.32,9.34,7.398,6.438
28484,5.65,90.20499138,-51.21655276,-29.72,95.95,15.82,5.907,5.684
30591,5.76,96.43189775,-48.17684903,-3.81,-20.28,4.83,5.697,5.771
30953,5.28,97.45469519,-50.23895882,-67.56,-51.83,19.33,5.688,5.252
31765,5.05,99.65680209,-48.22023129,3.92,19.83,7.48,6.295,5.139
29185,6.48,92.34764312,-49.56301376,-10.68,74.96,16.63,7.068,6.543
31685,3.17,99.44029869,-43.19592394,-0.43,-3.99,7.71,3.051,3.161
32765,5.14,102.47757095,-46.61547007,-0.56,374.38,39.66,5.679,5.199
33590,6.23,104.67392127,-45.76758269,-13.64,-4.09,7.68,6.223,6.211
34065,5.56,105.98916816,-43.60898397,-102.7,388.95,61.54,6.291,5.606
33909,6.44,105.56449056,-43.40386918,1.81,-0.31,7.99,6.393,6.431
34922,4.42,108.38429537,-44.64052957,107.12,325.32,16.46,6.223,4.663
35054,5.95,108.73812657,-41.42641755,3.39,9.56,5.91,5.752,5.919
34802,5.3,108.06592133,-40.49877843,-18.85,-12.36,7.51,5.39,5.31
35393,5.24,109.63966607,-39.21030701,-9.95,9.01,6.95,5.28,5.252
33015,6.47,103.19640231,-43.97560689,2.36,5.37,7.69,6.337,6.454
33189,6.32,103.61118619,-42.36561926,-1.28,19.62,2.39,9.492,6.619
34081,5.2,106.01169961,-42.33745341,-18.14,71.48,10.34,5.461,5.232
34339,5.8,106.77952459,-40.8932956,-10.62,11.3,3.87,5.582,5.765
34495,4.83,107.21281817,-39.65567374,-10.97,7.01,4.34,4.606,4.796
35202,5.81,109.13273708,-38.31894033,-7.91,4.93,4.8,5.623,5.782
34253,6.09,106.5094179,-38.38288828,6.64,14.23,4.94,6.954,6.169
29304,6.28,92.66636995,-45.28200681,-1.09,7.78,4.92,6.264,6.279
28988,6.48,91.75760748,-45.09162196,79.69,46.17,8.76,7.987,6.603
28764,6.35,91.11878029,-45.03720225,-82.08,246.35,37.46,6.965,6.398
28790,5.93,91.16736258,-45.07954967,-79.98,254.28,37.01,6.473,5.942
29129,6.26,92.14431962,-44.35622833,-9.74,6.65,4.34,6.077,6.232
31603,6.36,99.21364301,-41.55715503,1.28,5.62,1.93,7.808,6.473
30849,6.32,97.17664773,-41.07491108,39.62,13.94,12.37,6.771,6.366
31056,6.19,97.74958026,-40.9162799,-6.07,10.85,5.61,8.021,6.338
28957,6.15,91.67111635,-42.29879701,-34.68,-2.92,10.13,6.449,6.187
29064,5.5,91.97028171,-42.1540013,-11.08,-17.37,12.48,5.506,5.499
29263,5.54,92.54341638,-40.35396993,-20.93,73.14,3.82,7.719,5.754
30505,6.3,96.18541147,-40.28397042,-2.61,-3.67,6.24,6.239,6.288
31241,6.44,98.29266641,-38.62514452,-0.98,-18.54,6.93,7.691,6.536
30706,6.48,96.78160751,-37.89561574,-1.38,44.75,20.09,6.931,6.528
29808,6.0,94.14833028,-39.26434877,-15.33,-18.78,8.35,6.196,6.018
29842,5.54,94.25512509,-37.7376495,1.35,83.91,10.78,7.002,5.661
29852,5.88,94.28988535,-37.25344284,-5.51,-22.63,16.1,6.059,5.895
30444,5.62,96.0042457,-36.70789674,-12.79,54.66,10.58,6.929,5.735
32007,6.16,100.30905681,-40.34987312,-5.68,10.64,3.08,5.952,6.122
32208,6.3,100.84731179,-39.19308157,-2.92,-15.13,5.94,6.617,6.318
32091,6.28,100.56829883,-38.39879925,-15.02,3.33,10.95,6.652,6.281
31617,6.03,99.25787432,-38.14661562,-1.52,45.24,7.52,7.373,6.15
32537,5.27,101.83919491,-37.92967246,-9.92,-10.57,9.85,5.16,5.251
32434,6.19,101.55064809,-37.77534788,-8.48,9.51,2.25,6.045,6.181
33451,6.23,104.32338804,-35.50720085,-40.38,19.58,23.15,6.772,6.281
32938,5.94,102.92687429,-36.230126,-40.47,-59.14,18.14,6.172,5.967
32855,4.99,102.71812209,-34.36732059,4.52,0.85,3.6,6.801,5.149
33394,6.27,104.19043191,-35.34134788,-2.37,5.52,5.06,7.931,6.416
33558,5.07,104.60460729,-34.11172588,-16.54,7.15,4.29,4.867,5.043
31165,5.25,98.08888798,-37.69651376,73.3,-77.42,11.95,6.503,5.36
31637,5.72,99.30767433,-36.99068388,-9.85,13.59,1.97,5.576,5.705
31457,5.59,98.85093436,-36.77993005,-8.31,20.82,5.62,5.585,5.759
31099,6.26,97.89561314,-36.94019636,1.54,69.73,3.5,8.359,6.474
31299,5.42,98.45621385,-36.23226731,-15.31,97.95,8.02,7.257,5.572
31509,6.36,98.97530182,-36.08845467,-59.85,-73.04,24.83,6.935,6.42
31072,5.82,97.80457202,-35.25886111,-2.48,8.55,4.02,6.832,5.915
30566,6.24,96.37502195,-35.0640411,0.11,-46.15,6.44,8.015,6.405
32759,3.5,102.46027285,-32.50848752,-9.18,4.04,4.13,3.37,3.503
32810,5.74,102.597291,-31.70609416,-1.7,15.12,4.54,5.856,5.752
31362,5.62,98.64720407,-32.71626113,3.18,2.7,6.7,5.513,5.602
31688,5.25,99.44809882,-32.33989066,108.96,64.13,8.24,6.783,5.387
32366,5.92,101.34616795,-31.79292174,-204.91,-304.13,41.2,6.5,5.977
32385,5.62,101.37996161,-30.94899076,-3.11,4.2,2.06,5.415,5.573
32292,5.23,101.11862078,-31.07053787,-3.04,6.24,1.25,5.061,5.209
36728,6.27,113.30487698,-40.05853613,-15.99,5.72,4.85,6.105,6.239
37202,6.2,114.63552537,-38.78140103,17.02,-35.32,8.29,7.5,6.307
37297,4.84,114.86397492,-38.3080602,-21.35,16.03,5.68,4.611,4.808
37128,6.38,114.43762447,-38.01057175,-12.05,60.26,5.76,8.319,6.553
36363,5.41,112.27379583,-38.8121049,-21.01,16.42,5.86,5.204,5.376
35960,6.14,111.19735096,-37.29126075,-13.16,27.81,4.7,6.418,6.133
37450,5.41,115.31595047,-38.53357185,-20.74,16.34,5.28,5.233,5.384
37329,5.76,114.94951052,-38.26067563,-10.37,9.71,2.92,5.661,5.744
37322,5.73,114.93262285,-38.1393281,-22.54,16.9,5.33,5.591,5.732
37345,5.99,114.99163231,-37.57941274,-1.41,-3.89,2.41,5.939,5.999
37223,5.78,114.68293452,-36.49684165,-6.84,4.84,3.38,5.584,5.754
37996,6.46,116.81091375,-36.07366604,-34.73,27.05,7.61,7.844,6.572
38167,5.94,117.31105571,-35.24330796,-6.14,8.88,6.82,5.868,5.928
37710,5.8,116.04059732,-36.06271326,-79.39,85.83,22.99,6.172,5.835
37623,5.6,115.7999923,-36.050124,-21.14,14.17,5.45,5.421,5.572
36778,5.42,113.46270622,-36.33840157,-8.59,4.11,2.56,5.296,5.405
36657,6.35,113.09283885,-35.96119858,-13.83,4.24,4.41,6.237,6.341
37096,4.53,114.34216663,-34.96857044,-13.65,16.53,9.1,4.427,4.517
37853,5.36,116.39657467,-34.17655092,-220.83,1722.89,65.79,,
35264,2.71,109.28568399,-37.09748689,-10.57,7.0,2.98,4.812,2.901
35363,4.65,109.57667037,-36.7339666,-11.29,1.85,3.85,4.55,4.686
35406,5.11,109.65913632,-36.74274935,-10.15,5.9,3.9,4.894,5.072
35226,5.03,109.20589876,-36.59264813,-10.39,6.21,3.4,4.806,4.993
35893,6.32,110.99309051,-35.83786094,-9.57,15.37,4.68,6.13,6.287
34817,5.94,108.10762542,-36.54439953,-9.76,7.48,3.61,5.831,6.001
35463,6.31,109.80706646,-33.727146,-15.28,-8.44,4.44,8.007,6.456
36143,5.9,111.67696453,-34.14070792,-8.1,6.36,3.35,5.694,5.868
36807,6.11,113.55360344,-33.46358395,-55.92,63.25,11.37,6.462,6.143
35855,5.41,110.88291983,-32.20207858,-7.85,4.55,2.82,5.18,5.372
35795,5.4,110.75292901,-31.92379021,-8.54,3.73,2.28,5.202,5.389
36045,6.32,111.42910652,-31.7387318,-8.83,4.62,3.3,6.082,6.278
35957,5.35,111.18278416,-31.80892621,-21.37,8.73,5.91,6.714,5.458
36345,5.95,112.21316505,-31.84841156,-11.55,4.4,5.6,5.714,5.895
36362,5.78,112.27050532,-31.45622952,-10.44,5.47,2.85,5.531,5.743
36514,4.65,112.67754202,-30.96228313,-11.74,0.84,1.86,5.8,4.743
38635,6.14,118.66636484,-34.84668366,-16.0,-11.96,4.81,8.151,6.315
38423,5.01,118.06584635,-34.70602121,-198.24,238.13,55.48,5.606,5.104
38200,5.61,117.39761883,-33.28895425,-37.43,1.79,4.72,7.697,5.79
38686,6.45,118.80777774,-30.91771061,-25.93,27.6,2.52,8.364,6.61
39380,5.83,120.76737445,-32.46357097,-13.05,9.61,6.29,7.407,5.947
38901,4.76,119.41713237,-30.33458703,-8.11,7.14,2.26,4.966,4.804
38792,6.28,119.09468059,-30.28453466,-1.53,-14.44,2.67,8.296,6.561
37677,3.94,115.95196716,-28.9548352,-4.57,3.88,-0.37,4.16,3.993
37648,4.63,115.88498187,-28.41095714,-13.62,29.79,3.34,6.756,4.805
38070,4.4,117.02156206,-25.93718054,-10.22,4.92,1.32,4.372,4.479
34200,6.15,106.38353593,-34.77779761,-41.16,40.13,17.96,6.536,6.148
33774,6.39,105.20724583,-33.4657203,13.13,78.19,7.8,7.739,6.516
34248,6.34,106.50205197,-30.6557289,-8.22,7.41,3.93,6.159,6.311
35241,6.3,109.2383968,-30.89694595,2.31,-27.21,6.78,6.552,6.318
35904,2.45,111.02377104,-29.30311979,-3.76,6.66,1.02,2.398,2.451
35083,5.36,108.83783435,-30.68647453,-13.01,11.43,5.05,5.145,5.325
34782,6.1,108.01716282,-30.82142072,-43.6,23.11,21.02,6.416,6.123
34954,6.32,108.48891963,-30.33980156,-4.15,4.33,2.25,6.069,6.285
35205,4.66,109.14583928,-27.88127313,-12.48,38.83,7.2,6.724,4.857
33330,6.36,103.97824254,-31.7901956,-8.17,6.67,2.3,6.162,6.327
33591,6.41,104.68210351,-30.99805276,-10.74,6.63,4.23,6.216,6.375
33579,1.5,104.65644451,-28.97208931,2.63,2.29,7.57,1.35,1.5
33760,6.28,105.177198,-28.48947369,-23.42,-41.48,14.67,6.822,6.337
33094,6.05,103.3906464,-28.53872019,282.83,-441.94,38.77,6.92,6.12
34924,6.12,108.40188094,-27.35637407,-3.22,5.79,0.63,5.802,6.072
35044,5.58,108.7132841,-27.03792355,-40.79,-29.65,11.96,7.177,5.722
34624,5.46,107.5805277,-27.4915246,-9.4,1.87,5.07,6.711,5.561
35037,4.01,108.70275679,-26.77268601,-11.5,7.67,3.53,3.826,4.011
34981,4.42,108.56340179,-26.35251617,-6.58,3.89,2.07,4.191,4.415
33856,3.49,105.42979876,-27.93484165,-6.01,4.64,2.68,5.743,3.675
33492,6.22,104.42765274,-27.53752364,-8.99,7.6,3.2,6.019,6.195
33532,6.36,104.53147991,-27.16439185,-2.5,4.26,2.24,6.114,6.325
34444,1.83,107.09785853,-26.39320776,-2.75,3.33,1.82,2.704,1.913
34798,5.91,108.0509095,-25.94260947,-5.28,8.62,4.54,5.69,5.878
34579,5.69,107.42928078,-25.23104384,-4.94,3.95,1.78,5.473,5.659
34318,6.09,106.71868219,-24.96058078,-12.51,3.76,3.36,7.826,6.235
36258,5.55,111.99653073,-29.1559018,-10.12,2.32,4.84,5.482,5.539
36917,4.65,113.8455718,-28.36927798,-66.9,-18.71,14.5,4.508,4.628
37293,6.5,114.86243597,-26.86309474,-3.96,-3.19,3.98,6.368,6.478
37229,3.8,114.70783872,-26.8038924,-17.0,23.08,7.18,3.608,3.771
36848,5.78,113.64510631,-27.01244868,-46.86,71.46,10.41,7.096,5.89
35848,5.37,110.87072892,-27.83428348,26.39,-4.14,5.94,7.381,5.542
36264,6.26,112.00800583,-26.838996,11.75,9.03,4.91,8.253,6.435
35611,6.0,110.22882941,-26.9638516,-4.97,5.63,1.81,5.77,5.966
37590,5.64,115.70064325,-26.35125398,-2.51,-29.55,9.79,6.892,5.739
37173,4.69,114.57519746,-25.36478805,-2.28,-6.7,5.92,4.558,4.668
38146,5.32,117.2570691,-24.91224336,-34.68,14.71,10.16,6.235,5.399
38170,3.34,117.32357809,-24.85978401,-5.56,-0.71,2.42,4.925,3.468
38316,6.43,117.75034183,-24.52848631,-2.86,-29.17,6.46,6.434,6.439
37751,5.62,116.14238612,-24.67409186,-4.27,5.23,1.75,5.353,5.578
36721,5.84,113.29074012,-24.71078019,-1.83,20.07,10.66,6.044,5.864
37089,6.34,114.32055484,-23.77541233,-5.45,5.48,0.08,6.989,6.428
37465,6.16,115.34802203,-22.33675243,3.95,12.85,3.79,8.29,6.372
35427,5.29,109.71366298,-26.58587077,-7.77,6.7,2.41,6.512,5.395
35326,6.45,109.45005353,-26.79755949,-0.73,1.56,3.54,6.242,6.416
35626,5.87,110.26808505,-25.89167605,-11.92,13.44,4.51,7.966,6.075
35415,4.37,109.67703283,-24.95438447,-1.82,3.74,1.02,4.185,4.373
36024,5.79,111.35530599,-25.2177645,-8.66,-0.89,1.01,5.651,5.77
35412,4.88,109.66825335,-24.55870761,-2.84,2.68,1.09,4.7,4.887
35132,6.34,108.9471038,-23.74031161,-14.06,12.83,3.58,6.321,6.336
35210,4.83,109.153487,-23.31560155,-4.91,3.01,0.52,7.05,5.019
35213,6.02,109.15990595,-23.3110532,-33.67,46.62,12.66,6.312,5.983
36817,5.06,113.57780754,-23.47366319,-88.67,0.97,34.41,5.584,5.1
36168,5.65,111.74786303,-23.08603328,-6.65,4.04,2.3,5.437,5.591
36236,5.98,111.92891065,-22.85919757,-1.28,-0.42,3.7,5.855,5.957
36431,4.85,112.4642256,-23.02429924,-2.65,4.94,1.01,5.127,4.884
36986,6.4,114.030921,-22.16047711,-15.8,-11.47,4.72,7.632,6.504
36795,4.44,113.51335813,-22.29618077,-40.38,46.84,38.91,5.068,4.508
35920,6.2,111.07182051,-22.91276481,-4.42,2.79,5.0,6.081,6.192
36017,6.04,111.33323471,-21.98259839,-1.61,2.98,1.03,6.321,6.069
44191,4.45,135.02266724,-41.25373789,-40.67,54.59,16.19,5.245,4.532
44367,6.25,135.52675733,-39.40225721,-41.54,38.38,9.13,7.517,6.356
43603,5.79,133.20008562,-38.72413106,-3.06,18.39,3.72,7.802,5.99
45386,5.85,138.73819127,-37.60236629,4.08,-12.26,5.2,6.89,5.95
45448,4.63,138.93778941,-37.41312644,13.85,-7.26,19.69,5.172,4.682
42923,5.74,131.21638717,-37.1472599,-8.27,4.27,2.28,5.552,5.711
43590,6.41,133.1612556,-36.54533685,-7.92,-2.17,3.07,7.062,6.474
42775,6.42,130.73752724,-35.94334976,-10.54,20.21,7.43,6.448,6.422
42515,3.97,130.02556894,-35.30830091,9.68,-21.18,8.4,5.138,4.068
43114,6.33,131.70520725,-34.62295882,-12.82,5.77,3.64,6.161,6.309
43352,5.19,132.46458755,-32.78040797,-1.86,-48.22,14.26,6.297,5.294
43573,6.49,133.1089359,-32.50930296,-11.92,-8.01,4.04,8.377,6.639
45754,6.4,139.94976336,-34.10331577,-12.79,-9.72,4.79,6.277,6.378
46657,5.75,142.69200638,-31.88917107,24.54,-20.88,8.76,5.795,5.729
46734,5.91,142.88413622,-31.87183113,-49.22,-0.09,8.71,6.234,5.943
46810,6.43,143.07685571,-28.62787596,-88.84,43.79,13.3,6.834,6.467
45001,5.59,137.48504809,-30.36528248,-2.15,-48.86,15.35,5.823,5.62
45249,6.38,138.33972458,-29.66442214,25.2,21.72,3.38,8.493,6.565
46026,4.71,140.80140137,-28.83392305,-128.65,20.58,17.92,5.872,4.823
46329,6.12,141.68714002,-28.78768232,-19.44,-5.62,2.05,5.991,6.097
46578,5.49,142.47716139,-26.58961727,-22.42,0.69,4.27,7.25,5.641
45902,4.71,140.37332838,-25.96541642,-12.28,-9.2,6.25,6.88,4.906
42828,3.68,130.89811451,-33.18641133,-14.28,10.6,3.86,3.459,3.657
42075,6.41,128.63313216,-32.59839612,-10.74,-143.01,15.93,7.348,6.501
41723,5.61,127.61924898,-32.15928753,-12.67,0.97,2.73,7.584,5.779
41926,6.38,128.21774079,-31.50270424,-1113.64,761.73,82.15,7.355,6.469
42483,4.86,129.92704475,-29.56086189,-25.41,-91.25,13.83,6.008,4.979
43370,5.86,132.50934024,-29.46301021,-15.79,5.43,3.47,7.055,5.971
43394,6.17,132.59020878,-28.61760308,-19.8,-6.55,8.87,6.092,6.157
43215,6.42,132.06097234,-28.63877951,-10.55,-8.43,4.23,8.268,6.669
43409,4.02,132.63338051,-27.71005869,-133.49,88.16,15.63,5.674,4.162
41449,6.33,126.81847379,-31.67272366,-22.65,-4.34,4.76,7.458,6.428
40656,6.43,124.49275494,-30.00370618,30.08,3.81,6.99,7.764,6.539
42071,6.4,128.62386686,-27.09819859,-37.72,15.41,3.15,8.282,6.57
42147,5.95,128.86967445,-26.84353277,-31.26,18.68,3.89,6.395,5.993
42334,5.24,129.46736838,-26.25497008,-23.44,-12.23,13.49,5.203,5.239
44130,6.24,134.81604453,-28.80607879,-43.82,25.19,6.91,7.515,6.348
44887,6.15,137.18150569,-26.76762631,-44.69,11.59,8.74,6.364,6.173
43825,4.87,133.8813149,-27.68162589,83.0,-100.92,14.4,5.04,4.892
44290,6.2,135.29751141,-26.66358657,26.55,-53.48,8.37,7.677,6.327
44824,4.62,137.01190516,-25.85853691,35.83,0.49,6.69,6.669,4.793
43002,6.07,131.45541393,-25.38810636,-26.32,7.64,9.14,6.182,6.075
43853,6.39,133.98305637,-23.8184137,-46.96,45.55,14.24,6.58,6.403
47758,4.78,146.05054261,-27.76956287,-53.06,37.76,8.49,5.418,4.85
48468,6.28,148.24254341,-27.33240371,-278.14,95.43,17.51,7.039,6.361
48763,6.27,149.19538618,-26.54974395,-77.4,29.7,14.39,6.533,6.306
48559,4.87,148.55182725,-25.93248205,-183.95,56.56,9.71,6.476,5.01
49339,5.7,151.08756962,-24.28559599,-117.3,25.29,12.76,6.06,5.744
48943,6.11,149.77633,-23.95078326,-23.22,5.3,5.19,6.035,6.143
48584,6.23,148.63262827,-22.48745326,-26.01,-1.32,7.13,6.282,6.231
47187,5.68,144.25103185,-25.29684739,-62.6,36.18,11.14,7.13,5.807
46569,6.26,142.45781856,-23.3453398,-3.86,-1.1,1.98,8.286,6.429
46897,5.92,143.35873201,-22.86401784,-70.04,55.27,10.98,5.948,5.914
47592,4.93,145.56113137,-23.91620867,-399.23,263.18,67.19,5.563,4.982
47522,4.76,145.32094152,-23.59152139,-29.14,3.02,6.56,4.597,4.741
50790,6.12,155.55399807,-19.86659301,-34.74,9.19,4.63,6.163,6.126
50013,6.45,153.15873787,-19.15280764,-219.02,-95.75,23.75,7.06,6.512
50693,6.5,155.28324051,-17.98488815,-30.52,-29.14,17.24,6.965,6.549
48615,4.94,148.71765461,-19.00926985,-46.09,-37.04,4.62,6.975,5.113
49321,6.3,151.01178567,-18.10141491,-27.28,3.65,6.83,6.159,6.224
49569,5.59,151.78954048,-17.14159635,15.41,-56.22,9.5,7.533,5.754
49689,6.25,152.14769563,-15.61194678,-37.47,3.13,5.64,6.239,6.248
46371,4.72,141.82623904,-22.3434176,171.66,-150.17,18.53,6.217,4.855
46880,5.02,143.3019688,-21.11575904,-20.19,15.09,9.76,6.311,5.116
46511,5.66,142.30272565,-20.74914438,-19.14,6.94,3.57,7.742,5.83
47070,6.33,143.89091178,-19.583308,-27.84,-35.48,11.5,6.414,6.337
46813,5.74,143.08512296,-19.40032613,-33.68,9.3,9.28,5.911,5.76
45158,5.72,137.99487892,-19.74774055,-55.93,46.45,10.85,6.95,5.828
44923,5.73,137.26770246,-18.32859911,-63.2,20.86,12.52,5.74,5.726
45743,5.79,139.88796486,-15.83453443,36.93,-52.86,8.14,7.482,5.95
45854,6.3,140.23106538,-15.61756661,70.22,-106.79,20.69,6.86,6.368
48396,6.08,147.99802681,-16.53461116,13.18,-67.52,8.26,7.385,6.189
48356,4.11,147.86951033,-14.84654997,18.68,-21.88,11.92,5.289,4.214
46618,5.86,142.59391346,-15.57719292,-92.37,-65.37,13.11,7.41,5.985
47452,5.07,145.07657975,-14.33224542,-26.32,-19.25,6.33,4.876,5.032
46859,5.95,143.23241315,-13.51680632,-8.27,1.09,3.96,7.91,6.125
48375,6.48,147.92165514,-11.34040999,31.7,-39.82,3.15,8.599,6.688
47454,6.37,145.08364165,-10.76918307,-8.44,-0.66,3.89,6.469,6.371
41074,5.88,125.70808174,-26.34823475,-5.06,6.2,-0.06,6.342,5.927
41949,6.19,128.27019048,-24.60689225,2.48,-28.03,12.78,6.526,6.244
41260,5.32,126.26565742,-24.04626227,-28.98,20.49,6.44,7.271,5.47
41572,6.5,127.15024049,-23.07098606,-30.13,1.96,6.28,6.57,6.504
41242,5.67,126.22998546,-23.15381698,-26.59,29.66,5.17,5.745,5.679
39514,6.35,121.13603787,-25.69969807,-16.32,-16.01,3.96,8.26,6.507
39757,2.83,121.88625899,-24.30443677,-83.29,46.38,51.99,3.361,2.874
39023,5.09,119.77384363,-23.31040264,-11.74,2.75,4.15,6.513,5.213
40876,6.12,125.1139952,-22.92467992,-16.72,0.15,4.58,7.437,6.232
42430,5.05,129.78362446,-22.6629058,-268.26,424.08,50.2,5.998,5.172
42928,6.1,131.22984766,-21.16783642,-24.66,4.12,12.78,6.34,6.129
42394,6.32,129.66786125,-19.73690927,9.68,2.22,3.6,8.319,6.486
43338,6.48,132.43724727,-21.04830272,4.84,-56.61,12.47,6.778,6.509
41282,6.01,126.3292623,-21.04610608,-34.39,61.85,29.46,6.485,6.045
41817,5.42,127.87893332,-19.57743956,-33.24,-9.14,8.56,5.346,5.409
40944,5.58,125.33843502,-20.07901245,-2.58,-18.81,7.25,6.542,5.661
41306,6.44,126.41403707,-17.43940312,-11.58,-0.7,4.67,8.038,6.573
43152,6.48,131.83948881,-17.05285288,-12.09,-10.38,4.28,7.333,6.572
42662,4.87,130.43055822,-15.94314865,3.54,-96.82,15.98,6.231,4.985
38835,4.2,119.21482616,-22.88014849,-29.61,12.28,6.49,5.084,4.277
37995,5.9,116.80232686,-22.51953536,-7.61,10.34,3.3,5.657,5.865
38375,5.62,117.92939105,-21.17374245,-45.76,33.27,11.9,6.833,5.719
39734,5.33,121.82519225,-20.55434589,-10.36,1.65,2.67,5.456,5.354
39524,6.12,121.17258828,-19.72815612,-5.35,3.36,2.07,5.904,6.08
39876,6.37,122.18159545,-20.36317828,-7.25,2.25,2.25,6.542,6.395
39906,4.4,122.2568477,-19.24500094,-9.97,-5.46,6.9,4.207,4.375
39095,4.61,119.96689649,-18.39914242,-7.29,-35.07,13.69,4.722,4.622
38209,6.49,117.4199956,-19.50548358,-59.12,-14.15,7.82,8.099,6.634
38246,6.11,117.52364147,-19.52356224,-7.6,5.81,1.74,7.749,6.242
37364,5.92,115.05638028,-19.66089028,-3.67,11.85,4.53,7.425,6.054
37036,5.69,114.17099481,-19.70235325,-8.12,6.2,1.92,5.477,5.675
36732,5.64,113.33145749,-19.41235409,24.1,-70.23,11.15,7.093,5.757
38211,5.17,117.42153403,-17.228123,54.17,-117.17,12.87,6.859,5.318
38037,6.38,116.93838574,-16.01448125,-7.78,-0.76,1.36,8.648,6.598
38031,6.31,116.91053163,-15.99069738,-1.61,3.64,1.43,8.695,6.527
38427,5.69,118.07868058,-14.84617833,-7.73,1.34,2.75,6.141,5.733
40990,5.71,125.47776027,-17.58630046,-92.42,-13.93,11.4,7.066,5.831
39730,6.5,121.8168054,-17.36880923,-45.53,26.72,5.12,8.133,6.653
39943,5.66,122.36891634,-16.24890678,-8.83,-6.19,3.54,5.451,5.629
40604,6.32,124.34641379,-16.28509282,-11.8,-7.68,3.8,6.376,6.313
40259,4.99,123.33322933,-15.78821451,-11.52,-2.85,2.65,6.349,5.109
41328,5.96,126.48165253,-14.9297554,-10.96,38.68,9.79,6.165,5.978
41893,6.38,128.13912451,-15.03019733,-48.98,22.21,14.1,6.706,6.417
41067,6.13,125.69529395,-13.05467864,-39.54,-47.09,7.93,7.397,6.222
41395,5.52,126.67502883,-12.53453988,-92.03,-25.69,12.17,7.031,5.645
40035,5.53,122.66656902,-13.79934746,-250.56,57.68,44.47,6.112,5.585
40084,4.72,122.81800545,-12.92701835,-26.04,8.08,17.64,5.922,4.825
40693,5.95,124.5990846,-12.62976955,279.3,-989.03,79.48,6.917,6.035
39898,6.31,122.23689529,-11.33964517,-14.8,-2.04,4.47,6.315,6.304
44162,6.19,134.91641417,-19.20779957,-39.91,-97.39,25.28,6.727,6.237
43798,5.75,133.80174626,-18.24120659,17.87,7.11,7.67,7.487,5.894
43899,5.95,134.14221654,-16.70868242,-8.89,-27.02,4.42,7.947,6.125
43623,6.43,133.27227715,-16.95234812,-52.57,-50.74,7.81,7.813,6.542
44075,5.8,134.68243659,-16.13324587,244.35,213.46,46.9,6.427,5.871
43850,6.47,133.97702167,-15.43943077,4.46,-43.44,4.01,8.293,6.627
44888,6.48,137.18549628,-16.2771575,5.35,-67.22,8.28,7.899,6.605
45424,6.32,138.85397891,-15.02486672,-11.01,-17.01,9.38,6.334,6.321
45559,5.83,139.28221716,-14.57405765,-17.27,-4.63,8.37,7.187,5.953
45305,6.46,138.51289243,-14.69480209,-7.1,-16.33,5.75,7.686,6.574
43580,6.12,133.12810256,-13.23294424,29.11,0.9,9.65,7.596,6.241
43067,4.32,131.5938644,-13.54770494,17.57,-6.22,14.38,5.454,4.418
44936,5.76,137.29792608,-12.35770752,20.75,0.61,7.09,6.939,5.873
45751,4.77,139.94332821,-11.97488214,-27.92,12.16,10.2,5.957,4.88
45543,6.45,139.23772305,-11.10294324,-7.63,-69.25,8.86,7.963,6.578
46744,6.13,142.91236818,-10.55196998,33.05,-17.67,18.43,6.446,6.169
46768,6.12,142.98237229,-10.37039237,-101.93,20.93,9.1,7.652,6.254
47427,6.31,144.94759513,-10.57028535,-20.54,6.08,2.97,6.284,6.317
47249,6.4,144.46475673,-9.42446525,-61.73,7.72,8.7,6.355,6.388
46390,1.99,141.8968826,-8.65868335,-14.49,33.25,18.4,3.904,2.161
46869,6.12,143.25832855,-8.5052899,-43.8,-34.6,8.3,7.342,6.228
45811,4.8,140.12094162,-9.55562948,-13.42,-26.8,13.39,5.994,4.915
45526,5.49,139.17240336,-8.74475953,-15.94,0.02,4.73,5.384,5.463
44961,5.47,137.39824927,-8.78763061,-17.77,-7.05,5.08,6.738,5.573
44883,5.6,137.1758002,-8.58951324,-21.2,-4.42,3.63,5.535,5.603
46893,6.25,143.33309223,-7.1901482,-62.19,-23.11,7.75,7.765,6.381
46404,5.38,141.9454878,-6.07102871,-232.83,-65.21,32.01,6.171,5.455
45184,6.1,138.10856189,-7.10987965,-19.81,21.56,12.1,6.385,6.137
45527,5.24,139.17384091,-6.35315487,24.94,4.27,11.7,6.765,5.365
42509,4.98,130.00633068,-12.47537441,-79.88,0.93,7.78,6.826,5.139
42701,6.46,130.5409578,-11.96597346,-27.96,-14.4,8.6,6.653,6.473
43035,6.22,131.52871402,-11.00680266,-29.59,14.41,0.85,8.349,6.418
41597,6.01,127.21252354,-9.74859459,-4.28,5.01,3.31,6.508,6.049
40766,6.31,124.81294976,-10.16584342,-44.81,36.9,9.24,6.714,6.343
41547,6.43,127.08241484,-8.81618099,15.32,-40.77,3.84,7.966,6.558
42146,5.72,128.86754708,-7.98233083,-21.98,16.14,12.15,5.712,5.721
42835,4.63,130.91825129,-7.23372781,-11.68,-1.05,5.4,5.669,4.727
42299,6.18,129.36322721,-4.93401252,-2.25,5.56,8.34,7.512,6.292
43822,6.07,133.87335197,-7.97108917,7.71,-26.34,10.24,6.939,6.702
43496,5.55,132.89349889,-7.17721266,-48.79,-5.34,6.68,5.753,5.583
43204,6.09,132.02028845,-6.55876125,13.95,-32.15,4.89,7.749,6.236
43726,6.01,133.5757901,-5.43453346,-413.14,30.44,58.5,6.829,6.077
43305,5.3,132.34057358,-3.44297063,-19.57,-21.7,7.45,5.189,5.282
44356,5.64,135.49173102,-0.48284175,-46.67,69.24,5.32,7.136,5.762
75736,6.49,232.08618345,-88.13281448,-88.78,-80.65,15.54,6.843,6.524
74296,5.88,227.78664063,-84.78782184,3.22,4.03,10.24,5.834,5.871
83255,6.05,255.24350817,-86.36429709,8.21,0.0,5.45,6.1,6.051
76996,5.57,235.81708657,-84.46550807,137.01,96.74,15.02,5.717,5.587
60638,6.32,186.40949088,-86.15059684,-4.91,-6.56,4.26,7.688,6.447
66753,5.56,205.23406365,-85.78599228,-87.65,-21.03,12.71,5.78,5.581
58697,6.05,180.58615049,-85.63176087,-56.44,1.55,9.74,7.696,6.163
63031,5.45,193.7431157,-85.12342237,67.47,22.11,8.79,6.74,5.574
70638,4.31,216.73225313,-83.66785308,-95.79,-12.91,11.7,6.017,4.457
70418,6.42,216.0924058,-82.84822332,-22.64,-10.97,3.7,6.417,6.42
68009,5.95,208.91245413,-82.66613365,-25.06,-23.27,3.74,7.8,6.111
73540,5.65,225.46126796,-83.22777573,18.65,53.3,8.39,6.871,5.755
73771,5.65,226.19567959,-83.03826851,-8.65,-17.65,1.88,7.302,5.788
69896,4.89,214.55821047,-81.00760147,-19.95,-65.39,23.36,5.195,4.925
72370,3.83,221.96552567,-79.04471242,-5.67,-15.75,7.93,5.697,3.98
85760,5.83,262.8644714,-80.85902834,-2.27,-43.34,4.02,7.963,6.056
81065,3.86,248.36443409,-78.89695917,-125.68,-77.59,20.44,5.033,3.968
81852,4.23,250.7725818,-77.51657182,-282.83,-355.03,20.69,5.602,4.352
80047,4.68,245.08681283,-78.69565609,-9.91,-36.59,4.26,6.801,4.926
80057,5.27,245.11193231,-78.66742066,-1.67,-30.98,4.92,7.122,5.428
78360,6.4,239.97974391,-78.02709871,-1.68,-73.47,11.82,6.869,6.46
76664,6.19,234.82757495,-77.91768742,-79.59,-130.26,9.61,7.784,6.33
76877,5.95,235.47793121,-76.08186451,-8.2,-38.98,8.65,5.898,5.938
64951,6.34,199.70140385,-79.97596131,-18.11,-22.9,7.35,6.313,6.329
70248,5.06,215.5966542,-80.108911,-10.89,-14.13,5.92,4.914,5.04
71870,6.34,220.49900623,-77.0114221,-21.07,-12.15,5.51,6.305,6.336
68431,6.09,210.13689131,-78.58995932,-14.19,-9.03,4.48,6.09,6.087
69778,6.48,214.22985498,-77.6642146,-5.86,-2.87,1.38,8.275,6.632
70874,6.06,217.40447558,-76.72901396,-27.54,-28.27,6.25,7.589,6.194
68815,5.69,211.33375541,-76.79667632,-87.41,-31.23,9.93,7.277,5.829
60000,4.24,184.58726633,-79.31226899,-38.07,12.0,12.05,4.088,4.223
64108,6.43,197.08550598,-78.44596983,-38.85,-24.94,7.26,6.449,6.428
64587,5.84,198.57231883,-78.44744492,-8.41,-3.72,1.75,7.166,5.959
59647,6.34,183.48531404,-78.57388687,-4.31,-19.64,9.23,7.958,6.479
69090,6.02,212.11544595,-74.85072342,-242.32,180.31,34.87,6.721,6.084
66607,6.32,204.80016438,-75.68377048,-18.06,-7.27,3.51,6.313,6.321
65468,5.04,201.28066834,-74.88749735,-108.28,-132.08,14.51,6.467,5.161
73415,5.92,225.04724166,-77.16052523,-13.33,-10.26,3.72,7.268,6.041
72670,6.44,222.8753033,-77.17594571,-14.27,-9.99,3.63,6.404,6.435
73223,5.37,224.47148916,-76.66261622,-68.58,-16.14,7.62,7.258,5.535
73394,6.2,224.9823844,-75.03261964,-5.57,-20.32,6.16,6.137,6.182
72833,5.59,223.30640336,-73.19015457,18.33,34.31,10.19,6.573,5.645
76750,5.64,235.08899554,-73.44663458,-12.76,-20.73,4.44,5.581,5.637
76013,5.4,232.87841929,-73.38954647,0.38,-18.28,3.2,5.208,5.375
74421,6.02,228.14169683,-72.77056092,-14.43,-15.72,3.84,6.011,6.018
75959,6.39,232.70497336,-71.65408347,-7.0,-21.76,3.1,6.241,6.37
74582,5.75,228.57986595,-70.07945566,4.39,-8.24,2.18,10.235,6.014
72983,6.38,223.72521374,-69.86092469,-9.48,-13.0,3.52,6.287,6.365
72518,6.5,222.4044227,-68.93615786,-9.73,-13.35,3.83,6.36,6.476
87926,6.08,269.42367575,-76.17794609,1.16,-1.34,5.48,7.641,6.202
84510,6.24,259.14874621,-74.53288068,-23.89,-52.4,10.06,6.24,6.23
84158,6.21,258.08269833,-70.72089238,49.04,-78.16,14.3,7.59,6.333
78868,5.7,241.48284121,-72.40107181,-33.29,71.48,11.31,7.21,5.822
81141,5.5,248.58070589,-70.98806509,-16.37,-13.31,3.46,7.114,5.634
82944,6.46,254.25443644,-71.11155701,-8.47,-35.91,1.96,6.755,6.502
83150,5.79,254.89159236,-69.26813178,-13.94,-13.12,3.32,5.673,5.784
82273,1.91,252.16610742,-69.02763503,17.85,-32.92,7.85,3.816,2.081
80686,4.9,247.11583852,-70.08467012,199.89,110.77,82.61,5.575,4.97
81710,5.89,250.34637667,-68.2960944,-14.06,-11.79,4.74,5.783,5.874
84979,5.39,260.52449572,-70.12317887,-1.73,-12.04,2.85,5.34,5.389
84969,4.76,260.49806157,-67.7706496,-37.1,-7.78,10.46,6.344,4.899
86510,6.48,265.18570532,-67.85412144,-43.14,-20.85,8.6,7.756,6.592
83556,6.47,256.14043478,-68.27864298,-7.94,-21.06,2.6,8.546,6.696
82539,6.33,253.07409716,-67.68151371,-52.82,-49.2,8.64,8.002,6.467
84248,5.87,258.32546891,-67.19637197,-156.26,-90.1,9.98,7.251,5.996
82129,5.1,251.66672526,-67.10965828,-15.2,-13.34,5.21,4.989,5.092
81873,6.02,250.84213946,-67.43231072,15.6,-31.1,10.7,6.063,6.022
81252,5.5,248.93654572,-65.49532908,33.92,-28.75,9.94,6.706,5.607
82517,6.12,252.97451958,-65.37542484,-1.17,-13.38,3.44,6.082,6.118
82806,5.99,253.85282694,-63.26962566,7.66,-13.72,7.27,6.067,6.011
81823,6.23,250.7017491,-62.55390958,-1.12,-8.71,2.22,8.207,6.375
76736,6.45,235.04844303,-70.22774887,-41.39,-55.11,12.94,6.531,6.433
77982,5.11,238.87338903,-68.60298616,-8.9,-6.27,1.09,6.527,5.223
79797,5.95,244.27284183,-67.94107968,-44.74,-84.65,18.13,6.143,5.969
78279,5.74,239.74233223,-65.03756903,-9.49,-6.78,4.33,5.657,5.734
78476,6.42,240.29466406,-63.77652924,-3.23,-3.5,1.59,7.392,6.485
74946,2.87,229.72787007,-68.67946723,-66.48,-32.0,17.85,2.916,2.884
75565,5.89,231.5605344,-68.30918936,123.08,9.26,9.75,7.17,6.004
75091,6.27,230.16899793,-67.48150132,-6.32,-10.16,2.6,6.184,6.307
76440,4.11,234.17994543,-66.31690469,24.51,-54.66,15.09,5.615,4.237
74184,5.76,227.37466411,-67.08412683,-3.94,-2.59,0.54,6.589,5.839
75665,5.71,231.88792069,-64.531457,-12.91,-19.25,4.8,7.898,5.912
77390,5.54,236.9712309,-65.44218988,-27.98,-41.74,8.03,6.319,6.089
77952,2.83,238.78670013,-63.42974973,-188.45,-401.92,81.24,3.205,2.869
80645,5.28,246.98864198,-64.05800515,52.71,26.08,24.75,5.702,5.329
80455,6.14,246.34229561,-63.12523806,-19.16,8.72,7.61,6.177,6.137
79664,3.86,243.85944228,-63.68564897,3.51,-13.49,5.25,5.266,3.974
79208,6.5,242.49664072,-62.96700696,-12.76,-60.72,9.58,6.774,6.524
80874,5.19,247.70572277,-61.63348127,-11.39,-8.99,4.87,6.794,5.324
81507,6.16,249.71961792,-60.99031813,-3.66,-34.41,6.07,6.057,6.146
81657,6.17,250.21006109,-60.44626468,58.29,-72.99,32.5,6.783,6.269
80675,5.67,247.06326516,-58.59970914,-22.18,-35.34,4.8,5.678,5.674
78603,6.25,240.71887986,-62.54152474,-30.89,-26.69,9.62,6.22,6.238
77817,6.22,238.34557097,-62.60654867,-5.22,-14.1,5.23,8.126,6.374
77927,6.14,238.719324,-60.74364091,-2.02,-4.02,1.91,6.289,6.216
78045,5.76,239.02482214,-60.48230498,-36.48,-70.88,15.15,5.86,5.763
77990,5.78,238.88508797,-60.17747419,-47.33,-71.19,19.09,6.175,5.785
76716,5.95,234.98619135,-59.90781512,-121.9,-215.2,32.34,6.525,5.996
77042,6.46,235.98033174,-60.28720496,-3.36,-5.03,2.42,7.776,6.585
78710,6.4,241.02584141,-59.17617237,-4.71,-4.14,1.26,8.169,6.537
79153,5.57,242.32734737,-57.93417299,-13.19,-59.65,12.02,5.539,5.568
79689,5.61,243.95754643,-57.91222851,-12.12,-49.86,8.82,5.785,5.639
78662,4.63,240.88425437,-57.77487351,-118.32,-78.34,23.26,4.942,4.688
78989,6.16,241.85035422,-56.19095697,-0.8,0.31,2.55,6.838,6.232
78469,6.12,240.27710869,-54.57779898,-38.4,-41.21,7.28,6.43,6.152
61738,6.46,189.81098559,-75.37056959,-27.07,-10.01,4.24,6.534,6.463
58905,5.04,181.19443206,-76.51917475,-77.48,46.84,7.4,6.993,5.203
59151,5.17,181.9587008,-75.36706513,-92.34,19.0,7.45,6.853,5.312
65289,6.06,200.71925349,-72.14667406,-17.73,-15.46,4.37,6.121,6.067
64994,6.04,199.8291397,-72.03547781,-5.64,-51.4,7.33,7.797,6.197
66574,6.11,204.69096307,-70.44475263,-65.71,-31.61,7.44,7.961,6.266
58810,6.44,180.93557093,-74.21408634,-14.15,-4.2,3.54,7.986,6.583
63165,5.93,194.13216726,-72.18518249,-15.99,-12.08,4.67,7.352,6.053
61181,5.88,188.04122968,-73.00104307,40.72,-5.29,9.55,7.303,6.005
62608,5.55,192.43728988,-71.98624542,10.52,-5.87,6.2,7.036,5.673
59851,6.21,184.09947877,-72.61445993,-32.18,-16.33,9.78,6.197,6.205
61199,3.84,188.11712896,-72.1329759,-50.59,-5.16,10.07,3.656,3.816
63613,3.61,195.56573968,-71.54879865,263.58,-23.28,35.91,5.153,3.744
63688,5.93,195.77233515,-71.47572327,-11.18,-2.39,2.07,5.955,5.958
64390,5.92,197.96408969,-69.94201974,35.02,1.26,22.67,6.404,5.958
64682,6.37,198.85735777,-69.67919729,-99.97,-35.52,10.65,7.939,6.507
65522,5.65,201.45999506,-70.62725069,-55.5,1.05,7.03,5.629,5.654
65755,6.17,202.19510174,-69.6271126,-20.61,-16.29,4.67,6.17,6.187
64661,4.79,198.81249082,-67.8945633,-36.92,-10.63,8.04,4.675,4.766
69241,6.07,212.62879682,-70.30545037,-5.89,-5.84,-0.27,8.343,6.267
69298,6.07,212.75805146,-69.71926784,-31.27,-20.52,13.6,6.291,6.092
70492,5.56,216.27641298,-68.19532385,-7.96,-3.8,0.93,6.108,5.646
67664,5.73,207.94759834,-69.40124669,3.94,-4.78,4.0,8.014,5.955
71530,6.03,219.44498594,-67.93132799,-348.26,-281.37,35.5,6.644,6.101
71002,5.84,217.81827528,-67.71705401,36.16,-58.8,11.88,7.143,5.961
72438,5.91,222.18567167,-66.59353612,-7.49,-11.14,2.85,5.745,5.869
72965,6.09,223.67746133,-65.99106556,-6.38,-12.23,2.66,5.983,6.067
69763,5.72,214.16135836,-66.58788092,-7.14,-5.24,1.42,5.629,5.739
70528,6.36,216.41583852,-66.17288297,-41.85,-15.98,7.79,6.523,6.382
70657,5.87,216.77963835,-65.82161161,-18.48,-14.36,3.54,7.805,6.016
71908,3.18,220.62785433,-64.97456957,-192.64,-234.07,60.97,3.502,3.211
67942,5.74,208.70473728,-67.6520644,-16.82,-14.59,2.57,7.671,5.888
68455,5.96,210.21922701,-66.26885149,-116.1,-24.2,13.01,6.375,5.994
68270,6.2,209.63034736,-65.80057278,-30.53,-37.88,6.18,7.511,6.294
69065,6.39,212.05947093,-63.20803604,19.17,35.26,8.48,7.67,6.5
70035,5.22,214.96543244,-61.27275714,-165.01,-88.32,20.69,5.555,5.246
58706,6.41,180.61910492,-71.48900826,-62.2,11.0,7.75,7.925,6.551
61981,6.31,190.52097535,-69.4075508,-4.55,-1.18,1.69,7.194,6.39
61585,2.69,189.29618208,-69.13553358,-39.87,-12.44,10.67,2.457,2.659
62212,6.16,191.25860848,-68.83074797,-6.72,-1.17,1.68,7.0,6.247
62322,3.04,191.57029013,-68.10809405,-40.4,-10.32,10.48,2.863,3.052
59551,6.05,183.19596584,-70.15178663,-7.65,-0.27,2.0,7.055,6.154
60329,5.73,185.55014315,-68.30719873,-2.45,-48.14,8.24,7.059,5.849
61404,6.11,188.7269318,-67.75688853,-11.89,-2.4,3.25,8.176,6.395
61703,6.22,189.71819205,-67.19304671,-4.58,-0.71,0.03,6.266,6.264
64117,6.34,197.11599927,-67.79676243,-9.56,-0.02,3.26,8.573,6.553
64820,4.86,199.30431246,-66.78342263,-15.27,-6.34,2.75,6.802,5.025
64466,5.91,198.20319288,-66.22676607,25.31,7.85,11.45,5.963,5.91
64790,6.06,199.18769159,-65.1381259,-98.97,-54.65,25.74,6.568,6.108
64094,5.44,197.02982892,-65.30601741,-5.35,-2.23,0.03,5.427,5.471
58720,5.89,180.65731961,-69.19227106,-39.05,-6.89,10.57,5.791,5.871
59046,6.23,181.58305555,-68.65140083,-5.01,-1.62,1.73,7.808,6.361
59389,6.48,182.75507582,-68.26093422,1.43,-13.23,3.47,8.247,6.633
60417,6.36,185.81266771,-67.63217115,-751.13,257.04,19.69,,
59929,4.06,184.39431802,-67.96067161,-231.26,-26.37,10.8,,
60320,5.15,185.53077773,-67.52209279,-31.28,-5.16,9.71,5.383,5.179
58884,5.34,181.1622784,-68.32889673,-39.05,-6.4,9.61,5.339,5.349
61796,6.26,189.9829257,-66.5111221,-34.25,-6.57,9.23,6.193,6.248
60183,6.2,185.11783762,-65.84263025,-40.84,-10.77,10.1,6.149,6.188
59898,6.06,184.2765174,-65.69293557,-37.57,-9.34,9.72,6.086,6.063
60601,6.29,186.32342553,-65.76961193,-63.26,-99.22,20.87,7.52,6.405
64395,6.32,197.97114319,-63.30298568,-4.02,-2.5,-0.29,6.813,6.39
66152,6.36,203.39966813,-65.6326223,-34.28,-27.91,9.35,6.344,6.357
66681,5.79,205.04500863,-64.57655426,-69.6,0.46,14.44,6.259,5.835
65783,6.09,202.28326682,-64.67577724,-60.73,-7.09,11.33,6.263,6.106
68191,4.71,209.41223681,-63.68661603,-40.45,-32.83,15.61,6.123,4.827
65387,4.52,201.00184737,-64.53561699,29.1,-20.96,12.69,5.577,4.623
65479,5.32,201.30889897,-64.48509219,-154.3,-21.43,25.45,5.795,5.36
67261,6.4,206.79529414,-62.58970553,-5.49,-3.66,0.28,10.246,7.189
66438,5.63,204.30083723,-61.69157197,149.75,-116.81,28.18,6.223,5.685
68413,6.49,210.07279016,-61.48094266,-64.45,-35.22,15.34,6.865,6.517
68702,0.61,210.95601898,-60.3729784,-33.96,-25.06,6.21,0.435,0.609
68902,6.39,211.60483587,-59.7159025,-3.26,-1.17,-0.05,6.516,6.436
69122,6.34,212.23444395,-59.27667031,-12.51,-17.04,3.05,6.37,6.341
65271,4.52,200.65824899,-60.98835608,-35.5,-15.19,9.2,4.345,4.492
65108,6.2,200.14610013,-59.77275811,-31.63,-9.24,8.31,6.681,6.247
66849,5.38,205.50467442,-58.78704974,-30.71,-11.7,5.04,5.34,5.377
66521,6.41,204.53178024,-58.41458137,-0.8,-26.77,6.9,7.893,6.568
66575,6.0,204.70401592,-57.62270235,-11.47,-6.09,2.64,7.447,6.125
68670,5.93,210.86072926,-56.21338128,-66.41,-21.61,6.15,7.485,6.061
74047,6.18,226.98645795,-65.27543844,9.04,-4.52,4.11,8.099,6.339
74181,6.25,227.35639755,-63.64288115,-10.77,-20.19,5.87,6.323,6.258
74837,4.85,229.41203255,-63.61048662,2.12,8.66,8.74,6.487,4.989
73776,5.16,226.20020549,-64.03137307,102.92,9.47,12.2,6.351,5.27
72773,5.91,223.14695946,-63.80981741,-10.05,-4.11,3.22,6.856,6.03
72131,5.36,221.32186138,-62.87545275,70.24,-80.34,21.75,5.714,5.393
73129,5.08,224.18334308,-62.78098762,-12.41,-11.78,3.91,5.041,5.069
73118,6.39,224.15978648,-62.36440739,-9.11,-4.09,3.22,6.314,6.379
74470,6.27,228.25428258,-61.74376411,-4.82,-6.5,0.43,8.752,6.523
74552,6.36,228.49663305,-61.34292666,-7.13,-20.76,3.93,6.334,6.402
74778,5.04,229.23707633,-60.95724479,-2.02,-4.08,0.51,4.953,5.062
74750,5.74,229.15289366,-60.9039866,-1.55,-4.09,1.7,5.619,5.742
75308,5.65,230.79417262,-60.65710865,-81.96,-27.74,24.0,6.214,5.704
74941,5.43,229.7047785,-60.49632329,-3.17,-4.57,0.02,5.301,5.422
74273,6.29,227.68737266,-61.4222927,-184.95,-11.27,41.41,7.052,6.365
74044,6.49,226.98396597,-61.12865899,-0.47,-5.81,8.02,7.003,6.53
75323,4.48,230.84440733,-59.32069839,-10.29,-36.57,6.4,4.726,4.55
74824,4.07,229.3790009,-58.80087882,-98.39,-135.46,33.75,4.197,4.08
72000,6.39,220.86727519,-62.96665949,-4.43,-4.78,2.68,6.278,6.378
71681,1.35,219.91412833,-60.83947139,-3600.35,952.11,742.12,,
71683,-0.01,219.92041034,-60.83514707,-3678.19,481.84,742.12,,
73036,5.18,223.89461516,-60.11389133,-125.69,-112.25,18.87,6.684,5.31
71333,6.39,218.82114888,-60.01557865,-27.15,-26.76,5.35,8.02,6.525
71861,6.21,220.48305391,-58.61573462,41.91,-39.05,22.58,6.752,6.26
72097,6.1,221.23154053,-58.47738938,-85.63,-42.23,8.91,7.386,6.214
72471,6.21,222.27987082,-56.66753864,-105.75,-119.53,10.45,7.672,6.342
77645,5.74,237.77836547,-55.05552532,-2.95,-3.08,0.89,5.753,5.766
77562,5.78,237.52962796,-53.20967534,-27.6,-39.07,9.0,5.691,5.762
76618,5.43,234.70626982,-52.37261965,-34.13,-30.86,7.13,5.43,5.426
74305,5.45,227.81660117,-55.34601439,-3.82,-7.41,1.61,6.896,5.579
74395,3.41,228.07167982,-52.09907465,-113.94,-71.0,28.06,4.572,3.506
75742,6.1,232.11338713,-51.59792224,-2.55,-4.88,2.18,7.464,6.213
70798,6.46,217.18126718,-59.19752972,-6.58,-7.72,-0.23,6.599,6.485
70264,4.76,215.65467485,-58.45915834,-47.03,17.03,11.56,5.738,4.844
69618,5.03,213.73818295,-57.08607539,-23.97,-20.97,6.71,4.949,5.036
70069,4.3,215.08146975,-56.38647906,-9.29,-7.57,2.75,4.439,4.356
71746,6.3,220.1365547,-56.44074033,-12.66,-8.41,3.24,7.804,6.436
72121,6.1,221.29569214,-55.60162158,-6.47,-7.72,1.89,6.006,6.083
71184,5.86,218.38529489,-54.9986156,-93.43,-4.98,11.42,6.426,5.914
71494,6.49,219.30178173,-53.06074908,-10.75,-15.9,4.59,8.397,6.662
72290,5.22,221.75546088,-52.38331777,-17.93,-82.32,12.58,6.48,5.334
72308,6.07,221.8024686,-52.20524925,-6.64,-2.93,1.35,6.162,6.076
69491,6.09,213.41601305,-54.62560013,-18.03,-11.15,2.96,6.148,6.092
70363,5.99,215.95265857,-53.17620992,-58.08,-9.46,9.36,7.423,6.115
68842,6.2,211.44387814,-54.66930165,-52.97,-25.03,7.67,6.483,6.229
69191,4.74,212.47898599,-53.43872584,-144.17,-90.54,17.93,5.933,4.844
69655,6.4,213.83886209,-53.50992981,-18.38,-4.44,3.33,8.44,6.591
69462,5.53,213.31841949,-53.66565135,-12.66,-9.52,1.25,7.396,5.736
71182,5.86,218.37487581,-52.67948076,-2.78,-17.07,9.56,7.264,5.994
72135,6.44,221.32852492,-51.31489117,-20.48,-14.87,2.92,8.552,6.635
70325,6.03,215.83443353,-50.7722343,-11.72,-7.18,4.06,7.874,6.216
71121,4.44,218.15451447,-50.45712132,-29.55,-14.85,5.68,4.198,4.398
71536,4.05,219.47187965,-49.42575765,-27.78,-29.05,10.51,3.859,4.02
70931,5.38,217.58746947,-49.51892657,-50.66,-37.65,14.66,5.451,5.389
73095,5.38,224.07177099,-52.80956707,27.59,7.9,15.08,5.554,5.406
73966,6.4,226.73322523,-52.02974968,-2.86,-12.31,3.21,6.259,6.385
73241,6.34,224.53672527,-48.8621921,-15.47,-337.07,40.79,7.207,6.425
74380,5.7,227.99068761,-48.74357642,-98.31,-45.39,16.89,5.846,5.657
74376,3.88,227.98400434,-48.73770212,-96.52,-47.97,17.89,3.811,3.846
75181,5.65,230.45655596,-48.31695913,-1622.71,-275.1,68.7,6.435,5.733
75206,4.99,230.53497528,-47.92746963,-141.44,-132.58,29.27,5.587,5.045
74696,5.96,228.97358944,-48.07364079,5.08,-8.39,19.32,6.214,5.988
74769,6.46,229.21601775,-47.86449697,-63.04,-19.5,5.77,7.636,6.566
74911,4.27,229.63353586,-47.87519201,-31.74,-32.82,11.22,4.154,4.264
74006,5.77,226.85805467,-49.08863539,22.29,9.5,9.35,6.959,5.872
73881,6.48,226.51007058,-48.8833679,-2.26,-9.58,1.91,6.302,6.452
74418,6.32,228.13010521,-48.21889226,-24.46,-40.98,6.92,7.768,6.455
73807,3.91,226.27960699,-47.05119386,-23.39,-21.11,6.56,3.486,3.639
74775,6.44,229.2294913,-46.20229188,-132.8,-26.01,18.75,7.038,6.497
74336,6.44,227.8950643,-45.27749513,-14.68,14.9,8.38,7.776,6.537
73111,5.62,224.13366538,-47.87914321,-29.91,-22.46,5.21,5.951,5.985
71658,6.37,219.85267655,-49.05501516,-189.07,-125.21,17.91,6.89,6.423
71860,2.3,220.48239101,-47.38814127,-21.15,-24.22,5.95,2.083,2.26
72250,5.74,221.62094963,-47.44107999,-39.79,-14.74,9.59,5.829,5.743
74117,4.07,227.21095653,-45.27979406,-17.32,-26.11,8.02,3.846,4.028
73273,2.68,224.63314193,-43.13386699,-34.06,-38.3,6.23,2.435,2.646
73354,6.1,224.8633418,-43.15981215,-9.78,-8.49,1.81,6.823,6.172
73334,3.13,224.79041254,-42.10414199,-17.76,-21.33,6.05,2.894,3.097
87822,6.36,269.10073445,-65.72096439,84.63,-318.58,28.92,6.891,6.414
87564,6.48,268.32590763,-65.48844303,-22.87,-64.85,6.28,7.875,6.581
86929,3.61,266.43334347,-64.7237345,-11.08,-56.37,8.79,5.127,3.723
85480,6.22,262.03282619,-63.03618478,-9.86,-22.72,4.17,6.12,6.205
85147,5.69,261.00448429,-62.86413165,0.66,-8.95,1.99,5.493,5.661
85169,5.76,261.07831712,-60.6737692,0.52,-12.29,4.62,5.671,5.75
87264,6.41,267.47086372,-61.71465892,5.47,-18.75,4.73,6.336,6.395
87393,5.78,267.89779898,-60.16401809,-0.14,-15.69,8.79,7.062,5.886
85727,3.6,262.77490395,-60.68360667,-53.65,-99.37,17.42,3.479,3.58
86088,6.26,263.89584304,-59.84609702,-4.26,-7.29,2.33,6.156,6.25
84700,6.5,259.71576058,-62.87451877,-58.55,-23.97,6.01,7.9,6.623
83984,6.37,257.52616256,-61.67544103,-2.75,-6.35,2.25,6.304,6.363
83323,6.26,255.44746025,-58.95822634,-2.65,-7.58,1.43,6.108,6.25
82672,5.91,253.50168481,-57.90920925,-40.8,-122.49,4.74,7.98,6.104
84731,5.93,259.80212875,-59.69459145,-1.74,-8.39,1.59,7.725,6.064
85049,5.86,260.73011706,-58.0102893,-5.59,-15.56,4.15,7.276,5.986
84311,6.08,258.55585391,-56.88851206,4.22,-5.91,2.54,8.354,6.313
83535,5.73,256.10302112,-57.71210729,-3.54,-24.38,4.51,5.605,5.717
83269,6.4,255.27927895,-56.55501465,-2.5,-25.55,2.76,6.368,6.426
83081,3.12,254.65512817,-55.99005508,-18.31,-35.29,5.68,5.234,3.301
83187,5.64,255.02619645,-54.59700158,-7.69,-73.04,19.74,5.874,5.667
86871,5.97,266.232683,-57.54551015,18.09,-12.25,8.03,7.122,6.071
85751,5.99,262.84701749,-56.92095404,-0.85,-4.16,1.52,5.928,5.982
87928,6.26,269.42807533,-56.89622335,-2.49,-11.71,2.51,6.168,6.245
87174,6.09,267.15868334,-55.4018266,-21.39,34.56,19.58,6.424,6.126
87314,5.68,267.61829297,-53.61238082,2.43,-10.42,3.96,5.546,5.661
86305,5.25,264.52319296,-54.50007025,-49.68,-149.54,23.71,5.487,5.27
86064,6.09,263.83296419,-53.35288403,-6.28,-18.27,3.04,6.109,6.087
85267,3.31,261.34858274,-56.37768824,-0.77,-15.85,2.87,3.138,3.298
85068,5.76,260.77963562,-56.52555632,7.48,3.75,7.98,7.026,5.879
85258,2.84,261.32498828,-55.52982397,-8.23,-24.71,5.41,4.767,2.992
85520,5.93,262.16213171,-55.16966503,3.08,-8.76,3.63,7.355,6.045
83431,5.27,255.78628886,-53.23662642,1.16,-165.1,37.97,5.852,5.332
85470,5.72,261.99006555,-52.29702909,-15.57,-57.04,10.44,7.244,5.862
85393,6.17,261.73477483,-51.94878604,15.04,-13.52,6.59,6.126,6.172
85409,5.9,261.80191959,-50.6303656,3.04,-1.93,1.95,5.974,5.911
85312,5.19,261.50012163,-50.63353205,15.8,9.18,8.19,6.537,5.314
84759,6.27,259.87712119,-50.06368383,7.16,-32.33,17.95,6.757,6.32
84105,5.94,257.91114525,-48.87338828,5.94,-4.36,3.93,8.282,6.17
82363,3.77,252.44629764,-59.04131648,39.59,-25.28,10.41,5.828,3.949
82110,5.74,251.5884478,-58.50356849,-2.22,-10.78,3.89,5.6,5.717
82171,5.55,251.83193375,-58.34139234,-5.77,-20.09,1.56,5.451,5.562
80788,6.09,247.43842678,-57.75631746,-2.41,-2.3,2.13,7.988,6.238
81966,5.96,251.16564097,-53.15228963,-10.74,-9.66,4.74,7.565,6.106
80054,5.76,245.10512753,-55.13967135,19.61,-14.3,8.98,6.995,5.86
79497,5.78,243.34499914,-55.54084556,-100.49,-41.91,14.13,6.214,5.828
79754,5.45,244.18029083,-53.81110764,8.62,-0.67,4.05,7.666,5.663
79787,6.4,244.24577701,-53.69595914,-58.94,-113.01,13.84,7.381,6.497
79509,4.95,243.36972631,-54.63041289,-5.33,-22.48,7.45,6.251,5.064
78731,6.46,241.08885185,-53.71033327,-3.09,-17.21,3.11,6.448,6.475
79490,6.03,243.3207238,-53.67116378,-3.95,-3.14,0.66,8.538,6.209
79812,6.3,244.33739454,-53.08626474,-59.47,-49.7,12.91,6.63,6.342
80000,4.01,244.96069832,-50.15537923,-159.36,-52.84,25.58,5.415,4.132
80208,5.32,245.61669217,-49.57229123,-12.32,-26.01,5.86,5.257,5.314
79790,4.97,244.25389798,-50.06811224,-2.24,-3.96,2.27,5.936,5.059
83153,4.06,254.89602773,-53.16049005,1.12,21.53,10.72,5.966,4.225
82902,5.94,254.12000822,-52.28364331,-35.74,-42.44,10.35,5.841,5.922
83321,6.43,255.44317436,-51.13091716,-10.88,-44.83,10.08,6.764,6.455
82868,6.3,254.03687484,-50.67476677,-10.21,-9.55,4.34,6.285,6.305
83057,5.53,254.57478718,-50.64109176,-10.2,-38.25,6.23,5.547,5.535
81650,6.3,250.18495232,-51.47857638,12.43,130.1,20.48,6.658,6.325
82418,6.45,252.65036131,-50.04493814,-6.35,-3.14,13.28,6.818,6.453
81733,5.62,250.41761484,-49.65154575,-2.79,-2.74,1.0,5.595,5.647
82723,6.49,253.63147503,-49.71078963,0.24,-4.45,2.32,8.406,6.647
83216,5.98,255.11239709,-48.64756342,-16.98,-80.41,8.39,7.171,6.119
82091,6.47,251.52656503,-46.53191768,-3.28,-32.42,7.28,6.579,6.478
81702,5.57,250.33506617,-48.76296994,-1.14,5.49,-1.86,5.793,5.674
80582,4.46,246.79603256,-47.5547359,-13.72,-20.63,8.16,4.43,4.517
80782,5.35,247.42637688,-46.24321937,-3.42,-3.81,2.73,5.924,5.404
80421,6.32,246.22557137,-45.34946169,21.4,-15.18,10.92,6.563,6.353
81847,6.22,250.76485909,-46.07028333,-0.39,-3.89,-0.2,7.252,6.353
81198,6.43,248.78238513,-45.24421531,-30.49,-62.06,5.31,8.177,6.58
81122,4.86,248.52091772,-44.04530868,0.52,-2.53,0.7,4.962,4.918
81472,5.83,249.60958867,-43.39837584,-11.68,-20.6,4.75,5.781,5.844
87379,6.09,267.79596178,-53.1302703,15.79,0.65,6.42,6.088,6.082
86796,5.12,266.0363211,-51.83358836,-15.06,-191.17,65.46,5.984,5.198
86628,6.28,265.51507361,-50.51066693,2.19,-15.02,2.2,8.487,6.527
86486,4.76,265.09888468,-49.41515481,104.28,-177.67,45.72,5.24,4.806
86248,5.89,264.3637993,-50.05948478,0.84,-89.48,9.43,7.315,6.015
85975,6.32,263.57037807,-48.52688385,-33.37,39.62,6.93,7.535,6.43
86552,5.78,265.31763202,-46.92181116,10.77,-7.68,4.94,5.764,5.781
86092,4.56,263.91504719,-46.50559076,-25.13,-38.32,8.46,4.547,4.569
85792,2.84,262.96050661,-49.87598159,-31.27,-67.15,13.46,2.696,2.824
85079,5.21,260.817004,-47.4681538,-6.66,-17.63,4.52,5.093,5.232
84720,5.47,259.76230946,-46.6365001,1035.25,109.22,113.81,,
85389,5.28,261.71659776,-45.84296289,-6.43,-27.58,5.44,5.507,5.585
85788,6.04,262.95456928,-46.0367764,2.53,-2.62,1.62,7.054,6.13
84556,6.46,259.27308305,-44.77858705,1.55,-3.48,-0.69,6.703,6.507
85162,5.1,261.05455256,-44.1625017,-6.87,-30.41,4.31,5.025,5.094
84690,5.76,259.6993281,-44.12970725,-11.78,-16.14,9.62,5.698,5.741
87404,6.09,267.93562958,-45.60068694,11.16,-7.98,4.78,7.29,6.199
86228,1.86,264.32969072,-42.99782155,6.06,-0.95,11.99,2.374,1.904
86311,6.09,264.53518901,-42.88020256,-4.66,-29.62,4.71,6.02,6.076
87846,4.85,269.19760682,-44.34219871,-3.19,-19.5,9.39,6.407,4.989
87936,4.88,269.44919385,-41.71625842,-1.71,-15.14,5.96,7.053,5.075
87523,6.19,268.21863448,-41.99605927,141.81,-190.53,30.55,6.823,6.26
86847,5.87,266.17502411,-42.72930009,5.18,-0.97,12.12,6.066,5.896
87390,5.94,267.88572115,-40.77232768,-51.34,-55.0,4.42,7.964,6.135
87294,4.78,267.5462917,-40.09042823,3.63,-2.73,0.88,5.098,4.837
87073,2.99,266.89617137,-40.12698197,0.44,-6.4,1.82,3.617,3.069
85549,6.3,262.25360309,-43.97389932,-3.5,-8.06,2.15,6.232,6.286
85889,5.84,263.28077941,-41.17305756,2.43,-3.6,3.32,5.891,5.852
86670,2.39,265.62199908,-39.02992092,-6.49,-25.55,7.03,2.161,2.357
86170,4.26,264.13686148,-38.63486521,-18.47,-182.29,22.64,5.662,4.387
85589,6.38,262.35665611,-38.51694348,22.92,9.59,9.83,6.503,6.402
86246,6.26,264.36215923,-38.06635738,0.16,-2.76,1.15,7.879,6.402
86098,6.48,263.92947954,-37.4397919,-9.17,-35.55,9.64,6.489,6.482
85927,1.62,263.40219373,-37.10374835,-8.9,-29.95,4.64,1.446,1.607
83481,6.07,255.92368071,-47.16058422,-0.3,5.28,5.26,6.163,6.079
83594,6.28,256.27246159,-45.50204313,-27.02,-34.53,10.22,6.377,6.295
83202,6.5,255.05941389,-44.98846818,-16.18,-33.05,19.76,6.95,6.538
83650,6.18,256.45193881,-44.10510266,11.4,25.04,15.16,6.518,6.222
82650,5.95,253.42682079,-43.05089096,-15.13,-31.8,2.81,8.172,6.234
82716,5.84,253.61225569,-42.4788755,0.57,-6.33,-0.27,6.597,5.92
82671,4.7,253.49886366,-42.36201968,-0.48,-2.17,-1.13,5.288,4.817
82729,3.62,253.64627156,-42.36075916,-126.55,-227.77,21.67,5.439,3.773
84033,5.06,257.67646022,-44.5575511,-33.25,-69.11,10.87,6.157,5.157
84143,3.32,258.038233,-43.23849039,22.01,-287.41,45.56,3.821,3.368
82783,6.3,253.76387657,-42.09082407,-0.68,-2.72,-0.15,6.715,6.36
82669,6.28,253.49522453,-41.99432103,-0.21,-2.33,-0.58,6.88,6.389
82691,6.07,253.54192541,-41.82503271,0.42,-2.86,-1.37,6.172,6.042
82676,5.46,253.50765901,-41.80638305,-1.75,-2.47,0.55,5.626,5.442
82775,5.78,253.74377203,-41.15085448,-0.16,-1.36,0.34,5.966,5.829
82911,6.18,254.14990852,-40.82345259,0.3,-0.17,-0.86,6.442,6.203
82543,6.36,253.08020506,-41.85451309,-2.26,-0.37,-0.93,6.785,6.511
80945,5.31,247.92404718,-41.81714208,-3.45,-1.06,0.38,5.67,5.355
81914,6.14,250.97535885,-41.11329362,-10.75,-20.67,6.72,6.045,6.12
81903,6.21,250.94043203,-41.11914006,-31.28,-26.4,7.58,6.391,6.232
81972,5.64,251.1775089,-40.83962254,-11.52,-21.63,6.62,5.505,5.625
81305,5.46,249.09402476,-42.85885401,-4.34,-3.04,1.07,5.88,5.523
82493,5.23,252.89050874,-41.23053288,0.55,-0.44,0.48,5.299,5.253
82554,6.35,253.11426283,-40.72310509,-9.27,-19.9,5.54,6.167,6.317
83100,6.05,254.71772463,-37.62041528,10.23,-38.08,12.13,6.28,6.072
82135,5.48,251.69988126,-39.37689836,-17.66,-26.16,8.83,6.728,5.593
81904,6.05,250.94834906,-38.15624103,-9.72,-43.2,4.64,5.976,6.04
82545,3.56,253.08397295,-38.01747781,-12.92,-23.8,6.31,3.304,3.524
82514,3.0,252.96766195,-38.04732717,-8.84,-21.6,3.97,2.768,2.967
82453,6.1,252.7501592,-37.5144812,-6.44,-12.6,3.82,6.216,6.098
84150,5.66,258.06756446,-39.50677484,-13.81,-71.78,15.46,5.719,5.673
84332,6.42,258.61523157,-39.76664573,-1.76,-1.6,-0.6,9.508,6.731
84425,5.95,258.90032398,-38.59295116,-169.82,-388.8,32.6,6.67,6.015
85020,6.33,260.66340872,-37.80463731,-1.48,0.13,-1.15,7.184,6.438
84151,6.3,258.06896779,-38.82241917,17.46,-47.61,8.82,7.651,6.409
85696,2.7,262.69099501,-37.29574016,-4.19,-29.14,6.29,2.446,2.651
85543,5.98,262.2337058,-36.7782678,-3.09,-5.04,5.12,7.413,6.11
85048,5.91,260.72806023,-37.22069314,19.96,-38.37,7.75,7.306,6.037
85019,6.42,260.65793288,-35.91093287,88.18,96.2,27.03,7.077,6.474
84489,6.09,259.09034067,-35.74946511,-111.08,-342.47,31.03,6.656,6.145
84709,5.91,259.73483426,-34.98957161,1149.24,-90.8,143.45,,
85237,6.14,261.26111805,-34.69600968,-2.0,-18.88,6.45,6.183,6.138
83491,5.91,255.96197569,-38.1524875,90.49,-34.72,15.61,6.369,5.95
83499,6.48,255.98654601,-37.84415453,1.9,4.71,-0.21,6.777,6.549
83693,5.98,256.58414643,-37.22753062,-7.95,-24.42,7.73,6.072,5.99
83706,6.15,256.61819932,-35.45103893,2.38,-3.03,2.73,6.682,6.217
83235,5.95,255.15413916,-35.9339762,-8.01,-64.36,11.18,7.444,6.072
83574,4.83,256.20562945,-34.12292247,1.98,-3.2,1.22,5.105,4.886
84401,5.6,258.83019699,-33.54841317,0.1,-2.98,0.73,5.54,5.606
84551,5.53,259.26547645,-32.66270528,-99.18,-55.48,19.8,6.127,5.586
84650,6.36,259.58546532,-32.55308889,-2.16,-7.39,2.59,6.496,6.384
84226,5.95,258.2439872,-32.4383273,1.98,-1.99,0.87,6.035,6.004
84445,6.2,258.96400223,-30.21062099,-14.43,-45.27,8.81,6.165,6.193
78355,6.1,239.97562034,-54.02089127,-6.98,-8.01,2.53,6.076,6.099
78540,6.38,240.51869322,-51.12073342,-11.88,-15.38,4.51,6.386,6.391
77454,6.05,237.21006296,-52.4382273,2.24,-11.83,4.22,7.857,6.21
77138,6.41,236.24839094,-50.78540737,-52.04,-23.1,10.15,6.571,6.393
77541,5.86,237.48967022,-48.91238226,-27.63,-10.43,16.82,5.943,5.863
78639,4.65,240.80358419,-49.22972074,41.18,10.39,14.97,5.818,4.745
78117,6.31,239.26645246,-48.16191945,-104.9,-109.76,20.22,6.746,6.343
76935,6.02,235.65513075,-49.48949872,-4.14,-22.55,6.31,7.751,6.176
76809,6.21,235.24274992,-47.73598709,-36.22,-42.71,3.69,8.374,6.42
77678,6.0,237.88131664,-47.06071935,-113.11,-33.41,7.43,7.506,6.132
77574,6.11,237.56783711,-45.40163254,39.58,-33.54,22.24,6.465,6.152
76829,4.64,235.29798226,-44.66055926,-168.7,-265.69,57.09,5.124,4.689
79653,5.13,243.81394732,-47.37190984,-36.77,-45.86,11.06,4.99,5.113
78914,4.73,241.6225984,-45.17327517,17.47,37.03,26.41,5.018,4.75
80212,5.89,245.62114131,-43.91202357,-8.44,-11.32,3.13,7.355,6.035
79963,5.44,244.82350183,-42.67394008,6.62,-10.28,6.97,5.565,5.451
79661,6.14,243.84991794,-42.89940996,-29.21,-4.92,13.33,7.59,6.268
79320,5.86,242.82403118,-41.11949816,-79.37,-125.52,14.44,6.193,5.891
80066,6.11,245.13594772,-39.430235,-14.1,-45.0,6.57,6.024,6.098
78323,4.99,239.87623269,-41.74439602,-37.76,-16.51,8.59,6.239,5.094
78445,6.21,240.22374303,-40.43556029,15.08,32.89,8.8,6.238,6.228
78046,6.04,239.02848203,-39.8643211,4.05,-17.7,5.16,6.194,6.051
78655,4.9,240.85084398,-38.60247122,-17.68,-28.54,6.19,4.714,4.866
78384,3.42,240.03058543,-38.39664079,-16.58,-27.06,6.61,3.154,3.391
78747,5.91,241.15379632,-37.86266825,-128.48,-116.19,25.1,6.371,5.953
78970,5.72,241.81739481,-36.75553887,52.54,-56.45,19.22,6.085,5.74
78918,4.22,241.64815129,-36.80221297,-15.84,-31.06,7.94,3.99,4.187
75828,5.26,232.35115072,-46.7326907,-8.29,-5.56,3.68,7.539,5.447
75324,6.49,230.85418197,-46.14039293,-28.16,-9.24,6.59,7.696,6.602
75264,3.37,230.67036465,-44.68957314,-20.25,-20.13,6.47,3.15,3.349
76371,4.55,233.97193752,-44.95833688,-20.42,-21.48,7.51,4.287,4.46
76397,5.44,234.05056891,-44.39668903,-45.01,-55.17,4.95,7.417,5.614
76552,4.34,234.51384287,-42.56748493,-147.6,56.35,14.19,6.193,4.506
77086,5.93,236.09453394,-41.81901826,-17.7,-28.98,7.07,5.893,5.897
75915,6.23,232.58877753,-41.91896389,-21.41,-26.18,6.48,6.193,6.17
76297,2.8,233.78525156,-41.16669497,-16.05,-25.52,5.75,2.536,2.746
76165,6.4,233.35122534,-40.49069892,40.1,-62.89,5.34,7.695,6.509
76207,5.82,233.5072393,-40.06634857,-39.18,-34.5,1.97,7.988,6.034
76234,6.36,233.58697277,-39.34911922,-28.22,-37.49,8.95,6.332,6.353
74449,4.83,228.20668641,-44.50035965,-20.49,-22.2,7.18,4.6,4.79
74716,6.05,229.04361495,-43.48497791,-7.82,-7.76,3.65,5.878,6.022
74100,5.85,227.16338993,-42.86786973,-20.52,-21.29,7.34,5.685,5.809
74707,5.15,229.01679847,-41.49114318,-10.38,-4.87,2.54,5.861,5.238
74875,6.3,229.53911005,-41.06113317,41.36,-10.54,12.45,6.507,6.306
75439,5.36,231.18761813,-39.71013154,-25.25,-56.38,8.48,5.251,5.357
73826,5.13,226.32978505,-41.06723379,22.64,-0.84,8.88,6.426,5.247
73764,6.29,226.17875658,-40.86124206,-4.84,-36.25,5.09,8.176,6.546
74066,5.75,227.0506105,-40.58385604,-28.59,-30.38,7.9,5.62,5.75
75164,6.21,230.39714378,-40.74941653,-16.2,-26.88,10.23,6.296,6.206
75141,3.22,230.34306833,-40.64745946,-19.11,-24.05,6.39,2.953,3.182
74950,5.59,229.73495651,-40.78816875,-19.36,-21.78,6.34,5.462,5.577
76063,6.23,233.01760186,-38.62237167,-51.08,-70.5,18.64,6.489,6.255
75818,6.44,232.33040184,-38.63482699,-32.35,-70.76,15.88,6.838,6.477
75501,4.6,231.33438516,-38.7335881,-46.05,-13.35,8.72,4.617,4.603
75003,6.19,229.88240574,-37.09680759,-78.57,-145.36,8.46,7.4,6.289
75304,4.54,230.78901374,-36.85843627,-18.05,-21.53,5.38,4.342,4.505
75177,3.57,230.45181856,-36.26116729,-91.85,-86.03,9.99,5.58,3.745
77350,6.41,236.85682665,-40.19410649,-156.61,-42.63,7.87,7.53,6.507
76608,6.05,234.67570146,-39.12774671,15.37,5.22,5.21,6.307,6.079
77358,6.01,236.87253619,-37.9157923,-416.81,-213.86,65.6,6.9,6.087
76939,5.23,235.65980143,-37.4248964,-50.36,-16.11,12.04,6.497,5.348
78236,6.31,239.62835853,-37.5038246,-12.9,-21.87,5.33,7.601,6.42
78142,5.78,239.33888563,-36.1853138,-9.83,-12.37,3.51,7.066,5.932
78105,5.14,239.2228396,-33.96602225,23.8,-45.97,16.35,5.24,5.107
78106,5.59,239.22543843,-33.96415999,20.26,-49.68,16.64,5.669,5.587
76705,4.66,234.94156188,-34.41189273,5.65,-13.7,13.32,5.913,4.771
75647,5.46,231.82560314,-36.76750151,-21.21,-24.02,7.79,5.261,5.427
77286,5.61,236.68429408,-34.68238898,-19.83,-26.63,8.4,5.461,5.588
76945,4.75,235.67098805,-34.71033325,-23.96,-30.43,8.24,4.555,4.704
77634,3.97,237.7397573,-33.62710488,-5.92,-24.91,15.86,3.917,3.954
76395,6.26,234.04740479,-33.09274641,-20.35,-24.51,8.89,6.155,6.244
76739,6.35,235.06483646,-31.21369404,-49.77,-31.64,5.13,8.208,6.501
80337,5.37,246.00514651,-39.19298857,72.64,3.41,77.69,6.142,5.439
80390,5.42,246.13235569,-37.56597007,-14.06,-30.44,6.97,5.292,5.397
80672,5.79,247.06024024,-37.17981606,15.06,-26.9,10.22,7.233,5.917
81803,6.47,250.62127741,-37.07914846,-22.13,-84.23,8.41,7.462,6.594
81523,5.93,249.77181329,-37.21726333,-11.77,-43.93,7.51,5.896,5.918
81304,4.18,249.09358718,-35.25535553,14.72,12.14,9.63,6.226,4.353
81741,5.84,250.43956303,-33.14562113,-58.83,-56.81,11.16,6.652,5.916
80911,4.24,247.84558957,-34.70432087,-11.51,-18.56,4.37,4.03,4.208
80324,6.45,245.98635397,-33.19932914,-10.65,-27.49,8.56,6.431,6.403
82396,2.29,252.54268738,-34.29260982,-611.83,-255.87,49.85,,
82855,6.29,253.99059176,-33.50688932,14.49,6.5,5.61,8.625,6.513
82960,5.48,254.29655015,-33.2594689,5.93,-9.61,4.5,7.569,5.663
82731,6.34,253.64974943,-30.587337,29.45,-1.45,5.17,6.614,6.368
83336,5.03,255.46937192,-32.14340148,-9.64,-48.35,6.64,4.902,5.005
83896,5.93,257.19810689,-30.40356872,-11.89,-66.39,12.21,6.263,5.951
81891,6.46,250.91137378,-32.10588875,-9.4,-23.03,4.16,6.364,6.45
81992,5.99,251.25086797,-28.50965621,-28.2,-0.47,4.32,6.108,6.002
79199,5.5,242.46919686,-33.54569572,-25.69,-44.91,7.53,5.4,5.488
79596,5.91,243.59321316,-33.01104217,-8.41,-18.79,5.07,7.218,6.031
79173,6.18,242.38232104,-32.64893835,-22.76,-30.22,9.49,7.126,6.237
78726,6.1,241.07432893,-33.21363541,-29.4,-34.06,8.14,6.495,6.131
78665,6.0,240.89326968,-32.00046745,-37.6,-29.22,18.28,6.552,6.051
78486,6.33,240.33145077,-31.88913378,9.66,-1.25,5.93,8.243,6.493
79980,5.53,244.88617634,-30.90676896,82.88,21.81,24.1,6.046,5.551
80399,5.4,246.16552568,-29.70446361,69.27,-82.06,31.82,,
79302,5.09,242.75886281,-29.41600661,-85.58,-87.92,12.77,6.56,5.223
79881,4.8,244.57467023,-28.61377598,-33.79,-100.59,23.23,4.83,4.795
78058,6.29,239.05832091,-31.7858926,47.83,4.25,19.81,6.819,6.342
77985,6.21,238.87714588,-31.08370458,30.28,24.98,8.24,8.016,6.365
78575,6.07,240.66416321,-29.13577664,34.54,-9.53,7.23,7.771,6.217
77729,6.39,238.05370687,-29.88634407,-136.52,-85.51,12.41,7.658,6.504
78104,3.87,239.22119438,-29.21401221,-15.2,-25.1,7.97,3.634,3.845
79399,5.67,243.06689523,-28.4172057,-22.99,-40.9,10.94,5.735,5.776
79404,4.58,243.07588221,-27.92631564,-10.31,-23.17,6.97,4.38,4.552
79050,5.35,242.03133733,-26.32666483,99.72,-5.78,7.67,7.511,5.562
78650,4.96,240.83611243,-25.86514891,-67.89,-37.57,15.39,6.569,5.105
81266,2.82,248.97066423,-28.21596156,-8.59,-22.5,7.59,2.556,2.793
80910,6.07,247.84528782,-26.53755183,-28.16,-37.56,14.48,7.485,6.205
80763,1.06,247.35194804,-26.43194608,-10.16,-23.21,5.4,3.494,1.287
80815,4.79,247.55199128,-25.11515935,-3.42,-26.52,8.3,4.624,4.768
81728,6.07,250.40089052,-24.4679393,-54.7,-9.49,12.44,6.341,6.093
80112,2.9,245.29717718,-25.59275259,-10.03,-18.03,4.44,3.037,2.922
79622,6.06,243.72265106,-25.47692204,-9.79,-22.09,7.06,6.09,6.061
79530,6.4,243.4396004,-24.42204574,-9.97,-19.22,7.2,6.43,6.421
80079,4.55,245.15909758,-24.16928427,-4.23,-14.71,2.77,5.519,4.675
80473,4.57,246.39633811,-23.44711764,-5.61,-25.04,8.27,5.212,5.002
80975,4.45,248.03411079,-21.46647783,20.21,36.23,18.66,4.613,4.457
59050,5.95,181.59618267,-65.70942594,-51.58,-11.2,5.76,6.607,5.944
59003,6.3,181.47344937,-65.54687537,-5.98,-1.42,-0.39,6.483,6.325
59072,4.14,181.72022021,-64.61363898,34.27,-37.49,50.79,4.552,4.179
59678,6.2,183.57055472,-64.40851906,-5.33,0.14,-0.16,6.321,6.245
60009,4.06,184.609553,-64.00304555,-33.19,-10.38,9.03,3.839,4.023
60851,6.05,187.08046209,-64.34096078,-36.16,-11.79,10.28,6.074,6.055
60771,6.02,186.85352338,-63.78895978,-13.81,-10.9,4.96,6.083,6.032
61158,5.96,187.98397037,-63.50589876,-28.91,25.05,13.56,6.287,5.987
60718,0.77,186.64975585,-63.09905586,-35.37,-14.73,10.17,0.446,0.633
58758,4.32,180.75707974,-63.31294495,-152.53,6.1,14.19,4.642,4.354
58867,4.72,181.08015725,-63.16571094,-17.19,-0.01,4.33,4.6,4.708
59517,5.91,183.0916103,-62.95077296,-5.17,-0.08,0.67,6.238,5.972
61443,6.22,188.87410771,-61.84139792,-270.92,-73.27,21.58,7.123,6.305
60861,6.21,187.10712453,-61.79483117,-20.1,-4.43,6.6,7.83,6.351
62027,5.27,190.70951152,-63.058616,-13.32,-3.47,3.32,5.538,5.334
64033,5.98,196.8512919,-59.86049011,-11.78,-8.06,2.64,6.543,6.082
62268,4.69,191.40798434,-60.98116057,112.51,-64.86,26.17,6.036,4.804
62931,5.89,193.45384782,-60.37624027,-3.03,-1.74,-1.96,6.129,5.92
62894,5.75,193.34124905,-60.32848627,-4.12,-0.97,0.81,6.117,5.806
62732,5.71,192.82492384,-60.32978611,-5.26,-1.09,1.09,6.146,5.783
62434,1.25,191.93049537,-59.68873246,-48.24,-12.82,9.25,1.102,1.281
63007,4.62,193.66341683,-59.14666538,-33.35,-14.75,9.06,4.423,4.587
59396,6.08,182.77186283,-61.27738011,-115.8,-18.38,11.26,6.563,6.121
60260,3.59,185.34088036,-60.40136988,-171.06,91.82,14.3,5.422,3.753
61136,5.49,187.91810373,-59.42391403,-13.19,-3.47,1.94,6.234,5.562
59200,6.22,182.10307095,-60.84712841,-3.72,0.23,1.51,8.468,6.41
58921,5.95,181.23852543,-60.96823848,-25.02,-5.59,4.93,8.172,6.172
60781,5.38,186.87031761,-58.99176932,-14.95,5.34,5.76,7.36,5.65
60780,6.35,186.87015672,-58.31647941,-1.09,13.97,3.73,8.53,6.587
61966,4.91,190.48582,-59.68581085,-24.7,-3.57,3.15,4.86,4.913
62084,6.41,190.86833524,-58.90274136,-71.12,-0.34,4.89,7.831,6.539
63003,4.03,193.64857337,-57.17789116,-30.45,-13.55,8.64,3.781,3.971
63005,5.08,193.65383866,-57.16864387,-32.35,-10.93,9.03,4.993,5.103
63117,5.34,193.98808228,-56.83580429,-5.12,-0.78,1.73,5.353,5.377
62327,4.62,191.59478955,-56.48877967,-33.11,-14.62,8.24,4.429,4.597
64425,4.58,198.07345539,-59.92053651,-28.54,-17.46,9.42,4.483,4.575
64478,6.18,198.2321126,-59.81634245,8.23,-107.89,25.12,6.889,6.259
64583,4.9,198.56428372,-59.10285946,-249.62,-154.6,55.49,5.472,4.965
64580,5.91,198.55062387,-58.68390821,-55.3,-11.67,9.49,7.309,6.025
65129,6.0,200.20142983,-55.80069803,-3.89,4.02,0.0,6.311,6.063
66925,6.0,205.73382472,-56.76795968,-7.42,-4.76,1.07,5.876,5.987
68101,6.0,209.1374403,-54.70411568,-41.31,-225.92,26.24,6.966,6.091
68080,6.14,209.0833012,-54.13237319,-26.6,-19.16,7.0,6.122,6.043
67199,6.42,206.56058716,-54.68331282,-30.74,-22.75,9.67,6.559,6.431
67836,5.87,208.4296268,-53.37328052,-15.97,-17.43,2.71,5.87,5.881
66821,4.99,205.43672827,-54.55936543,-43.65,-24.58,12.05,4.888,4.931
66657,2.29,204.97196962,-53.46636269,-14.6,-12.79,8.68,2.051,2.247
67703,5.26,208.02041654,-52.81146355,-39.41,-27.33,8.99,5.141,5.239
64053,5.7,196.90966874,-53.45971466,-36.87,-20.4,10.06,5.623,5.695
65112,5.47,200.15772684,-52.74778497,-30.71,-16.46,8.24,5.294,5.434
65247,5.81,200.56787422,-52.18295165,-4.47,-1.95,0.63,5.928,5.855
67234,4.64,206.66403516,-51.43269771,10.33,-27.98,12.68,5.842,4.741
67036,6.44,206.06678409,-51.01240595,-29.15,-19.87,8.88,6.303,6.427
67304,5.46,206.91112414,-50.32066712,-141.24,-6.28,7.18,7.204,5.61
67292,5.92,206.86493683,-50.24932136,58.93,12.64,16.64,6.248,5.954
66923,6.43,205.72767233,-50.79019786,-8.85,-15.81,3.44,8.597,6.625
65810,5.04,202.35523124,-51.16511504,-1.5,-7.79,6.47,5.121,5.056
66666,5.74,204.99957281,-49.95000116,-99.4,18.73,6.0,7.783,6.023
59747,2.79,183.78648733,-58.74890179,-36.68,-10.72,8.96,2.534,2.755
58901,6.3,181.18872296,-59.2532477,-37.67,-16.1,9.22,6.251,6.291
60379,5.38,185.70613474,-57.67610097,-37.73,-12.71,9.54,5.252,5.36
61084,1.59,187.79137202,-57.11256922,27.94,-264.33,37.09,3.653,1.832
60969,5.78,187.47580895,-56.52496942,5.79,11.99,5.8,7.823,5.971
60870,6.15,187.14099776,-56.40726625,-232.75,-226.3,23.68,7.306,6.247
58642,6.16,180.37190077,-57.50373759,-58.2,-16.38,10.56,6.143,6.149
60308,5.91,185.48932747,-56.3743836,-10.77,-0.77,1.87,7.917,6.074
62058,5.99,190.78838403,-56.17619646,-31.16,-11.39,7.88,5.891,5.977
62026,6.06,190.70748233,-55.94696105,-34.64,-16.52,8.77,6.032,6.06
62861,5.91,193.26776709,-54.9524841,-96.63,4.68,8.61,7.618,6.062
63204,6.48,194.24273367,-54.58731036,-33.73,-15.37,9.91,6.432,6.481
62821,6.26,193.10253122,-53.82992658,-17.41,-1.66,2.99,7.69,6.389
62703,5.7,192.74126496,-52.7873952,-27.2,-12.02,8.53,5.864,5.724
60059,5.01,184.74928553,-55.14297519,-70.44,-11.06,8.55,7.093,5.2
60710,4.82,186.63245078,-51.4506115,-31.04,-9.83,8.16,4.626,4.79
61557,6.4,189.19435821,-50.33537121,-47.39,-9.53,9.09,6.431,6.403
62655,6.26,192.58136431,-48.45955963,-48.03,6.71,5.71,6.294,6.261
64320,6.05,197.74360793,-52.56685355,-35.2,-17.88,9.5,5.935,6.027
63883,6.43,196.37844611,-52.115682,-51.96,9.01,2.96,8.631,6.636
64933,6.18,199.64538086,-51.28574682,-26.86,-11.87,5.06,6.179,6.182
64515,5.9,198.34742745,-50.6997859,-33.58,-17.68,9.92,5.892,5.907
63210,5.17,194.26825217,-51.19871605,-29.54,-14.82,6.8,5.085,5.157
64004,4.27,196.72776268,-49.90621586,-26.24,-12.43,7.92,4.033,4.245
64623,5.84,198.68067991,-48.95680509,-108.72,-89.45,12.58,7.219,5.958
65372,6.48,200.96744625,-49.82273441,-79.89,-31.45,7.68,7.689,6.583
65630,6.27,201.83608555,-49.3812845,-3.74,-2.87,1.41,6.102,6.243
65606,6.31,201.77666572,-49.14369544,-14.83,-5.57,3.05,6.307,6.309
66236,6.32,203.62077514,-48.27214554,-27.37,-6.82,4.49,6.251,6.313
65303,6.37,200.76086574,-48.56278579,-8.8,-2.28,1.82,6.266,6.356
65288,6.18,200.7187449,-47.94321927,16.53,-0.7,3.28,6.433,6.228
66454,5.91,204.34790583,-46.42784035,-28.19,-15.97,8.37,5.766,5.881
63724,4.83,195.88894965,-49.52723627,-46.58,-11.24,14.97,4.865,4.833
63945,4.71,196.56970994,-48.46325358,-29.72,-14.68,7.88,4.528,4.68
62867,4.33,193.27906907,-48.94325313,-79.18,-25.34,10.77,6.115,4.48
62799,6.31,193.02279636,-48.09429527,-44.21,3.76,6.81,6.345,6.307
63849,6.44,196.27790912,-47.11682708,-45.87,-34.04,8.96,6.928,6.479
65144,5.76,200.24067905,-46.88005836,-74.13,20.84,8.64,7.174,5.877
69174,5.96,212.39609336,-51.50464539,-32.69,-10.97,5.95,5.905,5.953
67973,5.66,208.80070669,-52.16076937,-29.45,-21.61,9.54,5.57,5.647
68333,5.92,209.82273625,-50.36960607,28.47,-16.71,9.72,7.126,6.025
69012,6.45,211.92316233,-49.86786612,-37.28,106.39,24.74,7.318,6.562
69011,6.43,211.92015867,-48.70395858,-35.53,-27.73,9.89,6.425,6.425
70809,6.4,217.21636257,-47.99203907,-22.53,-19.2,6.64,6.266,6.379
70270,6.1,215.66133262,-48.31984596,-6.27,-4.42,1.35,5.897,6.046
70320,6.41,215.81399394,-47.41695068,-6.24,-3.85,1.01,8.03,6.536
70663,5.83,216.80124777,-46.1340642,-152.52,-78.14,17.16,6.201,5.852
69996,3.55,214.85096972,-46.05808391,-12.81,-3.79,9.27,3.329,3.519
67663,5.77,207.94679307,-46.89863029,-15.69,-14.83,2.78,5.556,5.734
68002,2.55,208.88514539,-47.28826634,-57.14,-44.75,8.48,2.295,2.497
67861,5.83,208.48852887,-47.12815361,-7.89,-4.3,0.0,5.766,5.829
68079,5.82,209.08288902,-46.59272882,-138.6,-90.31,11.48,7.286,5.943
70104,4.78,215.17729569,-45.1868814,37.17,-73.61,21.95,5.135,4.808
69671,6.31,213.9107487,-45.00042116,127.52,-137.6,47.51,7.028,6.377
68523,4.34,210.43121648,-45.60336989,3.89,-20.94,7.28,5.075,4.404
69113,6.19,212.2162596,-43.47073642,-19.25,-17.44,4.57,6.117,6.171
71639,6.06,219.79589411,-46.58395597,-198.09,-215.82,27.76,6.667,6.119
71500,5.39,219.33402084,-46.13341306,-14.24,-10.7,2.44,6.808,5.544
71419,5.55,219.0794033,-46.2454913,-31.17,16.46,5.12,7.481,5.706
70915,5.51,217.53608389,-45.32128792,-37.72,-27.81,6.84,5.399,5.491
70576,4.33,216.54500648,-45.37926095,13.55,-6.35,10.38,4.857,4.398
70574,4.56,216.53431272,-45.22138996,-13.51,-14.02,3.15,4.359,4.531
72683,4.32,222.9096805,-43.57529383,-24.79,-26.8,8.0,4.138,4.299
72338,6.3,221.88377435,-43.55677516,-12.74,-12.62,5.35,7.665,6.419
70451,6.43,216.17017995,-44.31103431,-37.34,-41.03,6.6,7.78,6.554
70580,6.33,216.55638492,-42.31847181,-111.88,-51.47,10.38,7.905,6.468
71352,2.33,218.87688163,-42.15774562,-35.31,-32.44,10.57,2.124,2.306
71353,5.88,218.88124123,-41.51738017,-21.56,-23.19,9.1,5.775,5.861
70966,6.39,217.73594786,-40.84511153,-13.1,-4.16,3.11,8.245,6.541
70054,5.55,215.04045606,-43.05886202,-8.95,7.66,8.49,6.625,5.595
70626,6.36,216.70787098,-39.87393329,-19.65,-22.79,7.12,6.245,6.339
71453,5.74,219.18396076,-40.21152639,-22.67,-22.05,7.78,5.598,5.72
71429,6.13,219.10058028,-39.59734913,-47.69,-23.94,8.15,7.488,6.252
72296,5.9,221.77107748,-38.29043787,52.75,-82.59,5.88,7.674,6.054
71581,6.04,219.58056742,-38.79413357,42.25,-20.85,5.2,7.891,6.199
71865,4.01,220.49005323,-37.79342394,-29.56,-30.68,10.69,3.787,3.969
70987,5.99,217.79515011,-38.86977705,5.5,28.23,9.43,7.331,6.102
68282,3.87,209.6698807,-44.8035314,-27.97,-21.69,7.81,3.599,3.822
67472,3.47,207.40419934,-42.47368506,-23.85,-19.22,6.19,3.223,3.437
68872,6.18,211.5454662,-43.09161929,-6.7,-34.15,5.81,7.44,6.298
69598,5.61,213.67817566,-41.83744813,-129.08,-19.27,7.26,6.788,5.715
68862,4.36,211.5116084,-41.17958035,-24.42,-21.63,7.31,4.105,4.323
68245,3.83,209.56785278,-42.10070526,-23.68,-19.82,7.01,3.557,3.785
68673,6.08,210.86455937,-41.42330453,-33.79,-16.51,5.91,5.963,6.074
68493,6.12,210.32950276,-40.22194466,-28.71,0.59,4.05,7.762,6.258
66427,5.96,204.27521642,-44.14316883,-51.05,-14.27,8.66,7.152,6.065
67464,3.41,207.3762392,-41.68765971,-26.01,-20.38,6.87,3.134,3.369
66984,5.96,205.91706644,-42.06751103,-13.49,-4.31,2.05,5.871,5.957
66924,5.96,205.72942795,-41.4009514,-51.69,-37.81,9.25,7.256,6.074
66656,5.61,204.95244077,-40.05157491,-47.42,-54.98,6.25,7.308,5.751
66645,6.29,204.92022537,-39.74756765,-14.44,-7.88,2.91,8.412,6.53
67537,6.43,207.58080185,-39.90083381,6.7,-8.89,8.89,7.712,6.542
67648,6.34,207.90240126,-36.43300247,-110.63,-113.84,16.69,6.92,6.399
70300,4.41,215.75940538,-39.51176599,-24.32,-21.81,7.79,4.179,4.383
70090,4.05,215.13949709,-37.88526711,-64.5,-11.39,13.19,4.015,4.046
69995,5.93,214.84964562,-37.00280675,-48.77,-41.11,14.6,6.031,5.94
70243,5.57,215.58223947,-34.78679152,-26.28,-0.33,2.65,5.451,5.554
68933,2.06,211.67218608,-36.36869575,-519.29,-517.87,53.52,3.384,2.19
67819,5.53,208.3867508,-35.66419416,-82.39,-22.28,19.97,6.063,5.606
59449,3.97,182.9131309,-52.36841559,-42.17,-18.39,9.53,3.769,3.936
59439,6.23,182.8819618,-51.35917843,-199.45,-63.75,18.73,7.241,6.318
58859,6.48,181.06973585,-51.47248922,-34.82,-11.76,8.4,6.436,6.468
59196,2.58,182.08976505,-50.72240999,-47.53,-6.42,8.25,2.435,2.551
59173,4.46,182.02190127,-50.66125439,-34.07,-9.85,8.68,4.253,4.432
61328,6.38,188.49690379,-49.90969306,-165.18,-48.19,14.85,6.897,6.435
60823,3.91,187.01004828,-50.2306048,-32.49,-12.41,7.36,3.669,3.878
61622,3.85,189.42636588,-48.54128816,-186.61,-6.45,24.77,3.922,3.858
61932,2.2,190.38002079,-48.95988553,-187.28,-1.2,25.01,2.204,2.182
62012,4.66,190.6481714,-48.81303493,-123.27,-30.36,17.31,6.069,4.783
60729,6.25,186.70296553,-48.91299818,-642.01,-79.23,37.5,7.082,6.329
61916,5.84,190.34602074,-46.14572729,-70.95,59.98,4.09,7.775,6.005
59184,5.34,182.0613737,-48.69247036,-19.54,-7.01,5.53,5.315,5.332
61379,5.76,188.67690229,-44.67251655,-75.86,-206.23,35.25,6.611,5.843
63033,5.89,193.74460949,-44.15140639,-237.3,-230.98,25.17,6.652,5.956
64822,5.82,199.30801256,-43.97944198,-4.03,-15.47,17.12,6.066,5.843
64348,5.24,197.84711464,-43.36850529,-114.5,-19.66,14.76,6.597,5.36
64557,6.16,198.49083299,-43.13916095,-150.09,22.34,9.29,7.964,6.31
65593,5.69,201.73384964,-41.49756484,-9.71,1.1,1.62,7.627,5.837
64472,6.19,198.21191296,-42.69971196,-26.8,-3.52,5.18,7.529,6.31
64332,5.78,197.78725433,-42.23282785,-76.67,-26.1,10.89,6.399,5.843
63066,5.46,193.83108971,-42.9157015,-37.77,-12.64,5.42,7.621,5.653
63972,5.59,196.64603079,-41.58840727,44.26,-14.59,9.62,6.944,5.715
63820,6.24,196.20103515,-41.19628181,-17.23,-16.45,2.78,8.401,6.456
62896,4.25,193.35894159,-40.17881857,69.64,-21.83,21.03,4.523,4.289
64408,4.85,198.01444495,-37.80313606,-382.44,47.01,48.83,5.724,4.928
64003,5.63,196.72595485,-35.86182329,34.8,-86.36,14.22,5.686,5.631
59654,5.31,183.51136205,-45.72393011,-35.19,4.41,5.76,7.143,5.446
59229,5.75,182.22432744,-44.32588609,-47.03,-42.33,9.99,6.049,5.771
60591,6.1,186.28593652,-42.51425806,-134.49,-22.3,18.96,6.9,6.179
60979,6.0,187.4911804,-41.73586155,4.92,-16.09,3.55,7.988,6.205
60549,6.24,186.18654487,-41.38411951,-67.26,-69.93,6.55,7.925,6.459
61468,5.12,188.94006062,-41.02194744,-107.25,1.11,28.92,5.396,5.149
61498,5.78,189.00447532,-39.86944684,-55.92,-24.0,14.91,5.794,5.784
59785,6.24,183.87797443,-41.91283864,-337.63,-180.89,9.39,7.514,6.351
58803,5.15,180.9138115,-42.43378714,323.63,-110.85,41.32,5.646,5.205
59232,5.51,182.227492,-41.23158452,-12.05,-8.27,1.56,5.384,5.496
60454,6.39,185.90316593,-39.30237217,-23.07,4.9,8.38,6.716,6.416
60855,5.45,187.09369113,-39.04113804,-28.69,-14.0,7.64,5.363,5.441
60463,5.79,185.93660912,-38.91135056,-56.54,-12.46,9.52,5.703,5.778
59607,5.77,183.35441052,-38.92915939,-29.09,-11.69,1.6,5.575,5.74
62081,6.43,190.85934803,-40.17781019,25.18,-16.14,13.9,6.74,6.464
62786,5.99,192.9872921,-39.68038459,-27.07,-18.97,7.01,5.867,5.965
61789,4.63,189.96900602,-39.98724188,-42.01,-24.94,9.19,4.526,4.619
62128,6.38,190.99443237,-36.34913468,7.37,-7.39,3.35,6.305,6.363
60449,5.32,185.89770601,-35.41265923,-41.24,-7.49,7.98,5.228,5.305
60610,5.71,186.34068272,-35.18640097,-40.55,-6.48,7.76,5.631,5.695
62360,5.87,191.69258582,-33.31541396,11.6,-28.28,8.5,7.602,6.02
62683,4.9,192.67161238,-33.99926779,-29.11,-14.29,8.39,4.867,4.904
65621,6.4,201.81114289,-40.16269074,-17.68,10.74,7.21,7.646,6.514
65535,5.11,201.53182918,-39.75496493,168.31,-58.6,15.73,6.669,5.242
65936,3.9,202.76111861,-39.40727983,-15.65,-11.25,2.6,5.421,4.026
66019,6.14,203.02245004,-38.39875387,34.84,-37.22,8.99,7.463,6.264
67244,5.15,206.73483886,-36.25190473,-13.28,-11.5,7.61,5.145,5.154
66405,6.48,204.2107382,-34.46775455,-8.21,-34.63,6.28,7.778,6.593
65109,2.75,200.15027321,-36.71208109,-340.76,-87.98,55.64,2.837,2.761
64651,6.17,198.78954038,-36.37135768,-43.66,-21.35,7.02,7.405,6.276
66254,6.46,203.6817205,-33.31082494,-52.33,-11.97,3.61,8.076,6.608
65311,6.17,200.78601574,-33.18988737,-17.9,3.71,4.46,8.318,6.381
67851,6.17,208.4678019,-35.31419181,-295.3,-69.78,15.53,7.487,6.287
67457,4.19,207.36146356,-34.45063035,-42.59,-59.87,18.39,6.028,4.438
67669,4.32,207.95677175,-32.99401625,-35.74,-30.14,10.96,4.131,4.266
67153,4.23,206.42319432,-33.04336606,-461.85,-146.17,51.91,4.683,4.275
67786,4.75,208.30228458,-31.92758624,-13.53,-10.74,4.87,4.565,4.718
67696,6.11,208.00415628,-31.61913622,-32.13,-29.24,18.66,6.686,6.174
68641,6.18,210.7571098,-31.68419597,24.53,66.02,26.13,6.709,6.203
66563,5.81,204.67552479,-29.56067984,-86.56,-77.17,20.42,6.303,5.861
66060,6.45,203.14383052,-29.56528224,-77.97,7.92,21.17,6.961,6.496
67890,6.05,208.56979864,-28.56942861,-168.9,-66.42,15.8,7.517,6.177
67523,6.19,207.52725777,-29.08124029,-50.03,-33.3,9.02,6.177,6.189
68581,5.47,210.59501153,-27.42976294,-32.38,-4.12,7.51,7.208,5.619
68224,6.42,209.49523972,-25.99808989,27.54,4.45,5.63,8.081,6.566
63490,6.01,195.13628763,-33.50509249,-74.19,-71.81,24.98,6.463,6.057
64803,5.1,199.22129667,-31.5060767,34.6,-49.27,13.21,6.329,5.22
64375,6.49,197.9135187,-26.55172563,-71.84,1.55,8.88,6.733,6.512
66065,5.69,203.14984195,-28.6927144,-95.64,-22.18,15.25,5.745,5.701
65969,6.48,202.88841442,-28.11274555,-77.63,2.12,11.48,6.598,6.498
66400,5.73,204.20212206,-26.49523551,-92.7,15.43,8.44,5.999,5.747
65682,6.49,202.00784601,-26.40222506,-3.27,-4.19,3.0,8.623,6.685
67143,5.81,206.40390701,-26.11598461,-71.63,-10.23,11.35,5.832,5.807
67071,6.21,206.19042582,-25.50087935,-57.64,-22.17,4.62,8.017,6.363
67620,6.43,207.83625055,-24.38977243,-580.93,-244.87,50.2,,
64962,2.99,199.7302224,-23.17141246,68.41,-41.09,24.69,4.157,3.096
65835,6.4,202.42841193,-23.28135784,-60.73,11.01,1.62,8.118,6.575
65381,6.44,200.98793854,-20.92453837,-37.39,-19.9,6.9,7.857,6.562
73279,6.17,224.65244058,-39.90697956,-75.62,-79.33,8.92,7.727,6.293
74224,5.98,227.5305968,-38.79246057,-24.53,-20.85,6.98,7.067,6.078
73116,6.36,224.14907283,-39.41597172,-38.85,-21.22,8.3,6.432,6.367
72800,5.02,223.21287023,-37.80311642,-20.6,-17.96,8.49,4.817,4.995
73493,5.88,225.30447474,-38.05831465,30.42,-34.37,8.43,7.518,6.015
73341,6.45,224.80807905,-37.88118275,-18.36,-21.27,5.21,6.354,6.448
74479,6.09,228.28199335,-36.09136973,-22.9,-22.85,9.0,5.979,6.076
73901,6.27,226.55812576,-36.26458513,-23.58,-5.68,2.39,8.458,6.48
72432,5.89,222.15857155,-36.63458507,-12.94,-46.04,7.26,7.756,6.15
71783,5.67,220.25588965,-36.1348433,-31.58,-6.17,5.54,5.556,5.65
72010,4.06,220.91451458,-35.17322549,-60.93,-176.82,15.89,5.83,4.21
72104,4.92,221.24664628,-35.19182069,10.04,-2.03,15.76,4.944,4.925
73559,6.21,225.492089,-34.35881656,-28.07,-23.89,8.3,6.513,6.245
73624,5.45,225.74704341,-32.64324605,-21.05,-19.66,9.32,5.285,5.415
73049,5.32,223.93622772,-33.85578004,19.18,-2.03,13.2,5.374,5.323
72959,5.85,223.6580027,-33.30056091,-8.58,-5.75,4.07,7.716,6.004
73107,6.06,224.12862034,-32.63670976,-3.44,-30.61,5.92,7.915,6.226
76048,6.49,232.95933926,-32.88106085,-18.86,-21.18,7.19,6.568,6.496
74929,6.18,229.67211538,-31.20933138,-8.12,-6.46,3.27,7.759,6.332
76600,3.66,234.66410153,-29.77768935,-22.1,-26.54,7.33,3.447,3.628
75790,6.43,232.2445393,-28.86681151,-43.93,-32.87,16.46,7.096,6.518
76470,3.6,234.25607748,-28.13507099,-13.26,-3.48,16.76,5.415,3.758
76259,5.13,233.65545605,-28.04690734,16.72,-31.22,8.84,6.834,5.282
74604,4.91,228.6555245,-31.51912564,-9.72,1.83,2.86,5.356,4.96
74857,4.35,229.45768699,-30.14866233,-8.71,-4.47,10.59,5.76,4.466
73937,5.97,226.63838694,-30.91841299,-23.0,-28.66,10.44,5.875,5.964
73850,6.48,226.39124303,-30.55106819,10.6,83.89,31.4,7.042,6.533
75272,6.5,230.68828639,-29.3419069,30.42,-11.43,7.36,7.797,6.617
72772,6.3,223.13886782,-30.57715291,-336.2,-41.34,24.99,7.024,6.362
71853,6.38,220.46353219,-30.93311972,-14.89,-15.03,3.02,6.341,6.438
72571,4.42,222.5727779,-27.96021925,-237.37,-62.37,10.68,6.216,4.576
71154,6.07,218.29009826,-30.71497213,40.41,-39.68,7.92,7.418,6.213
70753,4.97,217.04351389,-29.49157976,-24.87,-23.81,7.85,4.878,4.964
73171,6.28,224.3071673,-29.15760702,-17.32,-29.41,5.85,6.259,6.273
73566,5.83,225.52657921,-28.06052808,84.22,-34.14,10.04,6.042,5.85
73284,5.65,224.66369181,-27.65729301,-47.62,-8.6,9.32,5.986,5.699
74239,5.75,227.57771621,-26.3326008,-32.15,-8.39,7.25,7.062,5.863
74539,5.84,228.47217392,-26.19355939,-14.01,-4.17,3.55,7.324,5.981
74500,6.47,228.37052116,-25.30916439,-399.01,-75.1,38.98,7.329,6.547
73714,3.25,226.01775793,-25.28185602,-71.85,-44.69,11.17,5.417,3.472
74490,6.47,228.32260826,-24.00827351,-22.93,-19.97,7.91,6.426,6.459
72378,5.76,221.98985195,-26.64613329,-10.65,-8.83,7.51,5.758,5.767
72357,5.23,221.9365883,-26.0874799,36.88,-8.4,9.84,6.418,5.339
72323,5.61,221.84399993,-25.62423321,-7.84,-13.85,5.32,5.553,5.605
72197,5.15,221.50074084,-25.44291557,-151.5,-109.07,32.86,5.456,5.111
72929,5.27,223.583901,-24.64213517,-11.02,-27.51,8.48,7.021,5.418
71974,5.7,220.80652349,-24.99773099,-21.77,-9.12,7.97,5.703,5.697
72488,5.68,222.32815984,-24.25146951,-20.69,-0.43,2.93,7.357,5.84
72210,5.8,221.52813497,-23.15286204,25.85,-64.04,8.91,7.042,5.913
73927,6.13,226.61291084,-22.03170347,69.94,-52.06,16.69,7.441,6.251
73184,5.72,224.36396501,-21.4112809,1034.18,-1725.6,169.32,7.168,5.873
77235,6.49,236.55372448,-28.06142741,-63.36,-22.14,14.69,6.898,6.547
77900,6.15,238.62549047,-27.33857445,-13.48,-26.41,6.14,6.054,6.135
76567,6.32,234.56583222,-28.20660943,14.76,-23.35,5.8,7.845,6.458
77984,5.63,238.87542764,-26.26592073,-34.96,-29.93,7.55,5.798,5.647
78265,2.89,239.71300283,-26.1140428,-12.0,-25.71,7.1,2.683,2.865
77840,4.59,238.40303498,-25.32708018,-14.42,-25.4,7.52,4.548,4.653
77909,5.87,238.66474184,-25.24367939,-12.29,-25.45,7.16,5.78,5.856
78699,6.22,240.97794097,-24.72632678,-4.22,5.95,5.46,8.048,6.38
78246,5.43,239.64530965,-24.83142974,-11.41,-24.06,6.68,5.313,5.42
77635,4.63,237.74480683,-25.75123489,-13.64,-24.91,6.25,4.546,4.63
77858,5.38,238.47467996,-24.53309547,-13.51,-25.42,7.87,5.353,5.374
77859,5.41,238.48280036,-23.97803598,-12.88,-24.06,8.3,5.349,5.396
76503,6.19,234.36877505,-26.27980785,-11.13,-23.11,5.43,6.169,6.188
76742,4.97,235.07043893,-23.81805841,-15.62,-8.18,8.55,6.686,5.105
76143,6.26,233.28972685,-24.49034196,-29.9,-37.28,9.84,7.381,7.051
76532,5.79,234.45024464,-23.14151509,-31.72,-75.18,11.97,7.164,5.909
76666,6.33,234.83912225,-23.15017112,-29.64,-21.82,10.67,6.366,6.335
76569,5.82,234.56767525,-21.01615303,63.82,-71.39,11.17,7.192,5.942
79031,6.32,241.96622959,-24.46229118,-9.52,-23.92,8.5,6.26,6.307
79098,5.86,242.18219664,-23.68535317,-10.21,-25.79,7.65,5.88,5.859
78877,5.9,241.52660087,-23.60624433,-10.98,-29.18,6.7,5.803,5.886
79599,6.41,243.62038964,-21.10756359,-16.07,-29.73,9.45,6.415,6.414
78933,3.93,241.70180197,-20.66913479,-10.55,-23.73,7.7,3.887,3.941
78401,2.29,240.08338225,-22.62162024,-8.67,-36.9,8.12,2.181,2.282
78990,4.31,241.85125058,-20.8686541,43.68,-45.3,12.32,5.372,4.414
79945,6.29,244.7821306,-20.21803464,16.84,-15.31,6.65,7.654,6.419
79788,6.4,244.24667464,-20.10407073,-5.79,-7.06,5.17,8.077,6.567
80343,4.48,246.02582204,-20.03721137,-21.48,-47.53,18.32,5.791,4.598
79374,4.0,242.99891879,-19.46064684,-9.7,-25.25,7.47,4.109,4.127
79605,6.32,243.66375587,-18.535343,-92.49,-125.94,11.56,7.708,6.45
78168,5.84,239.41862315,-20.98302564,-10.0,-22.35,7.16,5.854,5.842
77811,5.04,238.33358671,-20.16699405,-3.61,-19.0,9.15,4.995,5.026
78820,2.56,241.35931206,-19.80539286,-6.75,-24.89,6.15,2.528,2.608
78821,4.9,241.36073017,-19.80184191,-34.59,-7.47,2.88,4.794,4.831
77939,5.95,238.75154369,-19.38288098,-10.63,-18.38,5.23,5.923,5.954
79203,6.43,242.48046789,-18.34045197,-67.44,-69.2,20.25,6.931,6.471
78400,5.47,240.08324525,-16.53238334,-636.53,-397.92,30.49,6.065,5.512
74732,5.52,229.09596946,-22.39942083,-33.86,1.83,6.52,7.271,5.668
75939,6.2,232.65103151,-20.72848221,8.5,-29.15,13.93,6.432,6.224
76033,6.28,232.93104588,-20.16484591,-70.67,-31.33,13.65,6.536,6.306
76880,4.75,235.48674445,-19.67857446,-33.21,-104.33,8.16,6.804,4.933
76628,5.36,234.72711374,-19.30170914,84.2,-75.23,9.6,6.47,5.459
76106,5.5,233.152971,-19.67036366,-18.92,-39.51,14.39,5.722,5.516
74392,4.54,228.05546736,-19.79163143,-35.59,-32.55,8.66,4.449,4.541
74493,6.07,228.3300764,-19.64745418,-48.01,-48.64,14.89,6.225,6.093
74391,6.49,228.05015284,-19.10642417,-40.75,-23.77,5.87,8.485,6.674
74600,6.18,228.64069691,-17.76853343,-14.58,-15.95,2.54,6.156,6.178
75110,6.16,230.22367434,-18.15851255,-6.96,-59.67,5.17,7.457,6.277
76126,5.53,233.23011545,-16.85280725,-10.66,-15.26,4.24,5.323,5.477
75944,5.82,232.66828146,-16.60945806,23.95,-2.61,5.78,7.166,5.924
75730,5.64,232.06415852,-16.7164031,16.66,-33.36,3.59,7.653,5.821
75118,6.14,230.25566834,-15.54838584,27.14,18.15,18.31,6.587,6.19
75294,6.46,230.75743362,-15.13407614,0.26,16.29,4.18,8.581,6.65
77853,4.13,238.45615438,-16.7296223,100.12,135.27,20.02,5.442,4.244
77060,5.41,236.01841829,-15.67267949,-34.49,-63.48,22.21,5.7,5.445
77007,6.3,235.85358992,-15.04299844,-3.94,-95.38,7.94,7.733,6.429
78078,6.11,239.13887891,-14.82935289,71.62,-35.2,18.89,6.401,6.146
78207,4.95,239.54740116,-14.27931773,-12.29,-16.77,6.36,4.846,4.935
77689,6.2,237.91003658,-14.13356721,-20.28,-7.01,4.71,7.482,6.316
78059,6.32,239.0600243,-14.39921453,41.39,-77.19,15.64,6.89,6.376
76333,3.91,233.88141398,-14.78955365,65.67,6.93,21.42,5.205,4.031
69623,6.1,213.75532477,-29.28186854,-37.72,-14.42,4.69,6.145,6.103
70306,4.78,215.77461567,-27.75373395,-201.57,-116.63,18.67,6.515,4.944
69977,6.35,214.77988682,-27.14115459,-23.12,3.03,3.91,8.461,6.544
69415,5.07,213.19180466,-27.26110002,-13.44,-35.52,14.22,6.568,5.204
68895,3.25,211.59278733,-26.68201883,43.05,-140.82,32.17,4.699,3.382
69458,6.23,213.30519927,-26.61226602,13.08,-17.86,4.6,7.584,6.354
69965,5.87,214.75469177,-25.81631724,-356.39,366.76,56.23,6.466,5.937
70538,6.48,216.44905121,-26.85210525,-4.7,-56.07,12.99,7.68,6.597
70469,5.34,216.20275252,-24.80626639,-53.4,-18.14,8.16,6.564,5.444
69398,6.35,213.10230839,-24.36333964,19.9,-5.22,6.74,8.125,6.496
68269,5.2,209.62990869,-24.97217754,-49.92,-29.29,9.61,5.089,5.19
68390,5.77,210.00102545,-25.01017978,-194.14,-91.78,17.43,6.33,5.823
68705,6.3,210.97123833,-22.4216164,-12.13,5.87,12.93,6.838,6.352
71295,6.49,218.71132791,-20.4393776,16.64,-1.46,5.32,6.67,6.507
72310,6.05,221.80690878,-21.32487794,-13.9,2.82,1.75,8.214,6.242
72217,6.43,221.54548169,-21.17571461,-56.02,-103.63,23.64,7.163,6.494
72702,6.27,222.963808,-18.35532204,-13.17,-1.2,3.57,7.675,6.389
69929,5.86,214.65956766,-18.71588164,-65.6,-35.37,11.08,5.869,5.856
68177,6.14,209.3656151,-23.02265213,-35.04,9.14,5.47,7.979,6.296
68643,6.32,210.7674245,-17.36698952,-185.83,-9.47,6.74,8.124,6.477
67494,4.96,207.468102,-18.13407618,-99.34,-37.71,13.48,6.315,5.081
67288,5.41,206.85564413,-17.85976354,60.79,-31.04,5.13,7.515,5.608
69792,6.22,214.26580256,-18.58568095,-5.27,-7.68,8.53,7.473,6.329
69658,5.53,213.85047098,-18.20066197,-45.46,-11.45,12.49,5.53,5.53
69269,4.93,212.71034788,-16.30200362,3.82,-10.87,6.02,7.142,5.134
70501,6.49,216.32345098,-13.35317029,-58.49,3.02,6.27,8.072,6.621
68763,6.35,211.11250791,-14.97165584,-35.28,-21.42,6.9,7.749,6.468
69974,4.52,214.77750771,-13.37116634,-17.12,29.39,17.47,4.689,4.537
70336,6.22,215.85679335,-11.71390001,-7.19,-58.66,9.87,7.482,6.329
69427,4.18,213.22392088,-10.274044,8.04,140.79,14.59,5.917,4.334
73953,6.41,226.7045765,-16.48432063,-62.33,-16.71,7.89,6.603,6.426
73945,5.19,226.65674312,-16.25676124,-36.41,-23.28,4.26,7.262,5.372
72622,2.75,222.71990536,-16.04161047,-105.69,-69.0,42.25,2.957,2.77
72603,5.15,222.67193219,-15.99709226,-135.93,-59.47,42.26,5.617,5.19
72194,6.33,221.49074975,-15.45954466,-39.54,1.62,2.94,7.907,6.475
72489,5.32,222.32954567,-14.14898587,-65.89,-14.79,13.86,5.644,5.599
72373,6.34,221.9788395,-12.8397816,49.05,-92.64,9.04,7.741,6.439
72934,5.78,223.59544161,-11.89833043,-55.68,-7.09,8.94,7.036,5.895
73133,5.48,224.19211288,-11.4097279,7.93,11.21,6.06,7.409,5.638
73310,5.88,224.72351684,-11.14386422,-106.68,-61.53,10.32,7.516,6.001
75352,5.72,230.96775654,-12.36941286,-37.69,-36.45,5.41,7.036,5.833
75379,4.92,231.04970889,-10.32189476,-68.52,-152.65,30.9,5.452,4.971
76219,4.61,233.54383219,-10.06395962,305.62,-234.12,34.54,5.919,4.723
76603,6.45,234.66696618,-8.79142377,16.72,-27.28,40.19,7.053,6.532
76243,5.16,233.61055153,-9.18334968,-32.01,-27.31,9.3,5.036,5.138
74785,2.61,229.25196591,-9.38286694,-96.39,-20.76,20.38,2.515,2.598
75127,5.54,230.28183604,-5.82482695,-51.92,-10.86,12.14,6.885,5.654
71469,6.2,219.25123338,-12.30623565,-870.88,364.89,29.97,6.742,6.243
70452,6.49,216.17040452,-11.66964736,-75.18,-22.86,11.13,7.033,6.579
70794,5.42,217.1738779,-6.90041401,-14.02,-50.3,6.81,7.364,5.593
73473,4.91,225.24328191,-8.51893488,-66.2,-3.4,10.72,4.936,4.945
73571,6.38,225.53577825,-7.57529216,-22.94,-2.75,5.62,6.608,6.407
74623,6.28,228.71088802,-5.50257175,-28.02,6.97,3.58,8.227,6.446
73309,6.08,224.72080247,-4.98899499,-358.55,-107.53,28.67,6.685,6.145
73165,4.47,224.29606996,-4.34608634,-97.83,-154.56,35.83,4.851,4.507
71957,3.87,220.76484284,-5.6574291,104.23,-319.9,53.54,4.331,3.914
73497,5.52,225.33254143,-2.75487208,28.68,-22.4,5.78,7.709,5.711
72631,4.93,222.75425052,-2.29884995,87.63,-123.64,15.09,6.189,5.034
104382,5.45,317.19172547,-88.9565112,25.96,5.02,12.07,5.786,5.483
115836,5.5,352.01486122,-87.48224182,16.29,11.48,6.24,7.179,5.645
92824,5.29,283.69853501,-87.60551487,-36.69,-135.22,13.06,6.981,5.428
111196,5.76,337.90761619,-85.96740206,-37.64,61.25,9.88,7.079,5.874
106320,6.42,323.01192811,-84.80999675,31.31,-29.78,4.89,8.25,6.575
107843,5.27,327.72603561,-82.71882392,68.15,-33.03,7.49,6.182,5.34
100697,6.15,306.22834017,-83.31063455,23.65,7.54,12.95,6.407,6.172
88274,6.45,270.39253838,-85.21447624,-4.48,-144.72,14.91,6.979,6.499
90509,6.49,277.02644303,-84.38723353,13.15,-9.13,5.47,6.435,6.477
93117,6.35,284.54178857,-83.42216671,16.9,-13.03,5.84,6.319,6.354
106474,6.35,323.47696549,-82.68307834,22.61,-2.5,4.01,6.457,6.366
101427,5.76,308.3233866,-80.96482633,8.35,-14.88,6.19,7.217,5.896
101843,5.89,309.5775207,-81.28897011,0.6,-38.24,5.13,8.161,6.117
118114,5.72,359.38745413,-82.16974335,-26.62,-25.15,10.38,7.085,5.846
117689,5.1,358.02789102,-82.01876765,-49.07,-20.91,12.2,6.29,5.214
114550,6.43,348.05179488,-80.91267194,26.97,-11.45,5.6,8.401,6.605
112405,4.13,341.51551393,-81.38161731,-55.35,0.88,23.23,4.399,4.162
110256,5.09,335.00616756,-80.43964301,56.36,-42.78,12.15,6.81,5.317
112781,5.32,342.59477516,-80.12381446,20.14,-12.76,7.35,5.155,5.3
111504,6.15,338.85984361,-78.77156677,54.18,-7.5,2.99,7.926,6.302
115129,6.34,349.785614,-79.47243616,27.68,10.95,6.66,7.506,6.429
117125,5.74,356.16950877,-78.79144467,54.95,1.16,5.73,7.164,5.864
116250,5.82,353.33143988,-77.38533173,15.66,1.79,31.49,6.652,5.891
114258,6.11,347.09809853,-79.4805999,92.62,-36.52,13.44,6.294,6.135
106424,6.47,323.33778586,-80.03930788,22.52,-22.09,9.05,6.523,6.474
106881,6.17,324.73396995,-79.44251799,70.81,-26.91,16.64,6.717,6.228
108759,6.39,330.46936672,-77.66252854,-11.96,-6.41,10.48,6.661,6.419
107089,3.73,325.36863801,-77.38946215,64.83,-240.38,47.22,5.023,3.848
110078,5.49,334.46123241,-77.51158803,-37.28,14.28,26.0,5.853,5.512
109584,6.13,332.97970309,-76.11592445,-59.14,-40.71,10.8,7.421,6.245
110712,6.12,336.46260706,-75.01571925,58.55,12.48,43.39,6.845,6.181
108849,5.94,330.76559241,-76.11826634,27.81,-66.28,16.2,6.417,5.984
91723,6.27,280.55983879,-81.80807287,14.62,-16.78,5.89,6.131,6.252
98086,6.39,299.00675249,-81.34983861,20.03,-0.71,4.7,8.235,6.546
88599,6.37,271.36143072,-81.48644851,28.45,-49.29,3.53,8.371,6.534
90606,5.95,277.33342045,-80.23255408,-23.34,-63.39,9.36,7.483,6.081
92233,6.39,281.95501862,-77.86861256,-26.52,149.49,23.19,7.11,6.461
98495,3.97,300.14747226,-72.91018443,80.54,-131.34,30.73,3.943,3.949
104043,5.13,316.17928592,-77.02286938,13.83,-369.38,22.07,5.721,5.183
102162,5.99,310.51050472,-76.18056892,190.83,-9.43,9.68,6.521,6.035
104440,5.67,317.33965419,-73.17226994,461.31,-287.24,53.38,6.381,5.736
104597,6.18,317.83694548,-72.54427874,33.9,-30.45,8.35,7.59,6.3
105768,6.09,321.32505314,-71.79907257,17.4,4.88,6.14,7.749,6.23
105678,6.28,321.06972656,-69.73386384,9.39,-7.43,2.76,10.014,6.703
101570,6.41,308.77641961,-71.18880857,-38.53,12.3,4.05,8.103,6.548
104755,5.06,318.33516015,-70.12621725,41.42,-20.34,3.67,7.104,5.258
101626,6.09,308.96528696,-69.61047763,30.71,-44.55,3.93,7.761,6.233
102773,5.41,312.32614627,-68.77640032,-64.57,-49.78,10.7,6.876,5.536
103752,6.36,315.36679488,-68.20960595,-15.51,5.3,12.0,6.501,6.372
116653,5.99,354.59870499,-76.86950742,78.48,-18.47,5.22,7.139,6.093
114268,6.18,347.14811916,-73.58611126,23.15,-2.1,5.37,8.023,6.323
110618,5.28,336.14329493,-72.25377388,1302.45,-674.12,34.6,6.071,5.361
110668,5.78,336.29329897,-70.4314706,121.79,-62.31,19.75,6.238,5.819
112694,6.35,342.32270149,-70.34806201,12.96,32.95,9.98,6.45,6.35
113137,6.04,343.66482152,-70.07388667,-43.19,73.2,37.71,6.876,6.131
110935,5.56,337.15600483,-67.48888731,151.41,-70.67,22.96,5.814,5.59
117105,6.06,356.10417971,-70.49037556,245.19,61.31,21.77,7.229,6.17
115062,6.15,349.58329624,-67.47122023,22.57,17.74,5.19,7.902,6.295
115756,6.47,351.78112296,-66.58085439,-27.38,-12.97,3.68,8.365,6.627
113969,5.53,346.21728516,-68.82037973,44.78,63.39,18.08,5.976,5.558
114367,6.47,347.43638552,-67.87615966,0.13,-51.3,18.93,6.922,6.505
114408,6.47,347.54993996,-66.85772967,236.36,35.1,16.06,7.692,6.583
112533,6.49,341.89877427,-65.56023545,-30.76,-6.88,5.15,8.051,6.619
112924,6.14,343.04158192,-63.18856825,26.4,-40.68,8.13,7.468,6.265
112603,6.36,342.08872969,-61.68435601,73.06,-3.29,8.29,7.718,6.487
107423,6.02,326.37002172,-71.00882172,13.09,-11.43,4.4,5.897,6.0
107835,5.52,327.69677354,-69.62940458,-24.77,-4.73,5.84,7.317,5.669
106044,5.47,322.18661378,-69.5052732,82.31,-46.41,8.23,7.355,5.762
105858,4.21,321.61038385,-65.36814438,81.08,800.68,108.5,4.806,4.284
105148,6.32,319.50193998,-64.68151068,16.97,-28.55,5.91,6.238,6.311
107773,5.62,327.50054328,-64.7124436,-3.6,-38.31,9.77,6.916,5.734
106818,6.22,324.51168571,-64.82414493,31.86,-9.21,5.52,6.244,6.216
110838,4.51,336.83280453,-64.96637927,68.68,10.21,12.21,4.478,4.494
111310,4.91,338.2500526,-61.982073,40.82,-20.14,11.96,6.959,5.129
112259,6.29,341.06864746,-60.49966689,2.92,20.07,7.38,6.977,6.365
110130,2.87,334.62574257,-60.25949486,-71.48,-38.15,16.42,4.684,3.017
110649,5.31,336.23413615,-57.79661017,180.71,-331.27,48.81,6.151,5.395
108195,5.92,328.79724631,-61.88638824,43.53,-90.56,21.49,6.377,5.961
108478,6.13,329.62530272,-59.01221007,6.81,28.65,15.04,6.693,6.188
109081,5.62,331.46229754,-59.63594171,56.46,-53.57,6.34,7.553,5.79
110311,6.41,335.15102417,-57.50976173,25.71,-8.89,4.18,8.247,6.567
108281,6.17,329.05849028,-57.89960642,16.13,6.43,6.0,6.445,6.199
108870,4.69,330.82266498,-56.77980602,3959.97,-2538.84,275.76,6.069,4.833
108626,6.02,330.10093018,-55.8834515,23.69,-14.44,5.2,5.933,6.005
108431,4.4,329.47929577,-54.9925666,43.0,-3.67,17.65,4.763,4.445
89115,5.86,272.81567436,-75.89079431,16.71,-294.43,12.88,7.49,6.001
90133,5.47,275.90182621,-75.04432557,4.48,20.06,16.59,5.516,5.469
90930,5.88,278.23053953,-73.96538378,6.89,-87.25,9.16,7.161,5.991
92394,6.04,282.43198464,-72.99571254,2.07,-4.11,4.43,6.007,5.976
97534,5.39,297.35538694,-72.50341408,6.91,14.67,24.08,5.691,5.424
89234,5.86,273.14235762,-73.67177867,-54.84,-262.65,24.48,6.446,5.951
91792,4.01,280.75889095,-71.42772867,1.25,-158.29,15.55,5.472,4.133
95999,5.98,292.79559581,-68.43388713,17.19,-13.42,3.13,8.148,6.172
93238,6.49,284.87197851,-70.4683674,-3.89,-117.69,9.3,6.821,6.52
93574,5.89,285.87367886,-68.7555329,-20.83,-4.46,17.65,6.556,5.931
94150,5.31,287.46925968,-68.42434424,154.94,-42.59,27.13,6.455,5.409
94724,6.25,289.11916883,-69.19075492,7.0,-28.72,5.27,6.481,6.279
95369,6.33,291.0229734,-68.37107984,-20.76,-0.77,4.82,7.947,6.483
98332,5.74,299.67157464,-69.16371251,69.18,-100.6,14.08,6.015,5.756
98346,6.38,299.72052643,-68.76240414,36.46,-73.83,9.56,6.577,6.398
102157,5.14,310.48776281,-66.76062542,8.89,-23.23,3.88,5.059,5.131
102395,3.42,311.2398153,-66.20323826,-42.4,10.57,23.71,3.636,3.443
100379,6.49,305.36858807,-66.74969742,-140.22,3.15,22.72,7.056,6.554
97569,6.44,297.47257971,-66.813093,-0.55,9.84,3.03,8.361,6.603
98959,6.07,301.3811952,-67.31925724,844.55,-674.69,56.45,6.863,6.145
98478,5.75,300.09627712,-66.94888773,-3.67,-194.28,15.09,7.07,5.869
98624,5.32,300.46835033,-66.94379223,38.48,-71.53,13.91,6.901,5.464
99200,6.45,302.08533425,-66.35467601,-9.15,-6.35,2.85,8.522,6.629
99240,3.55,302.17441713,-66.17932101,1210.29,-1130.34,163.73,,
96734,6.37,294.96721053,-66.68540741,35.16,-40.34,9.72,6.413,6.372
96882,6.08,295.40518256,-65.8542392,14.47,-71.82,4.33,8.146,6.274
97674,6.04,297.75456049,-65.60470281,99.7,-158.12,16.67,6.399,6.065
101684,6.34,309.15969219,-63.12076434,10.18,-81.64,17.05,6.801,6.389
99762,6.09,303.61232254,-63.41586405,-39.21,30.8,13.88,6.45,6.126
100165,6.27,304.76254422,-63.23056312,-8.78,-74.36,7.32,7.619,6.397
94789,5.52,289.30091657,-66.66103756,8.89,-4.33,11.0,5.734,5.534
93015,4.4,284.23766942,-67.23353511,-7.83,16.65,6.0,5.266,4.475
93287,5.98,285.01477683,-66.65351408,12.33,-42.6,7.43,7.24,6.091
94770,6.42,289.25219158,-65.2276441,-4.02,-24.0,4.66,6.314,6.393
89674,6.32,274.50398642,-68.22921619,0.44,-16.97,4.68,6.282,6.317
92294,5.71,282.15815797,-65.07748945,-38.07,-78.2,14.45,6.023,5.74
92024,4.78,281.36190079,-64.87089771,32.67,-148.72,34.21,5.024,4.799
91733,6.35,280.59428923,-64.64297471,-3.22,-28.75,4.25,6.559,6.374
91854,5.76,280.90549491,-64.55131121,14.53,-46.8,7.96,6.995,5.868
93012,6.47,284.22791532,-62.80191774,3.41,5.45,2.87,8.458,6.635
97971,6.21,298.66854596,-61.170815,-8.12,9.36,10.72,6.418,6.23
97611,6.21,297.5906345,-61.06113281,3.39,5.37,3.63,6.031,6.185
98608,4.95,300.43634274,-59.37582804,19.73,-26.89,7.52,6.793,5.203
99453,6.36,302.78089426,-57.52415476,12.17,-34.76,7.21,6.451,6.393
96607,6.19,294.60800087,-57.98318819,30.83,-62.79,6.77,7.432,6.295
97646,5.41,297.68657002,-59.19363715,23.09,-12.21,12.55,5.538,5.443
98174,5.24,299.27618092,-58.90131541,23.55,-14.87,10.81,5.255,5.245
97421,5.33,297.00459018,-56.36227755,92.4,-137.4,19.19,5.569,5.359
104364,5.75,317.13627084,-63.92827112,-6.33,4.5,6.67,7.282,5.89
102962,5.67,312.91001311,-62.42921513,83.04,-49.38,13.67,5.815,5.628
101965,6.22,309.96549309,-62.90759808,32.33,-83.92,7.66,7.632,6.342
101773,4.86,309.39683225,-61.52974415,59.15,-71.7,16.73,5.381,4.906
101983,5.11,310.00944347,-60.54750937,312.88,-568.99,41.33,5.758,5.179
101612,4.75,308.89486744,-60.58129819,70.15,-185.58,36.27,5.108,4.788
103227,3.67,313.70241509,-58.4540947,21.06,-24.75,5.41,5.274,3.791
107299,6.49,325.99648605,-57.32511897,-116.86,-52.55,23.05,7.063,6.548
107030,6.33,325.14038307,-55.73800029,18.5,9.44,4.7,7.69,6.452
106978,6.2,324.99889909,-52.35902626,-18.75,6.71,5.17,6.911,6.265
105841,6.1,321.56432591,-54.66055359,1.24,38.69,15.68,6.518,6.131
105319,4.39,319.96618253,-53.44926434,107.37,-67.12,33.58,4.624,4.403
104085,5.17,316.30930513,-54.72695035,16.51,-37.55,9.35,6.723,5.3
104978,5.73,318.94098443,-53.26304998,35.09,-14.12,8.22,5.971,5.758
106065,6.39,322.2503191,-53.70585019,70.11,-25.53,9.03,7.859,6.51
106419,6.43,323.32342232,-52.73773902,-9.72,-14.02,3.74,8.359,6.585
105425,6.4,320.31917813,-49.93785461,-2.34,-161.95,8.95,8.148,6.549
100751,1.94,306.41187347,-56.73488071,7.71,-86.15,17.8,1.762,1.898
102333,4.51,311.00911122,-51.92084051,155.49,-53.64,41.38,4.848,4.546
100300,6.27,305.13460168,-55.05080338,11.56,-32.4,4.02,8.361,6.455
99137,6.26,301.89613313,-55.0161003,19.16,36.22,43.08,6.885,6.316
99747,5.65,303.57919847,-52.44564171,20.8,-52.67,3.56,7.618,5.82
103693,6.26,315.18087664,-53.73901433,13.28,-22.98,4.05,8.338,6.457
103673,5.76,315.08985065,-51.26563421,-88.47,132.61,35.07,6.327,5.824
102950,5.06,312.87520805,-51.60816692,-0.24,-4.95,5.75,6.501,5.18
103206,6.23,313.64623925,-50.7273023,10.75,-15.93,2.1,6.093,6.206
102790,4.9,312.3705384,-46.22689249,37.85,27.28,8.06,6.888,5.066
104296,6.45,316.93542377,-45.37945192,31.35,-7.07,10.57,6.739,6.478
118322,4.49,359.97879195,-65.57707774,48.63,-22.33,8.71,4.396,4.482
117088,5.73,356.05010877,-64.40453515,14.42,34.6,3.71,7.544,5.878
118121,5.0,359.39571557,-64.29808259,78.86,-61.1,20.53,5.074,5.008
115908,5.66,352.25387551,-63.11062274,39.18,-13.63,8.58,5.469,5.632
118092,5.95,359.33241721,-62.95661191,86.18,11.6,15.91,6.079,5.967
115769,5.63,351.81222494,-58.47627854,52.45,69.25,10.93,6.888,5.744
114699,6.12,348.52491363,-62.69897068,477.48,-425.01,34.25,7.097,6.214
114948,5.64,349.23945138,-62.00113447,176.0,-26.12,48.6,6.26,5.71
112895,6.47,342.93750305,-59.88134724,-42.35,-4.66,9.13,7.933,6.583
115433,6.08,350.7361612,-60.05582988,82.77,-5.34,3.83,8.191,6.301
114996,3.99,349.35755018,-58.23592762,-34.93,79.59,45.4,4.472,4.042
115620,5.6,351.33072811,-56.84893507,85.19,-20.73,11.42,6.967,5.715
115510,6.13,350.97686737,-53.8086555,73.85,-34.77,6.79,6.442,6.154
113957,5.37,346.16487864,-53.96464712,56.97,-106.16,8.36,7.285,5.542
115713,5.53,351.65226789,-52.721919,33.16,130.07,31.28,5.993,5.574
115537,5.75,351.05516142,-51.89108428,23.17,-37.03,5.91,7.826,5.927
115272,6.04,350.20889077,-50.30637897,49.67,-74.02,11.09,6.585,6.105
114167,5.81,346.81169415,-50.68662467,-37.53,-23.32,25.15,6.363,5.846
114159,6.33,346.78930262,-49.60613515,8.8,0.1,2.5,8.215,6.49
111967,5.98,340.20357013,-57.422306,56.62,-6.61,2.66,7.88,6.139
111548,6.22,338.97014594,-57.88372842,87.98,-9.91,14.79,6.48,6.252
112374,4.84,341.4077169,-53.50016316,30.62,17.34,8.27,6.36,4.983
110109,5.36,334.5632606,-53.62553594,439.86,-632.6,73.47,6.125,5.464
113638,4.11,345.22030979,-52.75410562,-65.09,-12.91,28.99,5.359,4.227
113657,5.68,345.2812358,-50.95002911,88.21,0.28,6.78,7.539,5.841
112623,3.49,342.13832136,-51.31670354,108.47,-65.93,25.16,3.608,3.499
112432,6.49,341.61756451,-49.68512013,86.51,-275.57,4.29,7.956,6.621
113307,5.72,344.19925894,-47.96922586,-26.3,1.82,11.98,5.998,5.738
113044,6.03,343.40725124,-48.59808759,216.7,-81.49,30.04,6.789,6.095
112381,5.52,341.42003143,-46.54729992,-29.41,-11.39,4.91,7.227,5.655
110506,5.62,335.78246322,-45.92834717,233.33,-57.92,24.62,6.057,5.669
110478,6.42,335.68409136,-45.94791727,27.89,-10.92,6.54,9.031,6.379
112117,5.99,340.65365518,-47.21000778,6.15,-331.43,42.47,6.68,6.061
112122,2.07,340.66639531,-46.88456594,135.68,-4.51,19.17,4.143,2.299
112127,6.06,340.67939148,-44.24812216,33.74,35.43,10.19,7.29,6.179
111043,4.12,337.4393561,-43.74922804,-14.93,1.79,10.04,6.168,4.334
110997,3.97,337.31730866,-43.49555433,25.62,-4.23,11.03,5.285,4.078
118234,5.13,359.73218118,-52.74595629,57.93,61.46,12.7,6.578,5.258
117315,5.18,356.81661487,-50.22640416,8.99,-23.28,5.51,4.954,5.144
117571,6.49,357.64846531,-47.37701473,7.84,29.73,7.52,7.826,6.608
116737,6.07,354.86635383,-46.63789839,22.44,40.99,11.74,6.296,6.028
116602,4.74,354.46223051,-45.49232134,71.36,-12.34,16.26,4.845,4.745
115759,6.22,351.78783827,-50.15726501,29.57,8.61,6.43,6.116,6.202
116097,6.02,352.86217374,-44.84352938,45.3,-20.42,8.79,7.308,6.134
115907,6.43,352.25331359,-44.49803575,37.63,-13.37,6.12,7.966,6.568
114921,5.92,349.16578399,-44.48914171,3.44,-9.88,11.32,7.269,6.035
117075,6.08,356.00438262,-45.08312786,325.7,1.93,13.68,7.334,6.201
117219,6.32,356.50490918,-40.18247763,103.11,-36.01,15.32,6.567,6.345
116389,4.69,353.76887742,-42.61510105,42.18,10.78,11.92,4.82,4.72
115496,6.12,350.93920175,-43.12445723,18.88,11.43,2.92,8.016,6.271
116231,4.38,353.2424506,-37.81835895,96.39,37.58,18.28,4.266,4.361
114421,3.88,347.58928308,-45.24664747,132.42,-26.27,17.63,5.164,3.995
114382,5.83,347.49016985,-42.86116912,-348.82,-50.54,28.87,6.388,5.883
114131,4.28,346.71986858,-43.52032436,-48.35,-13.98,24.51,4.843,4.374
114407,5.9,347.54049559,-40.59143612,22.14,-45.65,4.08,7.977,6.133
113902,5.79,345.998457,-41.47903194,12.25,55.93,10.84,7.164,5.912
112203,4.84,340.87486957,-41.41411843,10.23,-93.95,14.71,6.141,4.954
111594,6.28,339.12196771,-40.58251333,46.18,-72.18,14.41,6.436,6.291
111643,5.85,339.24508293,-40.59086511,45.18,-69.65,14.86,5.95,5.884
112832,5.43,342.75894036,-39.15681779,18.26,-6.5,2.95,7.301,5.57
114775,5.77,348.7438952,-41.10512524,110.13,-111.8,13.95,7.278,5.901
114937,6.49,349.20770882,-41.19443278,-26.09,15.43,6.67,7.857,6.598
115054,5.54,349.54077554,-40.82406346,127.46,-122.41,28.89,6.045,5.587
114132,5.62,346.72333274,-38.89230672,33.56,5.78,11.09,5.631,5.625
115833,6.34,352.00286076,-35.54448803,4.84,1.32,5.06,7.882,6.46
113784,6.46,345.64195419,-36.42080597,42.54,-30.63,7.85,7.588,6.523
113189,6.4,343.81196404,-36.38858056,45.0,0.62,4.51,8.122,6.556
113447,6.15,344.64587927,-35.52295831,-5.98,-112.3,12.86,6.848,6.214
113860,5.12,345.87401266,-34.74961718,74.8,84.45,34.98,5.474,5.163
115178,6.35,349.92965523,-33.70796023,42.71,-37.68,5.7,8.051,6.493
115102,4.41,349.70594501,-32.53183574,19.65,-78.57,18.24,5.864,4.535
108268,6.5,329.01426556,-52.46366589,22.07,-38.62,5.23,7.662,6.604
109408,6.43,332.49091875,-48.10750848,68.64,-62.74,4.75,8.246,6.589
109268,1.73,332.05781838,-46.96061593,127.6,-147.91,32.16,1.675,1.757
107409,6.46,326.3277948,-49.4988767,71.18,47.71,7.82,7.947,6.599
107649,5.57,327.06503724,-47.3028979,165.64,-295.0,63.95,6.307,5.64
109902,6.1,333.89596852,-44.45149421,6.85,-2.14,5.59,7.372,6.2
109973,5.11,334.11070233,-41.62720198,-13.56,-9.5,13.61,6.285,5.215
109908,4.79,333.90368669,-41.34675029,46.04,20.45,12.44,5.8,4.892
109821,6.23,333.65920556,-41.37974331,570.33,-791.08,45.19,,
109111,4.47,331.52876518,-39.54304903,-24.16,-125.17,13.2,6.269,4.624
108543,5.5,329.82450083,-38.3950933,42.47,-0.98,8.29,6.778,5.609
105685,6.3,321.08667854,-46.61467113,48.18,-14.57,10.39,6.585,6.334
106429,5.57,323.348054,-44.8486946,-18.92,-2.29,5.24,6.917,5.688
105334,6.15,320.03951149,-45.02189994,1.02,3.0,1.75,9.407,6.397
106500,6.32,323.5715775,-42.92465886,-27.92,-8.34,10.1,7.74,6.454
105913,5.5,321.75692385,-42.54796563,-49.29,14.46,18.57,6.049,5.622
106327,5.29,323.02442135,-41.1793364,19.29,10.69,8.51,6.726,5.417
104177,5.55,316.60623928,-41.38593603,29.24,-11.98,3.5,7.291,5.679
104925,6.2,318.80962557,-40.50607996,101.68,6.12,5.59,7.667,6.338
104680,5.83,318.0569505,-40.2688284,57.41,-219.43,30.9,6.349,5.875
104738,5.25,318.2621978,-39.42464394,187.36,-114.38,29.96,5.779,5.304
105696,5.76,321.10332831,-41.00669489,26.4,-0.23,7.04,5.721,5.765
105382,4.8,320.18993153,-40.80950852,76.18,17.66,17.49,4.865,4.814
105854,5.64,321.5947922,-37.82940289,167.05,-10.91,11.82,7.185,5.769
107344,6.28,326.12254615,-38.55213592,81.42,-162.06,4.17,7.737,6.406
108347,6.18,329.25892785,-37.74685621,8.81,5.11,7.41,6.573,6.218
108294,5.45,329.09495119,-37.25363145,-25.18,-9.61,10.35,5.558,5.465
108085,3.0,328.48189202,-37.3648229,95.88,-12.1,16.07,2.896,2.994
106340,5.97,323.06072952,-33.94461293,-5.81,-4.04,7.92,6.046,5.971
107380,4.35,326.2366159,-33.02555306,31.79,-94.0,15.93,4.294,4.332
106907,6.28,324.77527499,-33.67875173,71.63,-42.75,22.16,7.478,6.379
106703,6.1,324.20312178,-33.04789185,74.04,-1.89,13.76,6.374,6.132
107608,5.02,326.93405546,-30.89830582,-34.53,0.64,9.63,5.085,5.022
110936,5.47,337.16325785,-39.13140099,37.24,-160.72,12.42,6.693,5.577
111809,5.66,339.71443125,-33.08138295,4.25,14.57,7.5,5.714,5.672
111600,5.82,339.14778918,-31.66369314,-41.23,-39.38,10.45,7.221,5.937
111188,4.29,337.87620651,-32.34602798,59.64,-18.7,21.99,4.315,4.291
112501,6.28,341.83002439,-34.16178732,-62.59,27.01,10.18,7.767,6.417
112948,4.46,343.13149128,-32.87545019,-33.32,-22.15,14.67,3.962,3.977
113246,4.2,343.98705005,-32.53970196,10.84,30.32,19.14,5.448,4.327
112746,6.34,342.49685641,-32.80539996,-34.56,-23.53,14.29,6.709,6.373
113234,6.09,343.96476013,-31.63320469,-13.79,-10.96,3.44,7.863,6.231
113283,6.48,344.0992776,-31.56517871,330.53,-159.86,130.94,7.899,6.599
113368,1.17,344.41177323,-29.62183701,329.22,-164.22,130.08,1.407,1.248
113532,5.51,344.89901144,-29.46232352,-6.77,5.15,8.9,5.821,5.535
114254,5.6,347.08790152,-28.82356853,-43.24,-52.69,11.42,6.731,5.709
113669,5.55,345.33061462,-28.85390821,58.42,-21.46,5.58,7.302,5.706
111934,5.88,340.09324845,-30.65836159,-107.65,-209.53,5.08,7.574,6.026
112102,6.12,340.59198418,-29.36099924,16.24,-19.19,5.37,8.133,6.342
111801,6.46,339.68626016,-28.74818538,-47.11,-11.75,8.09,7.793,6.578
111879,6.3,339.93383671,-28.3255604,94.84,-41.22,7.0,7.586,6.424
112862,5.99,342.83726823,-29.53627381,-7.54,-14.49,8.8,7.13,6.088
112567,6.31,341.98388582,-25.91174758,107.02,-115.39,6.31,7.464,6.416
109289,4.99,332.10803368,-34.04372111,5.98,-49.37,6.18,6.947,5.151
109404,5.37,332.48213069,-34.01503553,-13.79,28.29,15.35,5.653,5.4
109306,6.37,332.17764444,-33.12575126,13.66,24.9,12.7,6.617,6.402
109285,4.5,332.0956383,-32.98839827,80.05,-28.88,25.01,4.575,4.503
109422,4.94,332.53534803,-32.54844042,428.62,13.83,53.36,5.511,4.988
108259,6.41,328.98168177,-30.60587153,53.5,-20.0,7.92,7.591,6.515
108952,6.45,331.09930944,-29.91653781,2.82,3.35,2.51,8.57,6.638
108661,5.43,330.20922938,-28.45373726,14.81,0.3,3.22,5.508,5.612
109412,6.44,332.50055511,-28.29249314,29.36,24.02,9.24,6.626,6.458
109789,5.45,333.57806796,-27.76691218,22.88,1.9,6.42,5.296,5.416
109667,6.19,333.23958651,-26.32772421,-25.51,-28.47,17.22,6.399,6.209
108975,5.97,331.15316181,-26.8223356,12.59,-9.54,2.89,5.758,5.936
111045,5.95,337.44142048,-27.10723481,119.31,-20.31,23.76,6.351,5.98
111138,6.43,337.72394611,-26.07356883,39.22,-75.53,8.17,7.828,6.556
111954,4.18,340.16385653,-27.0436148,22.01,-0.88,4.38,4.06,4.17
111515,5.97,338.90149675,-23.99107868,25.95,-6.34,9.66,7.235,6.082
109990,6.14,334.15599677,-25.89813249,37.73,-12.34,5.74,7.582,6.27
110529,5.53,335.8782743,-24.76265507,97.6,-2.5,12.0,6.757,5.636
109737,5.58,333.43494738,-25.18092537,71.18,8.36,14.78,6.18,5.638
110018,6.17,334.24911509,-23.14009853,77.63,-61.1,6.28,7.525,6.299
110746,6.29,336.54456634,-23.68244261,12.26,-1.91,6.59,6.262,6.287
110391,5.12,335.39823108,-21.59802435,-11.34,-84.57,17.81,6.486,5.247
111449,5.21,338.67291135,-20.70785949,221.6,-146.58,43.97,5.734,5.262
88815,6.4,271.95156071,-64.55003748,-8.33,-57.38,6.09,8.06,6.541
89805,6.17,274.91699348,-63.88589103,38.89,-276.16,43.64,6.88,6.243
90304,6.13,276.38178872,-63.02128653,0.57,-101.87,14.03,6.368,6.15
88866,4.33,272.14496186,-63.66804844,17.45,-207.64,23.55,4.629,4.357
89370,6.47,273.56814899,-63.689541,-26.31,-57.99,5.31,8.331,6.637
89487,5.58,273.91942956,-63.05530804,-35.71,-23.95,11.02,6.782,5.689
90797,4.63,277.84344394,-62.27819116,-0.96,-45.59,6.81,4.475,4.597
92609,4.22,283.05431892,-62.18756062,-1.33,-13.53,1.8,4.023,4.192
93163,5.14,284.65247792,-60.20062859,-125.01,32.47,6.32,6.897,5.285
92008,6.04,281.29791008,-61.09513879,24.25,-23.55,3.15,7.979,6.197
93629,6.3,286.00416655,-57.95997203,16.33,4.01,5.77,7.37,6.393
89042,5.47,272.60941453,-62.00276787,-77.6,234.68,56.32,6.196,5.542
90098,4.35,275.80675239,-61.49390506,0.53,1.7,7.76,6.297,4.537
90981,6.4,278.37268558,-58.70853166,23.92,-104.06,19.84,7.26,6.496
92021,6.22,281.34969323,-56.88191929,-41.74,-20.91,4.76,8.043,6.384
95866,6.14,292.46910889,-55.44159258,23.83,-66.49,9.07,7.379,6.243
95932,6.29,292.6440517,-55.11002087,38.71,-13.3,27.25,6.808,6.344
97816,5.76,298.15709206,-54.97103652,20.52,4.41,9.21,6.873,5.818
96781,6.24,295.07767996,-54.41776164,76.43,-11.84,8.82,7.534,6.359
97491,6.27,297.22947412,-52.88799211,15.47,-47.93,4.15,7.726,6.395
94054,6.44,287.21777649,-55.72014436,58.45,-115.62,8.04,7.871,6.572
95690,5.7,291.95051131,-54.32529723,-5.7,10.26,5.63,7.541,5.852
95261,5.03,290.71325245,-54.42372882,25.57,-83.03,20.98,5.053,5.032
94858,6.36,289.54065361,-53.38688837,24.65,-81.41,21.94,6.949,6.42
96141,5.76,293.22412548,-53.18560103,32.87,-6.87,8.05,6.123,5.785
89006,6.38,272.48996303,-59.0401754,-25.57,-2.74,5.08,8.428,6.56
90664,5.74,277.48615404,-57.52308279,56.44,-24.91,9.12,7.005,5.857
89605,5.36,274.28140609,-56.02331993,-5.36,-12.99,4.39,5.27,5.356
92646,5.18,283.16502568,-52.10713766,38.43,-95.69,11.13,6.402,5.288
92687,6.3,283.30000134,-51.931408,1.21,-12.16,1.78,6.174,6.281
91062,6.21,278.6297281,-52.89141853,-16.99,-41.99,5.93,7.845,6.352
92072,6.24,281.48330795,-50.87267791,1.96,-15.2,2.66,6.135,6.228
93148,4.85,284.61564682,-52.93860748,11.53,-8.81,6.14,4.784,4.835
93815,5.17,286.58301929,-52.34063012,30.63,-115.2,19.07,5.822,5.235
95239,6.42,290.65699853,-51.2312628,83.07,-5.4,14.06,6.807,6.468
93624,5.93,285.98967365,-51.01824471,40.42,-147.68,11.17,7.535,6.068
93860,6.29,286.72839567,-50.32306734,-3.0,-31.65,6.27,6.208,6.275
94398,6.12,288.19207229,-50.48631735,44.73,-42.12,7.13,7.349,6.224
96341,4.88,293.80414074,-48.09911061,-7.04,-37.43,8.19,6.296,5.007
93862,5.95,286.73164713,-48.29911462,12.7,-12.3,9.33,5.945,5.956
92676,6.17,283.25984231,-48.36072714,-17.27,-76.36,11.26,6.327,6.19
96178,5.59,293.34014279,-45.27168903,-16.24,-24.46,7.47,5.557,5.581
96095,6.48,293.0587964,-44.54646647,-138.41,32.77,23.85,7.103,6.547
94712,5.38,289.09059981,-45.46606262,-2.03,12.08,6.11,7.126,5.532
95294,4.27,290.8044192,-44.79964788,92.78,-53.73,23.52,4.683,4.314
95241,3.96,290.65952718,-44.45891013,7.31,-22.43,8.62,3.845,3.945
94556,5.91,288.6646739,-45.19343079,48.12,-39.61,11.03,7.049,6.007
95823,5.7,292.34904557,-43.44491571,93.03,-114.9,17.42,5.954,5.73
95396,6.13,291.08939541,-43.7220596,26.19,-1.56,5.63,8.217,6.327
99120,4.93,301.84653576,-52.88080972,-12.72,6.88,2.6,7.026,5.111
99188,6.47,302.03988388,-52.5777484,-23.62,-19.32,17.3,7.328,6.541
100412,6.26,305.42233711,-49.99880746,-359.84,-250.36,30.84,6.934,6.317
100151,6.28,304.73319265,-47.71076925,12.31,-2.0,4.83,8.439,6.484
100184,6.13,304.8236872,-47.57984541,190.87,-182.5,33.91,6.687,6.177
99666,6.47,303.38492057,-47.7131298,-5.87,-42.8,7.26,8.097,6.614
98482,6.18,300.10582208,-49.35093932,-76.61,-2.94,10.8,7.539,6.295
97598,5.91,297.55855107,-47.55736033,8.52,-12.99,2.92,8.094,6.113
99270,6.46,302.26588449,-47.06777265,41.75,-64.67,6.12,8.414,6.633
98512,5.8,300.20134846,-45.1129325,3.39,5.82,9.07,6.142,5.829
99570,6.2,303.09940397,-42.77981808,-18.07,-100.81,9.48,7.812,6.343
101772,3.11,309.39162365,-47.29166239,49.2,66.07,32.21,4.39,3.221
101477,5.12,308.47942959,-44.51596141,11.17,-35.67,15.1,6.398,5.232
101623,6.36,308.94923064,-44.33764333,-9.85,15.37,7.94,7.581,6.47
102670,6.47,312.07648948,-44.1967022,94.9,-53.31,5.58,7.987,6.615
102693,5.11,312.12083153,-43.98827127,175.78,-112.17,24.35,5.526,5.148
102057,6.25,310.2317212,-42.39671643,15.08,11.05,6.98,7.439,6.359
102096,6.28,310.35261383,-42.13369967,48.91,-33.19,3.49,8.315,6.511
100591,5.64,305.97161225,-42.42290463,-11.08,14.99,8.8,5.885,5.664
100469,5.6,305.61449749,-42.04934895,32.94,-81.98,13.35,5.593,5.581
100764,6.08,306.45003566,-40.79597302,-105.35,-86.76,9.25,7.877,6.247
102230,6.3,310.7206132,-39.55880998,17.76,-8.11,2.48,7.661,6.41
102497,5.48,311.58346515,-39.19918925,42.68,-30.14,10.19,5.375,5.466
101558,6.45,308.73109205,-38.08986196,18.62,-11.54,14.94,6.764,6.478
96721,6.24,294.92415705,-45.27856526,-24.76,6.13,10.05,6.602,6.274
98485,6.11,300.11028267,-43.04333151,22.07,12.32,2.96,8.221,6.294
98032,4.12,298.81532954,-41.8684135,23.37,51.6,17.24,5.508,4.241
98579,6.31,300.36149409,-40.81423965,27.68,-39.78,11.65,6.45,6.333
97749,5.32,297.96079231,-39.87433805,19.12,-12.05,9.62,5.266,5.319
99920,6.3,304.0983736,-36.4535361,1.66,-15.9,3.83,8.284,6.56
100852,6.24,306.72140299,-37.402627,-255.06,-114.25,25.21,7.638,6.474
101017,6.09,307.19473436,-35.5958129,1.69,-20.76,5.2,5.965,6.074
100332,6.46,305.21612805,-35.67372299,36.35,19.26,7.35,8.19,6.619
98761,4.77,300.88921406,-37.94049103,64.71,-85.44,8.05,6.621,4.924
98461,5.95,300.06632739,-37.70171669,19.54,-1.15,10.33,7.213,6.062
99461,5.32,302.79836763,-36.09738423,456.89,-1574.91,165.24,,
98412,4.37,299.93405965,-35.27624433,6.02,-25.15,5.28,4.174,4.339
98421,5.3,299.96366659,-34.69763103,108.71,-69.13,20.81,5.516,5.326
98470,5.65,300.08399517,-33.7027487,130.79,-289.3,47.9,6.232,5.707
89597,6.06,274.25382686,-51.06824435,0.91,-10.85,9.07,6.003,6.043
88675,6.46,271.53838778,-51.74388948,3.21,-6.45,2.14,6.674,6.484
90223,6.45,276.13795104,-49.65251379,33.03,-150.18,35.46,7.164,6.516
91662,6.47,280.37789502,-48.09440735,-16.02,-114.52,7.29,8.066,6.598
90568,4.1,277.20723319,-49.07003097,137.9,-229.14,25.6,5.406,4.224
90414,5.44,276.72503769,-48.11710875,3.74,-55.09,6.16,6.515,5.541
91461,5.84,279.80946248,-47.90980354,26.39,14.85,9.91,6.126,5.877
88714,3.65,271.65782832,-50.09145462,-8.43,-9.26,3.22,3.537,3.653
89096,6.07,272.7683641,-47.51304791,-2.92,-29.98,6.65,7.597,6.209
90662,5.69,277.48298947,-47.22051319,29.59,-13.41,5.49,7.321,5.824
90830,4.92,277.93931691,-45.9147436,-3.77,-28.8,4.1,4.788,4.905
90853,5.07,278.00810133,-45.7573539,1.26,-11.55,2.92,4.916,5.057
90422,3.49,276.74345947,-45.96832919,-16.68,-53.33,13.08,3.279,3.461
91494,5.42,279.89660339,-43.18577561,-31.47,-42.22,3.99,7.552,5.623
92669,6.17,283.24957133,-46.58635607,4.59,11.16,4.06,6.216,6.166
92630,5.51,283.11335813,-46.59511945,29.04,0.14,3.41,7.632,5.696
92367,5.8,282.36367328,-45.81023948,74.9,57.31,7.59,6.921,5.894
93049,6.27,284.30963032,-43.9169453,-0.13,-27.6,4.58,6.172,6.263
95211,6.33,290.53988002,-42.01595158,-55.83,-30.83,10.14,7.787,6.451
95347,3.96,290.97146411,-40.61564629,32.67,-120.81,19.2,3.843,3.941
94157,5.86,287.4902249,-41.89222924,-0.17,-11.02,3.99,5.752,5.845
92308,5.46,282.21029394,-43.67999681,24.39,-20.84,9.4,5.617,5.471
92382,5.6,282.39582542,-43.4340401,-2.88,-25.39,5.37,5.497,5.587
92953,5.35,284.07071918,-42.71060161,-27.03,-30.48,10.52,6.615,5.459
93542,4.74,285.77846922,-42.09499443,55.74,-45.33,17.75,4.711,4.732
93470,6.21,285.53540308,-41.91047978,30.51,-10.21,9.25,6.211,6.211
92608,6.47,283.04977293,-41.70912112,-8.87,-30.45,4.78,8.327,6.619
92487,6.5,282.74436344,-41.06267808,4.85,-3.69,1.84,6.384,6.472
93209,6.49,284.79569312,-39.53463573,-3.83,-31.53,6.71,6.456,6.503
93074,6.29,284.39330316,-39.82328561,2.49,37.17,16.21,6.536,6.316
94005,4.57,287.08722077,-40.4966376,48.05,-26.84,18.67,5.983,4.698
94130,6.44,287.41566407,-39.82718505,-4.88,-21.7,9.32,7.83,6.56
94160,4.1,287.50730185,-39.34070677,5.89,-36.78,6.42,5.653,4.244
94243,6.34,287.75794348,-39.00468219,-0.25,-9.45,1.24,6.348,6.347
93552,5.73,285.82369335,-38.25318227,13.31,14.51,15.47,6.121,5.76
94114,4.11,287.36782635,-37.90423953,85.73,-96.65,25.15,4.183,4.109
93858,6.15,286.71918034,-37.80976697,-187.66,-366.77,58.24,7.032,6.229
93825,4.23,286.60433158,-37.06275714,96.93,-279.67,55.89,,
89112,4.52,272.80740093,-45.95432704,-16.28,-37.26,7.98,5.803,4.627
88859,6.13,272.12545979,-45.76697281,-2.56,-17.39,4.0,6.003,6.098
89507,5.45,273.97247295,-44.20649632,69.29,14.67,12.16,6.674,5.559
90597,6.36,277.30363419,-43.84599218,0.79,21.96,6.37,7.501,6.457
90200,5.24,276.07600345,-44.1102013,1.11,-22.55,6.22,5.017,5.206
90842,5.71,277.98426606,-43.50736445,-1.04,-7.5,2.62,7.419,5.842
90982,4.62,278.37566714,-42.31245871,32.48,-21.03,3.76,5.901,4.726
90759,6.02,277.76229716,-41.91375727,-2.99,-31.45,12.76,6.21,6.038
90936,6.22,278.25354464,-39.89182658,86.32,-80.29,27.72,6.717,6.277
90887,5.16,278.08877815,-39.70390941,31.98,-37.62,14.83,5.27,5.171
88726,4.92,271.70785224,-43.42496169,9.49,-104.72,22.79,5.128,4.857
89726,6.3,274.66730983,-42.28838505,3.77,-5.8,-0.74,6.106,6.271
89290,5.47,273.30291529,-41.33609648,-3.29,-5.94,1.97,5.262,5.44
89099,5.86,272.77306755,-41.35902019,32.46,-38.3,12.13,6.206,5.887
90541,5.63,277.11297477,-38.9955695,-0.21,-41.67,6.54,5.807,5.653
90968,5.67,278.34638866,-38.72593259,-0.6,-21.79,1.9,5.521,5.594
90037,5.09,275.57751714,-38.65682498,-42.28,-28.28,6.48,7.054,5.25
89920,6.46,275.22995361,-37.4876307,-1.66,-7.27,1.43,8.148,6.584
90074,5.33,275.72115824,-36.66949254,-1.69,-25.97,5.27,5.183,5.322
90124,5.52,275.870088,-36.23800004,7.61,5.34,10.21,6.816,5.636
92226,5.2,281.93583145,-40.40612167,24.64,-18.57,8.3,6.179,5.296
91989,5.4,281.23812444,-39.68617292,8.61,-6.29,2.47,6.499,5.531
91875,5.11,280.94558795,-38.32331062,1.12,-53.81,16.15,5.215,5.128
91901,6.31,281.0330475,-36.71823408,23.95,-41.75,9.12,7.572,6.416
92989,5.36,284.16871114,-37.34318339,8.79,-23.68,7.67,5.172,5.336
93371,6.44,285.26792264,-37.06150446,-4.72,-20.88,12.92,6.37,6.399
93174,4.83,284.68114151,-37.10708855,-132.25,-110.45,33.43,5.291,4.872
92866,6.48,283.84813605,-37.38660171,7.62,-0.55,7.69,7.928,6.606
91918,4.86,281.08066463,-35.64192109,1.21,-26.98,7.23,4.632,4.826
90290,6.14,276.34040865,-35.99203084,-34.7,2.24,7.07,7.423,6.257
91014,5.28,278.4906866,-33.01653262,2.35,-11.19,1.46,5.129,5.261
96234,5.89,293.53534254,-40.03463308,4.44,-2.12,7.49,6.026,5.918
97067,6.14,295.90673775,-37.53872252,1.04,-17.44,3.82,6.15,6.135
95149,6.48,290.37374869,-34.98322276,78.88,-108.93,47.95,7.246,6.552
94986,5.59,289.91662081,-35.42142487,7.04,-11.14,1.77,5.428,5.565
98012,6.47,298.77129973,-33.04624883,-12.62,-1.27,2.59,8.396,6.632
97260,5.51,296.50506632,-31.90853854,1.49,-13.52,5.98,5.537,5.516
98842,4.99,301.08151239,-32.05626941,43.01,-10.78,10.05,6.594,5.135
98351,6.27,299.73486767,-30.5382381,86.05,-59.89,15.22,7.64,6.392
98688,4.43,300.66441367,-27.70987972,32.28,14.35,7.28,6.534,4.675
97515,6.04,297.29803947,-28.78873269,119.95,-98.62,21.95,6.507,6.079
98162,4.54,299.23677038,-27.1698625,9.6,-14.95,2.7,6.444,4.701
98353,4.84,299.7382347,-26.19582739,34.5,24.74,9.58,5.982,4.944
98066,4.7,298.95927101,-26.29968718,203.96,74.4,42.03,,
93667,5.49,286.10439624,-31.04703255,2.95,-19.17,5.97,5.529,5.501
95619,5.66,291.73529268,-29.74310537,17.55,-49.32,14.47,5.652,5.65
95456,5.91,291.26687908,-29.30920884,-13.12,-61.77,12.07,7.587,6.066
94272,6.28,287.82835331,-29.50224142,14.64,-21.15,6.5,6.233,6.27
92972,6.45,284.11346159,-31.68900191,8.8,-9.48,4.46,8.036,6.586
93134,6.09,284.58879917,-31.035856,-46.95,-48.81,7.47,7.861,6.244
93506,2.6,285.65301428,-29.88011429,-14.1,3.66,36.61,2.731,2.617
92643,6.12,283.15435467,-29.37956282,0.17,-46.64,6.61,7.844,6.251
93925,6.05,286.87850541,-28.63678162,-0.03,-7.67,3.56,8.123,6.221
93864,3.32,286.73517629,-27.66981416,-50.79,-250.51,27.09,4.844,3.448
95408,6.03,291.12571955,-27.86590574,11.07,-16.26,2.48,5.873,6.011
95865,5.46,292.46738503,-26.9855106,22.16,-42.97,12.85,6.865,5.564
96465,4.59,294.17662107,-24.88356664,68.7,-23.19,17.24,4.52,4.592
96406,5.64,294.00687266,-24.71901737,6.08,-26.37,11.23,5.874,5.666
96760,5.97,295.02977888,-23.42905463,29.69,-12.77,7.86,7.289,6.082
96729,6.33,294.95606457,-23.42761,7.98,-37.17,8.03,6.373,6.328
95477,5.02,291.31854426,-24.50844892,63.61,-51.9,14.78,5.311,5.05
95503,5.45,291.37363116,-23.96242415,-18.24,-13.36,6.45,7.315,5.602
94434,5.79,288.306957,-25.90676384,-2.11,-9.21,1.54,7.582,5.931
94643,4.86,288.88498822,-25.25660677,47.56,-31.16,9.89,5.547,4.929
94645,6.25,288.88814331,-24.17910471,114.78,-101.81,36.97,6.899,6.307
93993,6.3,287.06066188,-24.65734762,6.07,-8.86,4.85,6.301,6.29
95564,5.57,291.57972363,-21.77668185,36.16,-4.55,5.86,7.169,5.71
95077,5.59,290.15898277,-22.40260314,-10.44,27.94,17.52,5.924,5.617
95965,6.11,292.72515764,-21.31218388,15.13,-22.03,2.64,6.271,6.133
103882,5.32,315.74156102,-38.63118269,-27.86,-108.81,28.32,5.804,5.369
103836,5.93,315.6127179,-38.53055847,154.93,-169.51,15.21,7.366,6.07
103127,5.34,313.41730078,-39.80962825,44.22,-97.24,7.92,7.064,5.49
103646,6.1,314.99841027,-36.12949945,103.88,-58.2,24.11,6.552,6.143
104441,6.47,317.34296496,-36.70561595,32.54,-132.3,13.53,7.08,6.532
104752,5.97,318.32890517,-36.42353599,34.19,3.61,9.67,7.201,6.069
104980,6.13,318.94484967,-36.21069394,29.39,-6.28,3.78,7.974,6.293
102916,5.52,312.75317995,-37.91328991,-6.71,-17.22,5.2,7.332,5.669
102496,6.49,311.57740846,-36.12002528,40.22,-52.07,14.42,6.981,6.537
102831,4.89,312.49199793,-33.7796732,3.71,-20.19,8.57,6.157,5.004
104174,5.2,316.60283819,-32.34163849,-4.96,8.57,9.22,6.615,5.32
102989,6.06,312.99481827,-33.17796029,7.09,-5.62,4.93,6.103,6.065
103738,4.67,315.32275695,-32.25776681,-2.09,-0.19,14.59,5.787,4.769
105140,4.71,319.48436063,-32.17248551,55.46,-22.12,19.76,4.815,4.729
106564,6.42,323.72080115,-29.69608094,14.34,-15.02,4.69,6.287,6.414
104148,5.69,316.50468134,-30.12495361,32.5,-68.66,9.83,7.038,5.812
105228,6.4,319.72633611,-28.76565847,-212.64,-66.68,8.08,7.628,6.517
104750,5.41,318.32194676,-27.61905854,98.92,-112.77,8.33,7.279,5.572
105646,6.47,320.98274393,-25.20242815,58.02,-23.1,3.67,7.928,6.603
102014,5.47,310.08255226,-33.43193038,22.87,35.93,13.64,6.917,5.594
102092,5.75,310.34826007,-31.59814237,110.84,-60.44,7.78,7.767,5.94
102901,6.42,312.69647274,-32.05445023,-8.32,-63.27,4.69,8.394,6.592
103103,6.35,313.35390569,-30.7189092,34.13,-18.37,6.14,7.767,6.474
101552,6.42,308.69742531,-30.47341857,12.67,-21.9,5.5,6.316,6.393
101211,6.35,307.73663,-29.11265034,18.53,-6.31,5.49,6.618,6.375
99878,6.3,303.96077438,-30.0052966,33.81,7.7,2.84,8.276,6.467
100738,5.86,306.36175161,-28.66327932,11.73,4.05,6.03,7.266,5.975
102414,6.5,311.30467248,-27.24729815,-0.6,7.43,6.93,7.685,6.602
102094,6.29,310.35106663,-25.99985039,9.39,-25.13,5.06,7.893,6.43
101808,6.38,309.46742044,-25.10918309,72.85,-15.41,19.86,6.752,6.413
103902,6.25,315.7923579,-27.73150578,35.15,-36.35,2.58,7.456,6.353
103777,6.04,315.43862372,-26.88093351,15.24,-24.68,10.94,6.137,6.056
103168,6.41,313.52740209,-27.92519765,-11.68,-17.16,3.41,8.524,6.597
102978,4.12,312.95540084,-26.91912642,-7.97,-2.54,5.19,6.253,4.3
103389,5.7,314.1969592,-26.29621951,95.07,-65.06,47.61,6.298,5.757
104234,4.49,316.78202266,-25.00574796,-27.19,-43.37,6.24,6.616,4.703
102772,5.86,312.32335608,-25.78119469,12.83,-18.62,3.58,5.766,5.847
102485,4.13,311.52402547,-25.27051682,-51.38,-156.66,68.16,4.656,4.194
103071,6.32,313.25459112,-23.78305045,84.08,-62.7,13.33,7.563,6.522
106654,5.73,324.04543329,-26.17145712,107.81,-24.3,18.57,6.008,5.762
106363,6.43,323.13841001,-24.59043287,68.94,6.21,14.42,6.684,6.459
106590,6.39,323.8162797,-23.45427827,78.05,-14.26,8.47,7.804,6.51
107128,5.24,325.50266207,-23.26262557,91.12,-95.5,13.18,6.495,5.348
109375,6.36,332.37057515,-23.65911659,34.06,3.25,6.34,7.511,6.465
109509,6.1,332.75960052,-21.23268636,123.93,-42.66,17.64,6.69,6.161
109786,5.33,333.57507383,-21.07470081,22.98,55.36,11.59,7.451,7.038
108494,6.06,329.68240204,-21.18292943,27.77,-6.28,1.15,8.188,6.277
107901,6.19,327.92358006,-18.62275248,144.14,-77.24,15.54,6.609,6.226
109332,5.8,332.24579432,-18.51957349,0.17,-7.47,0.48,5.584,5.774
108784,6.28,330.54909407,-17.90332874,117.62,-59.86,11.79,7.569,6.398
108797,6.39,330.6093551,-16.96483342,5.94,-1.09,6.92,6.861,6.401
105662,6.38,321.03308102,-22.74707085,-21.59,-12.35,6.85,7.665,6.495
105576,5.63,320.75196452,-22.66904892,36.82,0.39,4.89,7.747,5.811
105881,3.77,321.66678212,-22.41137838,-2.61,18.88,8.19,5.026,3.859
106039,4.5,322.18048346,-21.80716659,133.97,-5.47,18.18,5.64,4.606
105928,5.78,321.81181113,-21.19612774,-24.64,-33.95,7.05,7.668,5.941
105665,5.38,321.03999238,-20.85156019,-7.69,-126.94,14.31,6.888,5.497
106559,5.7,323.71278777,-20.08438179,-28.98,44.4,36.86,6.181,5.748
107238,6.23,325.80617707,-19.62093103,83.15,-12.44,9.06,6.542,6.252
106723,4.51,324.27009487,-19.46601352,13.48,0.81,4.92,4.279,4.483
104963,5.17,318.90787714,-20.65169052,15.39,-2.24,4.72,6.66,5.287
104365,5.3,317.1400538,-21.19352539,18.67,-59.22,17.06,,
104452,6.25,317.38718774,-20.5563314,118.49,-135.59,18.57,6.706,6.297
104019,4.82,316.10135259,-19.85493122,-39.01,-24.45,20.64,5.064,4.873
105143,5.4,319.48865236,-17.98513635,15.57,-0.68,5.63,5.242,5.378
104914,6.05,318.77758077,-17.34509006,-0.04,-19.86,8.85,7.29,6.158
105515,4.28,320.56157261,-16.83455521,30.83,5.26,15.13,5.424,4.392
107188,4.72,325.66423845,-18.86630105,145.9,-9.05,11.22,5.849,4.83
107797,6.38,327.55404075,-16.84489999,18.41,-5.6,4.41,8.238,6.531
106985,3.69,325.02225935,-16.66225343,187.39,-22.33,23.48,4.082,3.718
107556,2.85,326.75952199,-16.12656595,263.26,-296.23,84.58,,
107302,5.96,326.00407815,-14.7493955,-22.48,10.31,19.08,6.222,5.983
108036,5.08,328.32326591,-13.55180134,313.03,13.67,36.15,5.528,5.126
107232,5.88,325.76833446,-14.39975885,-3.75,20.35,7.97,6.189,5.913
107095,5.16,325.38722004,-14.0468604,-122.06,-308.64,30.73,5.983,5.236
107750,6.31,327.42093121,-12.72291549,-8.69,20.81,6.44,6.571,6.337
107517,5.57,326.63366745,-11.36593201,30.36,-9.25,11.1,5.566,5.57
99825,5.73,303.8190747,-27.03253576,1241.35,-181.46,113.33,,
101384,6.35,308.21813716,-24.94372528,5.27,-42.89,9.31,6.351,6.351
98575,6.01,300.3493383,-22.73727899,9.86,-11.6,10.42,7.262,6.121
98785,6.44,300.93472579,-22.59565192,-38.45,23.36,17.38,7.04,6.493
100062,5.86,304.50573017,-21.80990013,35.39,-24.74,9.55,7.129,5.967
101997,6.36,310.04765218,-23.77498736,500.83,460.76,68.28,7.265,6.437
102487,5.91,311.54155712,-21.51399111,23.45,-17.01,12.09,5.993,5.92
101090,6.13,307.38056519,-22.39149166,8.23,-30.91,6.14,8.178,6.318
102780,6.2,312.33559192,-18.03577344,0.2,-33.47,2.9,8.048,6.37
100195,5.28,304.84833016,-19.1185068,7.96,-10.9,4.68,7.102,5.434
101123,5.94,307.47454931,-18.58298474,25.56,-79.45,13.65,6.006,5.914
100881,5.08,306.83001454,-18.21169433,10.32,-10.87,4.9,5.042,5.1
101027,4.77,307.21509857,-17.81366828,-15.79,-7.66,33.04,5.232,4.838
101984,5.15,310.01232708,-18.1386063,-22.73,-21.63,4.32,7.283,5.344
101608,6.19,308.88419228,-16.52581187,84.05,-27.61,13.9,6.437,6.208
102026,5.79,310.13566467,-16.12435941,-68.21,73.94,9.9,7.064,5.904
101923,5.24,309.81798449,-14.95471233,2.58,-19.66,1.86,5.082,5.231
97944,6.22,298.57426614,-23.9400745,-122.67,-409.86,70.34,7.556,6.331
97290,4.87,296.59091351,-19.76089482,-128.89,-89.81,15.92,6.244,4.999
96440,6.13,294.1085904,-18.85289016,21.35,-12.87,13.6,6.458,6.157
96496,5.66,294.26389422,-18.23101861,10.54,-13.78,7.37,7.259,5.789
97783,5.88,298.0500211,-19.04486185,-2.46,-53.25,10.46,7.132,6.006
101011,6.41,307.18160334,-15.74149651,8.09,-1.15,5.28,7.664,6.512
101221,6.1,307.7680461,-15.05605156,-39.47,-47.97,10.25,7.098,6.202
100345,3.05,305.25269347,-14.78140119,48.42,14.0,9.48,4.041,3.169
100325,6.09,305.19384449,-14.78489327,42.64,0.37,10.4,6.065,6.084
98258,5.01,299.48758471,-15.49126255,17.83,-93.66,11.18,5.087,5.017
97849,6.47,298.27660773,-14.60308038,-0.77,-50.4,8.58,6.668,6.505
98633,5.69,300.49407171,-13.63724241,38.87,10.41,10.54,5.785,5.705
99918,6.3,304.09500616,-12.33707716,6.75,-17.13,6.19,6.301,6.301
99572,5.84,303.10731366,-12.61702214,193.25,-195.6,35.65,6.396,5.894
100310,4.77,305.16586145,-12.75904403,15.71,-14.63,11.98,4.705,4.75
100064,3.58,304.5134103,-12.54485877,61.78,2.85,30.01,4.785,3.684
100027,4.3,304.41190045,-12.50821403,22.24,0.75,4.75,5.588,4.36
99529,6.34,302.9912627,-12.39235779,-6.85,-18.6,6.75,7.91,6.485
103616,6.26,314.90055233,-19.03523289,8.84,-20.76,7.58,6.116,6.244
103703,6.07,315.21576821,-17.53085532,-31.09,-17.44,5.98,7.705,6.199
104297,6.18,316.93615261,-17.45578844,29.87,-46.62,7.54,6.138,6.172
104139,4.08,316.48658082,-17.23271095,79.64,-61.64,20.61,4.094,4.075
103226,5.78,313.69938483,-17.92285285,-58.88,-17.03,8.25,7.214,5.902
103460,5.89,314.41922341,-16.03154355,51.27,1.73,17.58,6.098,5.897
104974,5.31,318.93678169,-15.17151251,24.79,5.06,5.19,7.418,5.515
104634,6.47,317.92214429,-14.47237788,38.52,0.1,7.43,6.829,6.496
103545,5.95,314.67447074,-14.48308081,-54.64,-19.31,11.83,6.242,5.982
102891,5.87,312.67375681,-12.54472977,127.05,-72.39,13.06,7.24,5.992
103077,6.38,313.27321911,-11.57376168,40.45,42.26,22.17,7.192,6.457
105079,6.41,319.30642811,-13.27897414,-9.41,-6.13,5.35,6.451,6.413
105668,5.48,321.04766053,-12.8781302,91.67,8.96,20.8,5.816,5.516
106938,6.07,324.8670564,-10.57676913,27.36,-52.3,10.22,7.408,6.185
105761,5.71,321.30423875,-9.74814011,16.65,-169.45,11.82,5.965,5.74
104459,4.5,317.39830336,-11.37165474,92.31,-15.76,19.93,5.715,4.618
105019,6.45,319.07408271,-9.21466422,-7.32,3.53,1.78,8.567,6.667
104557,6.27,317.69529389,-9.35393125,116.83,-58.64,9.41,7.774,6.398
105574,5.99,320.73446434,-9.31927297,-27.44,-23.4,4.53,7.982,6.16
101507,6.11,308.54856618,-13.72126202,69.24,70.39,30.45,6.769,6.182
103401,5.49,314.22512443,-9.69751669,-3.51,-11.53,5.42,7.427,5.658
103045,4.73,313.16335749,-8.98323782,47.06,-32.91,21.01,5.115,4.755
102618,3.78,311.91888574,-9.49568988,31.89,-35.32,14.21,3.787,3.771
101345,5.66,308.097973,-9.85364143,307.59,106.07,41.26,6.527,5.74
100524,6.29,305.75322975,-9.65467053,27.04,-16.28,7.49,7.424,6.393
103154,6.44,313.49321699,-6.88940714,26.15,-22.32,14.18,6.858,6.477
103981,5.53,316.01963509,-5.82304908,20.9,-7.01,6.03,6.344,5.597
105412,5.87,320.26802428,-4.56015214,-12.89,11.04,9.69,7.021,5.964
105164,5.83,319.54610828,-4.51951158,11.82,13.69,3.33,5.659,5.802
103682,6.21,315.1408842,-4.72992404,47.64,-138.75,37.8,6.984,6.278
102945,5.99,312.85705076,-5.6266358,95.77,1.25,16.97,6.601,6.114
103005,5.55,313.03622144,-5.50704421,1.26,-6.2,4.33,5.442,5.537
102624,4.43,311.93432462,-5.02760303,-3.3,-40.24,7.33,6.563,4.65
101911,6.46,309.77443055,-4.92950491,-1.68,4.5,13.93,7.758,6.572
103889,6.5,315.74842658,-0.92474717,7.26,1.1,2.24,6.365,6.476
